Start date;End date;Biomass [MWh] Calculated resolutions;Hydropower [MWh] Calculated resolutions;Wind offshore [MWh] Calculated resolutions;Wind onshore [MWh] Calculated resolutions;Photovoltaics [MWh] Calculated resolutions;Other renewable [MWh] Calculated resolutions;Nuclear [MWh] Calculated resolutions;Lignite [MWh] Calculated resolutions;Hard coal [MWh] Calculated resolutions;Fossil gas [MWh] Calculated resolutions;Hydro pumped storage [MWh] Calculated resolutions;Other conventional [MWh] Calculated resolutions
Apr 1, 2024 12:00 AM;Apr 1, 2024 1:00 AM;4,161.25;1,793.50;2,421.00;7,959.75;4.75;110.00;-;3,663.00;1,591.00;3,187.50;502.75;2,012.25
Apr 1, 2024 1:00 AM;Apr 1, 2024 2:00 AM;4,119.00;1,751.75;2,768.00;7,097.25;6.25;110.25;-;3,702.00;1,572.50;3,114.00;180.25;1,994.25
Apr 1, 2024 2:00 AM;Apr 1, 2024 3:00 AM;4,094.00;1,653.00;2,696.50;7,324.50;4.00;110.00;-;3,620.25;1,563.50;3,134.00;149.25;2,010.00
Apr 1, 2024 3:00 AM;Apr 1, 2024 4:00 AM;4,076.25;1,649.00;2,590.50;6,765.50;4.00;109.75;-;3,684.25;1,558.50;3,143.00;136.50;2,009.00
Apr 1, 2024 4:00 AM;Apr 1, 2024 5:00 AM;4,110.75;1,664.75;2,487.25;6,871.25;4.00;111.00;-;4,005.75;1,573.25;3,145.75;98.00;1,984.00
Apr 1, 2024 5:00 AM;Apr 1, 2024 6:00 AM;4,191.50;1,693.75;2,125.75;6,669.75;3.75;111.25;-;4,136.50;1,561.25;3,281.50;43.00;1,972.00
Apr 1, 2024 6:00 AM;Apr 1, 2024 7:00 AM;4,317.75;1,713.50;1,700.75;6,737.25;19.00;112.00;-;4,060.25;1,567.50;3,535.00;459.00;1,976.75
Apr 1, 2024 7:00 AM;Apr 1, 2024 8:00 AM;4,442.75;1,773.00;1,127.25;6,956.50;656.25;112.00;-;4,084.75;1,573.00;3,702.50;701.50;1,979.00
Apr 1, 2024 8:00 AM;Apr 1, 2024 9:00 AM;4,485.75;1,728.25;748.50;7,512.75;2,644.00;110.75;-;3,788.75;1,613.50;3,619.75;500.75;2,004.75
Apr 1, 2024 9:00 AM;Apr 1, 2024 10:00 AM;4,455.00;1,858.50;575.50;7,511.75;5,350.75;109.50;-;3,833.00;1,729.25;3,532.50;1,213.75;1,990.75
Apr 1, 2024 10:00 AM;Apr 1, 2024 11:00 AM;4,342.50;1,970.75;648.00;7,124.00;7,380.25;110.50;-;3,705.50;1,763.50;3,393.00;1,676.25;1,957.75
Apr 1, 2024 11:00 AM;Apr 1, 2024 12:00 PM;4,250.00;1,987.25;838.75;7,686.00;9,355.00;112.00;-;4,005.00;1,775.00;3,440.00;1,571.00;1,992.75
Apr 1, 2024 12:00 PM;Apr 1, 2024 1:00 PM;4,159.75;1,893.75;626.25;9,360.50;11,184.00;112.25;-;3,896.50;1,774.25;3,224.25;778.50;2,012.25
Apr 1, 2024 1:00 PM;Apr 1, 2024 2:00 PM;4,106.00;1,824.50;680.25;12,093.00;11,631.75;113.00;-;3,705.75;1,755.50;3,431.50;803.50;2,001.00
Apr 1, 2024 2:00 PM;Apr 1, 2024 3:00 PM;4,027.75;1,707.50;789.00;15,659.00;11,830.00;113.00;-;3,125.50;1,596.25;3,007.50;76.00;1,957.25
Apr 1, 2024 3:00 PM;Apr 1, 2024 4:00 PM;4,040.75;1,724.50;850.50;19,863.50;10,479.50;112.75;-;3,082.75;1,511.00;2,980.00;80.75;1,979.25
Apr 1, 2024 4:00 PM;Apr 1, 2024 5:00 PM;4,152.00;1,755.75;1,624.75;22,191.50;8,752.75;112.00;-;3,118.25;1,531.75;3,071.50;27.25;1,958.50
Apr 1, 2024 5:00 PM;Apr 1, 2024 6:00 PM;4,340.25;1,823.00;1,933.25;22,996.50;6,341.00;112.00;-;3,049.00;1,567.50;3,165.25;216.75;1,955.25
Apr 1, 2024 6:00 PM;Apr 1, 2024 7:00 PM;4,619.00;1,857.00;2,140.50;22,446.75;3,107.25;112.50;-;3,747.00;1,644.25;3,267.50;2,733.75;1,927.50
Apr 1, 2024 7:00 PM;Apr 1, 2024 8:00 PM;4,661.25;1,930.25;2,555.25;22,486.75;510.50;112.50;-;3,889.00;1,680.75;3,323.25;3,178.00;1,954.25
Apr 1, 2024 8:00 PM;Apr 1, 2024 9:00 PM;4,611.50;1,840.00;2,798.50;23,604.50;8.75;112.75;-;3,669.50;1,599.75;3,534.25;2,936.00;1,978.75
Apr 1, 2024 9:00 PM;Apr 1, 2024 10:00 PM;4,480.00;1,864.75;3,450.50;25,918.75;4.00;110.75;-;3,707.00;1,585.25;3,358.75;1,290.50;1,982.75
Apr 1, 2024 10:00 PM;Apr 1, 2024 11:00 PM;4,299.75;1,888.75;3,654.25;27,343.50;4.00;109.00;-;3,481.00;1,546.00;3,259.75;691.00;1,976.50
Apr 1, 2024 11:00 PM;Apr 2, 2024 12:00 AM;4,189.25;1,878.50;3,292.50;28,769.25;4.00;110.00;-;2,767.25;1,522.00;3,165.25;646.25;1,981.75
Apr 2, 2024 12:00 AM;Apr 2, 2024 1:00 AM;4,068.00;1,828.50;3,191.00;29,332.50;4.50;110.25;-;2,714.75;1,537.75;3,009.75;10.75;1,958.75
Apr 2, 2024 1:00 AM;Apr 2, 2024 2:00 AM;4,029.75;1,851.50;3,758.00;29,424.50;5.00;110.00;-;2,707.00;1,515.25;3,058.25;4.00;1,996.50
Apr 2, 2024 2:00 AM;Apr 2, 2024 3:00 AM;4,014.00;1,813.75;4,585.75;29,232.50;5.00;110.25;-;2,822.50;1,492.75;3,080.00;2.75;1,998.25
Apr 2, 2024 3:00 AM;Apr 2, 2024 4:00 AM;4,007.25;1,842.25;4,565.50;29,768.50;5.00;111.00;-;2,877.25;1,496.25;3,250.25;1.75;1,987.75
Apr 2, 2024 4:00 AM;Apr 2, 2024 5:00 AM;4,071.50;1,934.75;4,408.00;30,584.50;4.50;110.25;-;2,876.50;1,505.50;3,313.25;4.50;1,982.25
Apr 2, 2024 5:00 AM;Apr 2, 2024 6:00 AM;4,159.50;1,886.25;4,084.50;31,419.75;4.00;109.75;-;2,635.75;1,569.25;3,540.50;168.25;1,920.00
Apr 2, 2024 6:00 AM;Apr 2, 2024 7:00 AM;4,395.25;1,884.25;3,322.75;32,504.25;24.50;107.75;-;2,880.00;1,792.25;3,988.50;2,190.75;1,734.00
Apr 2, 2024 7:00 AM;Apr 2, 2024 8:00 AM;4,617.25;1,923.50;2,506.75;32,755.75;1,252.50;105.75;-;3,781.00;2,024.75;4,592.25;5,165.75;1,846.25
Apr 2, 2024 8:00 AM;Apr 2, 2024 9:00 AM;4,614.25;1,877.25;2,010.00;33,682.75;5,844.75;104.00;-;3,639.25;2,060.00;4,592.75;3,726.25;1,993.75
Apr 2, 2024 9:00 AM;Apr 2, 2024 10:00 AM;4,432.00;1,866.25;2,751.25;36,004.25;11,766.50;105.25;-;2,809.50;2,078.00;4,252.25;937.25;1,983.25
Apr 2, 2024 10:00 AM;Apr 2, 2024 11:00 AM;4,220.00;1,862.50;3,541.00;37,923.50;16,495.50;106.75;-;2,781.75;1,992.00;4,111.75;376.25;1,987.50
Apr 2, 2024 11:00 AM;Apr 2, 2024 12:00 PM;4,104.25;1,817.75;3,892.75;38,012.25;19,642.50;107.75;-;2,799.75;1,860.00;3,970.25;171.00;1,979.25
Apr 2, 2024 12:00 PM;Apr 2, 2024 1:00 PM;4,048.25;1,876.00;3,991.75;37,167.25;21,948.50;109.00;-;2,737.25;1,871.25;3,777.25;75.50;1,936.25
Apr 2, 2024 1:00 PM;Apr 2, 2024 2:00 PM;4,019.75;1,873.00;3,910.00;37,068.75;22,655.00;106.50;-;2,840.00;1,912.25;3,553.75;189.25;1,985.00
Apr 2, 2024 2:00 PM;Apr 2, 2024 3:00 PM;4,020.50;1,852.00;4,007.50;34,782.50;23,238.50;106.00;-;2,746.25;2,059.50;3,432.00;32.50;1,988.25
Apr 2, 2024 3:00 PM;Apr 2, 2024 4:00 PM;4,095.25;1,853.00;3,895.50;33,667.25;21,653.75;107.25;-;2,819.50;2,329.50;3,431.75;36.75;1,994.75
Apr 2, 2024 4:00 PM;Apr 2, 2024 5:00 PM;4,234.75;1,815.50;3,791.25;33,335.50;17,573.00;105.75;-;2,929.75;2,237.50;3,490.50;115.75;1,973.50
Apr 2, 2024 5:00 PM;Apr 2, 2024 6:00 PM;4,417.25;1,817.75;3,301.50;32,099.75;11,762.00;107.50;-;3,243.25;2,265.50;3,812.75;348.00;1,993.00
Apr 2, 2024 6:00 PM;Apr 2, 2024 7:00 PM;4,658.25;1,895.25;2,401.00;28,423.50;4,972.75;109.50;-;4,143.75;2,414.00;4,677.25;1,830.50;2,016.25
Apr 2, 2024 7:00 PM;Apr 2, 2024 8:00 PM;4,823.25;1,927.25;1,511.00;24,611.50;671.50;110.75;-;4,735.00;2,652.00;5,393.50;5,440.00;2,086.25
Apr 2, 2024 8:00 PM;Apr 2, 2024 9:00 PM;4,799.75;1,969.25;1,274.25;23,188.50;13.00;111.75;-;4,760.75;2,674.00;5,487.75;4,714.00;2,160.50
Apr 2, 2024 9:00 PM;Apr 2, 2024 10:00 PM;4,665.75;1,943.50;1,236.75;22,415.50;7.75;112.00;-;4,758.25;2,452.50;5,334.75;3,245.25;2,007.00
Apr 2, 2024 10:00 PM;Apr 2, 2024 11:00 PM;4,524.25;1,906.25;1,100.25;21,445.50;4.50;113.25;-;4,738.50;2,390.75;5,210.25;1,390.75;2,002.00
Apr 2, 2024 11:00 PM;Apr 3, 2024 12:00 AM;4,356.25;1,875.25;1,031.25;21,071.25;4.00;112.75;-;4,921.75;2,430.25;5,255.50;420.25;1,999.25
Apr 3, 2024 12:00 AM;Apr 3, 2024 1:00 AM;4,140.75;1,818.00;955.25;19,861.25;4.00;112.75;-;5,243.75;2,261.00;5,642.50;82.25;2,004.00
Apr 3, 2024 1:00 AM;Apr 3, 2024 2:00 AM;4,105.50;1,829.50;962.25;18,812.25;4.00;112.25;-;5,534.25;2,250.50;5,638.00;69.75;2,020.50
Apr 3, 2024 2:00 AM;Apr 3, 2024 3:00 AM;4,090.00;1,759.75;962.50;17,451.50;4.00;114.25;-;5,939.50;2,210.25;5,605.25;60.75;1,958.25
Apr 3, 2024 3:00 AM;Apr 3, 2024 4:00 AM;4,092.50;1,798.25;1,092.00;15,507.00;4.00;116.00;-;6,106.50;1,911.25;5,452.75;73.75;1,946.25
Apr 3, 2024 4:00 AM;Apr 3, 2024 5:00 AM;4,137.25;1,802.25;1,324.00;14,152.75;4.25;116.50;-;6,808.25;1,911.25;6,082.75;3.75;1,939.75
Apr 3, 2024 5:00 AM;Apr 3, 2024 6:00 AM;4,234.00;1,923.75;1,403.25;12,777.00;4.50;115.00;-;7,305.50;2,139.00;7,149.75;77.50;1,965.50
Apr 3, 2024 6:00 AM;Apr 3, 2024 7:00 AM;4,500.25;1,869.00;1,624.00;11,673.25;39.50;114.00;-;7,972.00;2,829.50;9,235.00;1,813.00;1,967.50
Apr 3, 2024 7:00 AM;Apr 3, 2024 8:00 AM;4,707.75;1,855.00;2,151.25;10,275.50;1,458.50;113.75;-;8,610.25;3,116.25;10,203.00;4,546.75;1,929.75
Apr 3, 2024 8:00 AM;Apr 3, 2024 9:00 AM;4,718.50;1,805.50;2,660.50;8,988.50;5,078.00;110.25;-;8,520.25;3,114.50;10,448.50;3,222.50;1,880.50
Apr 3, 2024 9:00 AM;Apr 3, 2024 10:00 AM;4,640.75;1,850.25;3,265.75;8,520.75;9,200.25;111.25;-;7,853.25;2,806.00;10,321.50;2,543.25;1,878.00
Apr 3, 2024 10:00 AM;Apr 3, 2024 11:00 AM;4,473.75;1,789.00;3,479.50;8,276.75;12,756.50;110.25;-;8,611.50;2,545.50;10,117.25;1,392.00;1,888.50
Apr 3, 2024 11:00 AM;Apr 3, 2024 12:00 PM;4,332.25;1,767.50;3,485.25;8,239.25;15,478.75;110.75;-;8,238.50;2,510.00;9,501.25;436.25;1,894.25
Apr 3, 2024 12:00 PM;Apr 3, 2024 1:00 PM;4,201.00;1,753.00;3,299.50;9,051.50;16,316.25;105.50;-;8,094.50;2,345.00;9,109.25;348.00;1,854.75
Apr 3, 2024 1:00 PM;Apr 3, 2024 2:00 PM;4,197.50;1,724.75;2,927.00;9,509.00;16,073.00;106.25;-;7,903.75;2,310.00;8,981.75;281.00;1,870.75
Apr 3, 2024 2:00 PM;Apr 3, 2024 3:00 PM;4,185.00;1,724.25;2,832.75;10,193.75;14,501.00;106.50;-;8,125.00;2,353.50;9,137.75;193.00;1,865.25
Apr 3, 2024 3:00 PM;Apr 3, 2024 4:00 PM;4,246.25;1,727.50;2,577.00;10,765.00;11,647.75;95.50;-;8,169.75;2,387.25;9,077.25;184.25;1,871.50
Apr 3, 2024 4:00 PM;Apr 3, 2024 5:00 PM;4,423.75;1,734.25;2,420.50;11,185.50;8,526.25;101.00;-;8,407.75;2,489.25;9,526.00;801.25;1,885.00
Apr 3, 2024 5:00 PM;Apr 3, 2024 6:00 PM;4,639.00;1,748.75;2,731.25;11,570.75;5,125.25;106.50;-;8,560.50;2,423.25;10,136.25;2,083.00;1,936.00
Apr 3, 2024 6:00 PM;Apr 3, 2024 7:00 PM;4,810.50;1,778.75;3,107.25;11,886.25;2,133.50;107.00;-;8,568.25;2,413.50;10,459.75;3,131.00;1,961.25
Apr 3, 2024 7:00 PM;Apr 3, 2024 8:00 PM;4,845.75;1,865.75;3,801.50;13,138.75;393.75;107.50;-;8,650.00;2,746.75;10,528.00;5,230.25;1,949.75
Apr 3, 2024 8:00 PM;Apr 3, 2024 9:00 PM;4,758.25;1,829.75;4,450.75;15,489.00;8.00;107.00;-;8,413.75;2,284.75;9,705.00;3,802.75;1,931.25
Apr 3, 2024 9:00 PM;Apr 3, 2024 10:00 PM;4,588.25;1,829.75;5,285.50;17,976.50;6.25;106.50;-;7,563.50;2,041.25;7,583.50;1,533.25;1,936.25
Apr 3, 2024 10:00 PM;Apr 3, 2024 11:00 PM;4,407.50;1,813.00;5,789.25;19,706.25;4.00;106.75;-;6,328.25;1,923.75;6,202.75;660.50;1,926.25
Apr 3, 2024 11:00 PM;Apr 4, 2024 12:00 AM;4,256.50;1,778.50;6,443.25;20,451.50;4.00;106.75;-;5,283.50;1,788.50;5,231.50;341.50;1,914.50
Apr 4, 2024 12:00 AM;Apr 4, 2024 1:00 AM;4,155.50;1,795.25;6,526.75;20,740.75;4.25;105.00;-;4,570.50;1,669.25;4,767.25;227.50;1,975.50
Apr 4, 2024 1:00 AM;Apr 4, 2024 2:00 AM;4,096.25;1,846.50;6,702.00;21,462.75;4.50;105.25;-;4,634.50;1,643.00;4,800.25;61.75;1,980.75
Apr 4, 2024 2:00 AM;Apr 4, 2024 3:00 AM;4,074.75;1,806.00;6,306.25;22,190.75;4.00;105.00;-;4,490.25;1,631.00;4,706.75;38.25;1,978.75
Apr 4, 2024 3:00 AM;Apr 4, 2024 4:00 AM;4,087.00;1,758.75;6,616.25;22,983.25;4.25;103.50;-;4,460.75;1,632.25;4,670.00;30.00;1,962.75
Apr 4, 2024 4:00 AM;Apr 4, 2024 5:00 AM;4,163.25;1,785.50;6,420.25;21,942.50;4.25;102.75;-;4,513.75;1,657.50;4,750.75;80.50;1,965.75
Apr 4, 2024 5:00 AM;Apr 4, 2024 6:00 AM;4,270.75;1,773.75;6,187.25;21,345.75;4.50;105.25;-;5,612.00;1,738.50;5,162.50;176.25;1,964.00
Apr 4, 2024 6:00 AM;Apr 4, 2024 7:00 AM;4,502.50;1,780.75;5,730.75;22,474.50;39.75;105.25;-;7,212.00;1,896.00;6,434.75;1,210.00;2,034.00
Apr 4, 2024 7:00 AM;Apr 4, 2024 8:00 AM;4,656.75;1,784.25;5,995.25;22,208.00;1,815.00;103.75;-;7,347.25;2,021.75;6,446.50;2,673.25;1,993.50
Apr 4, 2024 8:00 AM;Apr 4, 2024 9:00 AM;4,699.75;1,775.25;5,070.75;21,460.50;6,583.50;103.75;-;7,034.75;2,064.75;6,514.50;3,412.00;2,013.00
Apr 4, 2024 9:00 AM;Apr 4, 2024 10:00 AM;4,569.25;1,753.25;4,132.25;21,468.25;11,938.75;102.75;-;6,300.50;2,142.75;6,231.00;1,416.50;1,996.25
Apr 4, 2024 10:00 AM;Apr 4, 2024 11:00 AM;4,374.00;1,774.25;3,133.50;22,147.00;14,672.25;102.25;-;5,739.25;2,075.50;6,017.75;670.00;1,991.50
Apr 4, 2024 11:00 AM;Apr 4, 2024 12:00 PM;4,249.50;1,801.50;2,615.25;23,690.50;15,160.25;102.75;-;5,415.25;1,902.00;5,497.25;320.00;1,993.25
Apr 4, 2024 12:00 PM;Apr 4, 2024 1:00 PM;4,136.50;1,763.25;2,651.50;25,869.75;14,168.75;101.75;-;4,871.50;1,925.75;5,156.00;29.75;2,012.00
Apr 4, 2024 1:00 PM;Apr 4, 2024 2:00 PM;4,110.75;1,790.75;3,025.50;27,443.50;13,597.00;102.50;-;4,052.75;2,033.25;5,027.50;130.00;1,990.75
Apr 4, 2024 2:00 PM;Apr 4, 2024 3:00 PM;4,108.00;1,740.25;3,103.75;29,086.75;12,742.75;104.00;-;3,937.50;2,048.25;4,846.25;84.50;1,992.00
Apr 4, 2024 3:00 PM;Apr 4, 2024 4:00 PM;4,144.50;1,707.75;2,696.50;30,852.25;12,699.00;103.25;-;3,805.75;2,037.50;4,726.50;44.00;1,980.00
Apr 4, 2024 4:00 PM;Apr 4, 2024 5:00 PM;4,249.50;1,746.00;3,611.00;31,943.00;10,922.75;103.00;-;3,702.75;2,040.25;4,750.50;28.00;1,992.50
Apr 4, 2024 5:00 PM;Apr 4, 2024 6:00 PM;4,472.25;1,774.25;4,183.00;31,402.25;8,150.00;102.00;-;4,353.25;1,963.00;5,340.75;190.75;2,005.25
Apr 4, 2024 6:00 PM;Apr 4, 2024 7:00 PM;4,677.25;1,805.75;4,450.00;29,964.25;4,155.00;102.50;-;5,340.75;2,117.50;5,722.25;1,473.50;1,991.00
Apr 4, 2024 7:00 PM;Apr 4, 2024 8:00 PM;4,792.50;1,820.25;4,711.50;27,611.00;739.50;106.00;-;6,166.50;2,005.25;6,043.50;4,452.50;1,959.00
Apr 4, 2024 8:00 PM;Apr 4, 2024 9:00 PM;4,778.00;1,839.75;5,625.75;26,559.00;12.75;109.00;-;6,220.75;2,021.00;6,384.00;4,552.00;1,959.00
Apr 4, 2024 9:00 PM;Apr 4, 2024 10:00 PM;4,620.50;1,803.00;6,177.25;26,014.00;6.00;109.75;-;5,208.00;1,978.25;5,757.50;1,739.25;1,916.75
Apr 4, 2024 10:00 PM;Apr 4, 2024 11:00 PM;4,474.50;1,801.00;6,352.50;25,216.00;4.25;110.00;-;4,536.25;1,910.75;5,106.00;413.25;1,889.75
Apr 4, 2024 11:00 PM;Apr 5, 2024 12:00 AM;4,314.25;1,759.50;5,913.25;24,834.50;6.00;110.50;-;3,982.75;1,593.50;4,598.25;34.50;1,874.50
Apr 5, 2024 12:00 AM;Apr 5, 2024 1:00 AM;4,192.00;1,798.75;4,843.75;24,495.50;6.00;111.25;-;3,425.75;1,503.50;4,272.50;280.75;1,872.50
Apr 5, 2024 1:00 AM;Apr 5, 2024 2:00 AM;4,212.75;1,778.75;3,748.75;22,888.00;7.75;112.00;-;3,603.50;1,455.75;4,304.00;592.25;1,848.50
Apr 5, 2024 2:00 AM;Apr 5, 2024 3:00 AM;4,191.25;1,755.25;2,945.75;21,555.75;6.00;112.25;-;4,364.50;1,441.50;4,535.50;237.50;1,909.00
Apr 5, 2024 3:00 AM;Apr 5, 2024 4:00 AM;4,174.50;1,752.75;2,397.50;20,508.25;6.25;112.75;-;4,667.50;1,588.25;4,421.25;185.00;1,885.50
Apr 5, 2024 4:00 AM;Apr 5, 2024 5:00 AM;4,237.25;1,762.00;2,296.25;19,653.50;6.00;110.50;-;5,140.00;1,618.75;5,127.50;142.75;1,888.00
Apr 5, 2024 5:00 AM;Apr 5, 2024 6:00 AM;4,360.25;1,825.00;2,951.75;18,982.50;6.25;109.00;-;5,594.00;1,626.00;5,940.75;614.00;1,912.50
Apr 5, 2024 6:00 AM;Apr 5, 2024 7:00 AM;4,612.50;2,009.25;3,119.75;18,898.00;55.25;108.50;-;5,751.50;1,875.50;6,375.75;3,596.50;1,921.50
Apr 5, 2024 7:00 AM;Apr 5, 2024 8:00 AM;4,746.25;2,080.25;3,477.25;17,804.50;1,785.00;110.75;-;5,728.75;1,944.25;6,415.00;5,495.00;1,874.75
Apr 5, 2024 8:00 AM;Apr 5, 2024 9:00 AM;4,750.00;1,977.25;4,042.25;16,143.50;6,631.00;108.25;-;5,637.00;2,003.75;6,531.25;4,343.75;1,888.25
Apr 5, 2024 9:00 AM;Apr 5, 2024 10:00 AM;4,619.25;1,881.00;4,943.25;14,737.75;14,011.25;106.75;-;5,184.25;1,433.25;6,131.75;2,049.25;1,885.25
Apr 5, 2024 10:00 AM;Apr 5, 2024 11:00 AM;4,436.75;1,979.50;4,951.50;15,255.50;22,149.75;105.75;-;4,665.75;1,268.50;5,164.00;1,523.25;1,885.75
Apr 5, 2024 11:00 AM;Apr 5, 2024 12:00 PM;4,273.75;2,020.75;5,274.00;17,583.00;27,592.75;105.75;-;3,646.50;1,264.50;4,283.25;804.00;1,818.75
Apr 5, 2024 12:00 PM;Apr 5, 2024 1:00 PM;4,205.50;1,931.25;5,951.25;19,645.75;29,669.25;105.75;-;3,018.75;1,435.25;3,350.00;331.75;1,845.25
Apr 5, 2024 1:00 PM;Apr 5, 2024 2:00 PM;4,110.75;1,902.75;5,999.75;23,307.75;29,055.00;104.25;-;3,021.50;1,723.75;3,277.75;92.25;1,785.25
Apr 5, 2024 2:00 PM;Apr 5, 2024 3:00 PM;4,068.75;1,890.50;5,431.00;27,937.75;23,989.25;104.25;-;2,899.50;2,193.50;3,173.75;1.50;1,736.75
Apr 5, 2024 3:00 PM;Apr 5, 2024 4:00 PM;4,067.50;1,880.25;5,081.75;32,078.25;17,287.50;103.00;-;2,919.50;2,491.75;3,261.50;82.50;1,754.00
Apr 5, 2024 4:00 PM;Apr 5, 2024 5:00 PM;4,182.25;1,814.25;4,692.25;34,093.25;10,990.50;103.00;-;2,966.50;3,057.50;3,446.50;43.25;1,767.00
Apr 5, 2024 5:00 PM;Apr 5, 2024 6:00 PM;4,376.50;1,800.25;4,572.25;34,564.25;6,856.75;104.75;-;3,509.00;3,445.25;4,120.75;284.75;1,822.50
Apr 5, 2024 6:00 PM;Apr 5, 2024 7:00 PM;4,575.75;1,838.25;3,612.75;34,021.50;3,288.50;104.75;-;3,994.75;3,836.25;4,465.50;1,633.75;1,828.25
Apr 5, 2024 7:00 PM;Apr 5, 2024 8:00 PM;4,697.00;1,904.25;3,265.00;32,662.25;623.50;106.00;-;4,223.00;4,274.75;5,019.75;3,838.00;1,806.50
Apr 5, 2024 8:00 PM;Apr 5, 2024 9:00 PM;4,686.50;1,839.50;3,120.50;31,706.75;11.00;106.50;-;4,284.00;4,408.25;5,080.75;3,401.75;1,817.00
Apr 5, 2024 9:00 PM;Apr 5, 2024 10:00 PM;4,515.75;1,759.75;3,267.75;30,247.00;6.75;106.50;-;4,172.00;4,272.50;5,079.75;2,042.25;1,851.00
Apr 5, 2024 10:00 PM;Apr 5, 2024 11:00 PM;4,442.25;1,779.50;3,438.75;26,951.75;16.75;107.50;-;4,086.75;3,996.25;4,970.75;1,831.50;1,832.50
Apr 5, 2024 11:00 PM;Apr 6, 2024 12:00 AM;4,346.00;1,790.50;3,762.75;24,108.75;9.75;108.00;-;3,906.00;3,805.00;4,889.50;802.75;1,846.25
Apr 6, 2024 12:00 AM;Apr 6, 2024 1:00 AM;4,252.00;1,870.25;4,934.25;21,662.75;6.75;108.75;-;4,028.00;3,006.25;4,419.50;754.50;1,829.75
Apr 6, 2024 1:00 AM;Apr 6, 2024 2:00 AM;4,200.75;1,819.75;5,805.75;20,448.75;6.50;109.00;-;4,155.50;2,438.75;4,543.00;383.00;1,847.00
Apr 6, 2024 2:00 AM;Apr 6, 2024 3:00 AM;4,147.00;1,813.50;6,161.75;19,345.50;6.00;110.00;-;4,035.50;1,983.75;4,320.50;283.25;1,813.25
Apr 6, 2024 3:00 AM;Apr 6, 2024 4:00 AM;4,170.75;1,895.50;5,677.50;17,369.00;6.00;109.50;-;3,951.75;1,986.50;3,898.25;356.50;1,832.75
Apr 6, 2024 4:00 AM;Apr 6, 2024 5:00 AM;4,244.50;1,925.50;5,567.00;15,884.50;7.00;109.00;-;3,963.00;2,028.75;3,418.75;504.50;1,810.75
Apr 6, 2024 5:00 AM;Apr 6, 2024 6:00 AM;4,353.25;2,033.75;4,285.25;14,462.25;6.25;109.00;-;4,370.75;1,988.00;3,407.00;1,300.75;1,837.50
Apr 6, 2024 6:00 AM;Apr 6, 2024 7:00 AM;4,526.00;2,039.25;4,269.25;13,818.50;53.25;109.50;-;4,661.00;2,014.50;3,494.25;1,669.50;1,837.50
Apr 6, 2024 7:00 AM;Apr 6, 2024 8:00 AM;4,603.50;1,856.25;4,280.75;13,231.00;2,477.50;110.00;-;4,070.25;2,028.75;3,478.50;1,504.25;1,840.00
Apr 6, 2024 8:00 AM;Apr 6, 2024 9:00 AM;4,553.00;1,809.00;3,652.00;12,445.75;10,027.75;108.75;-;3,177.75;2,054.25;3,373.25;1,015.00;1,782.00
Apr 6, 2024 9:00 AM;Apr 6, 2024 10:00 AM;4,425.25;1,843.75;3,409.50;8,978.00;20,908.50;106.00;-;2,685.50;2,037.25;3,214.25;385.75;1,797.75
Apr 6, 2024 10:00 AM;Apr 6, 2024 11:00 AM;4,269.75;1,841.75;4,371.50;6,137.25;29,955.75;103.75;-;2,763.25;2,008.50;2,937.50;264.00;1,802.25
Apr 6, 2024 11:00 AM;Apr 6, 2024 12:00 PM;4,180.75;1,752.50;3,496.50;5,743.00;35,700.00;104.25;-;2,773.25;1,993.25;2,874.50;30.75;1,819.50
Apr 6, 2024 12:00 PM;Apr 6, 2024 1:00 PM;4,055.00;1,713.25;2,122.50;6,221.75;38,234.25;103.75;-;2,752.50;1,967.50;2,807.00;101.50;1,813.75
Apr 6, 2024 1:00 PM;Apr 6, 2024 2:00 PM;4,000.25;1,568.00;1,510.25;6,083.50;37,088.50;102.00;-;2,745.25;1,684.00;2,745.75;91.75;1,742.75
Apr 6, 2024 2:00 PM;Apr 6, 2024 3:00 PM;3,981.00;1,590.50;2,256.50;7,413.00;35,697.00;98.50;-;2,733.50;1,648.75;2,795.00;62.25;1,773.75
Apr 6, 2024 3:00 PM;Apr 6, 2024 4:00 PM;4,005.75;1,635.25;2,500.50;10,214.50;31,812.50;96.00;-;2,752.25;1,675.75;2,967.25;194.25;1,859.50
Apr 6, 2024 4:00 PM;Apr 6, 2024 5:00 PM;4,106.00;1,727.75;3,247.50;14,041.25;25,365.75;95.50;-;2,746.50;1,707.50;3,026.00;222.50;1,895.25
Apr 6, 2024 5:00 PM;Apr 6, 2024 6:00 PM;4,308.75;1,848.00;5,423.75;15,167.25;15,886.25;93.50;-;2,764.00;1,798.00;3,176.50;997.75;1,924.25
Apr 6, 2024 6:00 PM;Apr 6, 2024 7:00 PM;4,614.00;1,817.00;5,830.50;16,281.50;6,316.75;94.25;-;3,273.00;1,923.75;3,430.75;4,087.75;1,898.75
Apr 6, 2024 7:00 PM;Apr 6, 2024 8:00 PM;4,696.75;1,839.25;5,716.75;18,786.25;1,020.75;96.50;-;4,238.50;2,071.75;3,576.25;5,804.00;1,855.25
Apr 6, 2024 8:00 PM;Apr 6, 2024 9:00 PM;4,661.50;1,864.00;5,613.75;20,750.00;14.25;100.50;-;4,098.75;1,977.75;3,656.00;5,899.50;1,891.75
Apr 6, 2024 9:00 PM;Apr 6, 2024 10:00 PM;4,544.25;1,868.50;5,950.75;22,301.50;3.75;102.25;-;3,516.75;1,761.00;3,545.25;4,173.50;1,909.25
Apr 6, 2024 10:00 PM;Apr 6, 2024 11:00 PM;4,405.75;1,881.50;6,078.75;22,215.25;3.50;103.00;-;3,227.00;1,711.50;3,462.00;2,665.00;1,927.25
Apr 6, 2024 11:00 PM;Apr 7, 2024 12:00 AM;4,270.25;1,767.00;6,880.00;22,375.50;3.50;104.50;-;2,873.50;1,678.50;3,094.75;1,073.50;1,935.50
Apr 7, 2024 12:00 AM;Apr 7, 2024 1:00 AM;4,193.25;1,747.75;6,971.00;22,518.75;5.00;105.00;-;2,737.25;1,652.75;3,034.00;428.25;1,916.75
Apr 7, 2024 1:00 AM;Apr 7, 2024 2:00 AM;4,123.50;1,796.50;6,578.75;22,058.75;5.50;105.00;-;2,752.00;1,631.75;3,105.75;402.00;1,909.00
Apr 7, 2024 2:00 AM;Apr 7, 2024 3:00 AM;4,084.00;1,804.00;6,627.00;22,403.00;5.50;105.25;-;2,766.75;1,610.50;3,123.00;410.25;1,907.75
Apr 7, 2024 3:00 AM;Apr 7, 2024 4:00 AM;4,071.75;1,723.50;6,569.50;23,241.75;6.00;104.00;-;2,767.25;1,593.00;3,172.25;591.75;1,924.75
Apr 7, 2024 4:00 AM;Apr 7, 2024 5:00 AM;4,103.00;1,725.00;6,535.50;24,370.00;5.00;104.50;-;2,752.25;1,587.75;3,413.75;774.50;1,946.75
Apr 7, 2024 5:00 AM;Apr 7, 2024 6:00 AM;4,133.25;1,728.00;6,298.50;25,976.25;5.50;103.75;-;2,771.00;1,575.50;3,690.00;704.50;1,955.00
Apr 7, 2024 6:00 AM;Apr 7, 2024 7:00 AM;4,245.25;1,762.00;5,992.50;26,762.25;77.00;104.25;-;2,776.25;1,571.50;3,842.00;441.75;1,933.25
Apr 7, 2024 7:00 AM;Apr 7, 2024 8:00 AM;4,313.75;1,759.50;6,284.25;24,157.25;2,417.75;104.50;-;2,781.00;1,572.25;3,667.25;771.75;1,914.75
Apr 7, 2024 8:00 AM;Apr 7, 2024 9:00 AM;4,309.75;1,788.00;6,420.50;20,071.25;8,206.50;103.50;-;2,793.00;1,579.75;3,501.50;534.50;1,917.00
Apr 7, 2024 9:00 AM;Apr 7, 2024 10:00 AM;4,289.25;1,862.50;3,970.50;16,221.00;15,337.50;103.75;-;2,801.25;1,610.50;3,228.50;743.75;1,907.50
Apr 7, 2024 10:00 AM;Apr 7, 2024 11:00 AM;4,201.00;1,857.75;3,153.00;11,923.50;22,391.50;101.50;-;2,795.50;1,618.25;3,229.50;306.50;1,892.75
Apr 7, 2024 11:00 AM;Apr 7, 2024 12:00 PM;4,105.75;1,769.75;2,701.50;10,580.00;28,595.50;101.00;-;2,786.25;1,612.75;2,935.75;89.25;1,878.00
Apr 7, 2024 12:00 PM;Apr 7, 2024 1:00 PM;3,979.25;1,708.25;1,738.75;9,555.00;31,150.75;101.25;-;2,798.00;1,619.75;2,895.25;33.00;1,869.75
Apr 7, 2024 1:00 PM;Apr 7, 2024 2:00 PM;3,884.00;1,699.75;1,132.75;8,335.75;32,019.75;99.00;-;2,817.50;1,612.25;2,880.00;4.00;1,860.25
Apr 7, 2024 2:00 PM;Apr 7, 2024 3:00 PM;3,795.50;1,704.50;1,062.25;7,246.00;30,318.25;99.00;-;3,125.00;1,573.25;2,858.25;45.75;1,784.75
Apr 7, 2024 3:00 PM;Apr 7, 2024 4:00 PM;3,882.00;1,659.25;2,229.75;7,468.75;26,566.75;98.00;-;3,299.25;1,609.00;3,117.00;161.25;1,869.25
Apr 7, 2024 4:00 PM;Apr 7, 2024 5:00 PM;3,994.25;1,716.25;3,048.50;9,543.00;20,188.75;96.25;-;3,426.50;1,643.75;3,288.50;190.25;1,839.25
Apr 7, 2024 5:00 PM;Apr 7, 2024 6:00 PM;4,160.00;1,790.25;5,467.25;8,521.00;12,136.50;97.25;-;3,599.25;1,726.50;3,669.25;551.50;1,895.25
Apr 7, 2024 6:00 PM;Apr 7, 2024 7:00 PM;4,410.25;1,836.75;4,800.75;6,279.75;4,922.00;98.00;-;4,913.50;1,924.25;4,575.50;1,705.25;1,913.00
Apr 7, 2024 7:00 PM;Apr 7, 2024 8:00 PM;4,594.75;2,082.25;4,395.00;4,961.50;802.25;100.00;-;5,846.00;2,125.50;6,419.50;5,767.00;1,912.75
Apr 7, 2024 8:00 PM;Apr 7, 2024 9:00 PM;4,597.25;2,046.00;4,165.50;5,231.75;13.00;101.25;-;6,076.00;2,083.00;7,216.50;5,017.75;1,954.75
Apr 7, 2024 9:00 PM;Apr 7, 2024 10:00 PM;4,458.25;1,983.00;3,936.00;6,527.25;3.25;102.25;-;6,319.75;2,013.50;7,085.25;3,362.00;1,955.00
Apr 7, 2024 10:00 PM;Apr 7, 2024 11:00 PM;4,190.25;1,898.50;4,078.00;7,797.50;3.25;103.00;-;6,725.00;1,933.75;6,750.25;2,319.00;1,906.25
Apr 7, 2024 11:00 PM;Apr 8, 2024 12:00 AM;3,989.00;1,824.00;4,632.25;8,986.00;4.25;104.00;-;6,812.50;1,817.00;5,499.25;672.50;1,850.00
Apr 8, 2024 12:00 AM;Apr 8, 2024 1:00 AM;3,777.50;1,766.50;4,953.75;8,923.25;5.00;105.00;-;6,716.25;1,748.75;4,818.50;36.75;1,893.00
Apr 8, 2024 1:00 AM;Apr 8, 2024 2:00 AM;3,748.50;1,727.00;4,653.75;8,635.50;5.00;105.25;-;6,211.25;1,665.00;4,975.75;20.00;1,905.25
Apr 8, 2024 2:00 AM;Apr 8, 2024 3:00 AM;3,736.00;1,762.50;4,056.25;7,854.00;5.00;105.50;-;6,357.75;1,676.50;5,123.50;123.00;1,936.00
Apr 8, 2024 3:00 AM;Apr 8, 2024 4:00 AM;3,756.50;1,809.75;3,403.25;6,879.50;4.50;105.25;-;6,799.00;1,690.75;5,133.00;145.50;1,924.00
Apr 8, 2024 4:00 AM;Apr 8, 2024 5:00 AM;3,815.75;1,826.25;2,844.50;5,828.25;4.75;104.75;-;7,515.50;1,765.75;5,484.50;281.50;1,902.00
Apr 8, 2024 5:00 AM;Apr 8, 2024 6:00 AM;3,940.25;1,940.75;2,734.25;5,334.25;5.00;103.75;-;7,867.50;2,252.00;7,028.25;874.25;1,889.75
Apr 8, 2024 6:00 AM;Apr 8, 2024 7:00 AM;4,178.25;2,104.50;2,465.25;5,855.75;51.00;103.25;-;8,162.25;3,065.75;8,442.50;3,463.75;1,865.50
Apr 8, 2024 7:00 AM;Apr 8, 2024 8:00 AM;4,325.25;2,069.50;2,320.25;5,713.25;1,926.75;101.75;-;8,388.25;3,494.75;8,559.75;5,561.25;1,898.00
Apr 8, 2024 8:00 AM;Apr 8, 2024 9:00 AM;4,339.25;1,921.25;2,099.50;5,048.50;7,687.25;98.25;-;8,639.75;3,351.00;8,454.75;3,332.75;1,936.25
Apr 8, 2024 9:00 AM;Apr 8, 2024 10:00 AM;4,232.00;1,981.00;2,088.50;3,291.50;16,430.75;94.75;-;8,814.25;2,828.50;7,154.75;1,770.75;1,919.00
Apr 8, 2024 10:00 AM;Apr 8, 2024 11:00 AM;4,027.50;1,920.75;1,556.75;1,949.75;25,929.75;94.50;-;8,476.00;2,457.50;5,705.50;328.50;1,879.75
Apr 8, 2024 11:00 AM;Apr 8, 2024 12:00 PM;3,892.75;1,996.75;725.25;1,735.00;31,998.50;93.25;-;6,889.75;2,521.00;4,627.25;206.00;1,865.75
Apr 8, 2024 12:00 PM;Apr 8, 2024 1:00 PM;3,745.25;1,929.50;381.00;1,618.50;34,290.50;89.00;-;5,815.50;2,537.25;4,611.75;318.75;1,811.25
Apr 8, 2024 1:00 PM;Apr 8, 2024 2:00 PM;3,719.50;1,852.75;186.00;2,180.50;33,830.00;91.00;-;5,957.50;2,528.25;4,670.50;107.00;1,855.50
Apr 8, 2024 2:00 PM;Apr 8, 2024 3:00 PM;3,732.75;1,949.75;90.50;3,281.75;31,156.25;91.00;-;5,914.25;2,284.75;4,706.25;57.00;1,874.00
Apr 8, 2024 3:00 PM;Apr 8, 2024 4:00 PM;3,761.50;1,979.25;89.75;3,551.25;26,761.75;92.25;-;6,574.50;2,423.00;5,015.75;245.25;1,878.25
Apr 8, 2024 4:00 PM;Apr 8, 2024 5:00 PM;3,873.50;1,912.50;187.75;3,172.00;20,487.00;92.25;-;7,228.75;3,002.00;6,229.50;314.75;1,849.75
Apr 8, 2024 5:00 PM;Apr 8, 2024 6:00 PM;4,077.50;1,949.75;594.75;3,022.00;12,838.50;91.25;-;7,761.25;4,139.50;8,231.00;1,962.50;1,867.50
Apr 8, 2024 6:00 PM;Apr 8, 2024 7:00 PM;4,275.50;2,048.50;1,162.50;2,978.00;5,734.00;92.75;-;8,208.50;4,858.00;9,850.75;3,861.75;1,878.75
Apr 8, 2024 7:00 PM;Apr 8, 2024 8:00 PM;4,370.00;2,010.75;1,656.50;3,593.50;1,095.50;93.50;-;8,269.00;5,176.00;10,954.00;5,674.50;1,857.25
Apr 8, 2024 8:00 PM;Apr 8, 2024 9:00 PM;4,357.25;2,016.25;2,078.00;5,756.25;21.25;98.00;-;8,201.75;5,269.75;11,205.00;4,883.50;1,902.50
Apr 8, 2024 9:00 PM;Apr 8, 2024 10:00 PM;4,186.50;1,963.00;2,299.00;8,987.75;4.75;96.50;-;8,072.50;4,715.25;9,860.75;3,973.50;1,849.75
Apr 8, 2024 10:00 PM;Apr 8, 2024 11:00 PM;4,046.75;1,907.00;2,226.00;11,224.00;3.50;98.25;-;7,757.25;3,875.75;8,184.50;2,188.00;1,848.50
Apr 8, 2024 11:00 PM;Apr 9, 2024 12:00 AM;3,897.00;1,817.25;2,343.75;12,190.25;5.00;98.75;-;7,172.00;2,921.25;6,202.00;1,037.75;1,839.75
Apr 9, 2024 12:00 AM;Apr 9, 2024 1:00 AM;3,806.00;1,781.25;2,441.25;12,955.75;5.00;98.00;-;6,400.00;2,308.50;5,074.00;701.00;1,807.25
Apr 9, 2024 1:00 AM;Apr 9, 2024 2:00 AM;3,763.00;1,779.50;2,720.75;13,551.25;5.00;100.00;-;5,121.50;2,007.00;4,813.00;505.75;1,816.25
Apr 9, 2024 2:00 AM;Apr 9, 2024 3:00 AM;3,710.00;1,792.50;3,565.25;13,927.75;5.00;101.25;-;4,164.00;1,676.50;4,364.75;284.25;1,875.50
Apr 9, 2024 3:00 AM;Apr 9, 2024 4:00 AM;3,701.25;1,814.00;4,235.00;13,097.25;5.00;102.00;-;3,929.00;1,683.75;3,986.75;268.25;1,856.00
Apr 9, 2024 4:00 AM;Apr 9, 2024 5:00 AM;3,755.00;1,773.00;3,806.00;12,913.00;5.75;101.50;-;4,036.25;1,708.75;3,981.50;214.75;1,804.00
Apr 9, 2024 5:00 AM;Apr 9, 2024 6:00 AM;3,882.75;1,850.00;3,415.50;14,283.50;6.50;100.75;-;5,033.75;1,798.50;4,270.50;902.75;1,799.00
Apr 9, 2024 6:00 AM;Apr 9, 2024 7:00 AM;4,124.25;1,900.50;3,632.75;16,249.25;112.75;100.25;-;6,244.00;1,962.25;4,787.50;2,365.50;1,795.50
Apr 9, 2024 7:00 AM;Apr 9, 2024 8:00 AM;4,242.75;1,853.50;3,796.25;17,296.75;2,247.75;98.00;-;6,271.75;2,021.25;4,986.25;3,436.25;1,861.50
Apr 9, 2024 8:00 AM;Apr 9, 2024 9:00 AM;4,245.50;1,851.50;4,947.00;16,779.50;6,942.25;97.25;-;6,275.00;2,033.25;5,103.00;3,055.50;1,900.00
Apr 9, 2024 9:00 AM;Apr 9, 2024 10:00 AM;4,072.75;1,969.25;5,475.25;15,462.50;12,593.75;95.00;-;6,107.75;2,017.00;4,780.25;1,483.00;1,887.75
Apr 9, 2024 10:00 AM;Apr 9, 2024 11:00 AM;3,874.00;2,080.50;4,620.50;15,630.00;17,385.50;93.25;-;5,661.75;1,920.50;4,042.75;730.00;1,919.25
Apr 9, 2024 11:00 AM;Apr 9, 2024 12:00 PM;3,734.75;2,023.00;3,720.00;17,645.25;19,775.00;94.00;-;5,267.00;1,890.75;3,886.75;582.50;1,826.00
Apr 9, 2024 12:00 PM;Apr 9, 2024 1:00 PM;3,608.50;1,986.75;3,971.00;20,113.75;20,373.50;96.00;-;4,611.00;1,924.75;3,845.00;145.75;1,882.50
Apr 9, 2024 1:00 PM;Apr 9, 2024 2:00 PM;3,578.25;2,030.00;3,934.25;22,318.50;19,714.00;97.50;-;4,639.00;2,036.75;3,735.25;59.50;1,919.25
Apr 9, 2024 2:00 PM;Apr 9, 2024 3:00 PM;3,551.75;2,129.50;4,757.25;24,393.50;17,318.25;100.25;-;4,638.75;1,975.25;3,671.25;107.75;1,928.00
Apr 9, 2024 3:00 PM;Apr 9, 2024 4:00 PM;3,590.50;2,031.50;4,997.75;26,144.00;13,314.50;102.75;-;4,407.00;2,208.25;3,590.25;42.50;1,916.75
Apr 9, 2024 4:00 PM;Apr 9, 2024 5:00 PM;3,709.00;2,010.25;4,959.75;27,889.50;9,105.75;104.75;-;3,938.25;2,354.00;3,742.25;120.75;1,935.25
Apr 9, 2024 5:00 PM;Apr 9, 2024 6:00 PM;3,928.50;1,961.75;5,509.75;28,133.50;5,534.50;106.75;-;4,386.25;2,784.75;4,432.75;463.25;1,877.75
Apr 9, 2024 6:00 PM;Apr 9, 2024 7:00 PM;4,186.50;1,927.50;6,710.25;26,904.25;2,556.50;107.50;-;4,959.00;3,150.75;4,959.25;2,143.25;1,862.00
Apr 9, 2024 7:00 PM;Apr 9, 2024 8:00 PM;4,277.50;1,902.00;6,607.75;25,775.00;654.25;106.50;-;5,131.00;3,243.25;5,317.75;3,890.50;1,880.25
Apr 9, 2024 8:00 PM;Apr 9, 2024 9:00 PM;4,237.75;1,859.75;5,899.25;26,716.50;27.75;106.75;-;5,071.25;3,418.00;5,681.75;3,592.50;1,898.50
Apr 9, 2024 9:00 PM;Apr 9, 2024 10:00 PM;4,098.25;1,866.75;4,778.00;27,859.50;6.50;104.50;-;4,530.50;3,500.75;6,106.00;1,520.25;1,884.25
Apr 9, 2024 10:00 PM;Apr 9, 2024 11:00 PM;3,943.00;1,887.75;3,885.75;26,766.75;5.00;108.50;-;3,944.50;3,448.25;6,350.75;249.00;1,883.50
Apr 9, 2024 11:00 PM;Apr 10, 2024 12:00 AM;3,768.00;1,836.50;4,049.50;26,224.75;6.00;110.25;-;3,892.25;3,309.25;5,784.00;170.25;1,841.75
Apr 10, 2024 12:00 AM;Apr 10, 2024 1:00 AM;3,668.00;1,795.25;4,170.50;25,507.75;6.00;111.00;-;4,073.00;3,210.25;5,376.75;59.00;1,801.00
Apr 10, 2024 1:00 AM;Apr 10, 2024 2:00 AM;3,643.50;1,794.50;4,487.75;24,415.50;6.25;108.00;-;4,280.00;2,958.75;5,181.25;67.50;1,771.00
Apr 10, 2024 2:00 AM;Apr 10, 2024 3:00 AM;3,629.50;1,794.00;4,466.50;22,862.50;6.25;106.00;-;4,481.25;2,632.75;5,519.50;118.75;1,787.25
Apr 10, 2024 3:00 AM;Apr 10, 2024 4:00 AM;3,628.75;1,809.50;4,483.25;21,498.50;6.50;106.50;-;4,425.25;2,624.25;5,683.00;99.75;1,822.00
Apr 10, 2024 4:00 AM;Apr 10, 2024 5:00 AM;3,681.25;1,838.00;4,313.00;20,138.00;7.00;106.75;-;4,995.50;2,601.50;5,867.00;93.50;1,804.50
Apr 10, 2024 5:00 AM;Apr 10, 2024 6:00 AM;3,812.25;1,865.00;4,380.75;18,959.50;6.25;107.00;-;5,559.25;2,850.25;6,337.00;491.00;1,812.75
Apr 10, 2024 6:00 AM;Apr 10, 2024 7:00 AM;4,067.75;1,932.75;5,085.25;18,456.50;46.50;106.75;-;5,849.75;3,274.50;7,671.25;1,878.00;1,776.50
Apr 10, 2024 7:00 AM;Apr 10, 2024 8:00 AM;4,255.75;1,989.25;4,670.00;16,421.00;1,668.25;107.00;-;6,001.75;3,694.50;8,356.25;4,528.50;1,798.50
Apr 10, 2024 8:00 AM;Apr 10, 2024 9:00 AM;4,296.00;1,931.00;3,507.00;14,599.50;6,239.75;107.50;-;6,862.50;4,003.75;7,880.25;4,422.75;1,752.00
Apr 10, 2024 9:00 AM;Apr 10, 2024 10:00 AM;4,190.00;1,896.50;2,699.50;14,174.25;12,863.50;106.75;-;7,078.00;3,903.25;6,789.00;2,523.50;1,672.00
Apr 10, 2024 10:00 AM;Apr 10, 2024 11:00 AM;3,916.50;1,841.00;2,197.25;13,927.50;19,292.25;106.50;-;6,410.00;3,432.50;5,317.00;426.25;1,718.25
Apr 10, 2024 11:00 AM;Apr 10, 2024 12:00 PM;3,792.50;1,832.75;2,419.75;13,056.00;24,546.75;108.00;-;5,056.25;3,106.25;4,254.50;135.50;1,791.50
Apr 10, 2024 12:00 PM;Apr 10, 2024 1:00 PM;3,676.25;1,812.50;2,864.50;12,193.50;26,931.50;107.75;-;4,391.75;2,910.50;3,809.75;45.75;1,618.00
Apr 10, 2024 1:00 PM;Apr 10, 2024 2:00 PM;3,652.50;1,830.75;3,136.00;11,224.50;27,092.00;105.25;-;4,364.25;2,722.25;3,589.00;29.25;1,702.00
Apr 10, 2024 2:00 PM;Apr 10, 2024 3:00 PM;3,663.00;1,836.25;3,807.25;10,088.50;26,051.25;103.25;-;3,994.00;2,779.00;3,799.00;33.75;1,806.25
Apr 10, 2024 3:00 PM;Apr 10, 2024 4:00 PM;3,699.75;1,853.25;3,988.75;9,473.50;23,786.75;104.50;-;4,165.75;2,786.75;3,588.75;43.75;1,757.75
Apr 10, 2024 4:00 PM;Apr 10, 2024 5:00 PM;3,860.75;1,895.75;4,273.25;8,871.00;19,225.00;105.25;-;4,339.00;2,835.00;4,118.25;339.75;1,758.75
Apr 10, 2024 5:00 PM;Apr 10, 2024 6:00 PM;4,100.25;1,908.00;4,349.25;7,892.75;13,079.25;106.00;-;5,482.00;3,349.75;5,719.50;1,851.50;1,775.50
Apr 10, 2024 6:00 PM;Apr 10, 2024 7:00 PM;4,290.00;1,961.50;4,012.25;5,225.00;6,698.50;105.00;-;6,748.00;4,306.75;8,050.25;2,478.25;1,928.00
Apr 10, 2024 7:00 PM;Apr 10, 2024 8:00 PM;4,382.00;1,961.00;4,781.50;3,427.00;1,637.25;108.00;-;7,073.50;4,613.00;8,329.25;3,191.75;2,015.50
Apr 10, 2024 8:00 PM;Apr 10, 2024 9:00 PM;4,445.75;1,946.50;4,592.50;3,338.25;36.75;109.00;-;6,810.75;4,442.50;9,194.00;5,490.50;2,096.50
Apr 10, 2024 9:00 PM;Apr 10, 2024 10:00 PM;4,395.25;1,926.50;4,694.75;4,247.25;5.00;108.50;-;6,436.25;4,110.75;8,890.75;4,570.25;2,027.50
Apr 10, 2024 10:00 PM;Apr 10, 2024 11:00 PM;4,225.75;1,932.25;5,257.75;6,072.50;7.50;110.50;-;6,545.00;3,374.75;8,038.00;3,987.00;1,783.75
Apr 10, 2024 11:00 PM;Apr 11, 2024 12:00 AM;4,050.50;1,837.25;5,113.50;9,090.50;6.25;112.00;-;5,685.50;2,826.50;6,840.25;2,153.25;1,778.75
Apr 11, 2024 12:00 AM;Apr 11, 2024 1:00 AM;3,915.25;1,838.50;5,289.75;12,573.50;8.25;112.00;-;4,578.50;2,479.75;6,562.50;432.25;1,784.00
Apr 11, 2024 1:00 AM;Apr 11, 2024 2:00 AM;3,856.25;1,860.50;4,804.50;15,769.75;7.75;112.50;-;3,728.25;2,105.75;5,374.75;135.00;1,733.75
Apr 11, 2024 2:00 AM;Apr 11, 2024 3:00 AM;3,821.00;1,832.75;4,107.75;17,703.25;7.25;113.25;-;3,950.75;2,183.25;4,916.75;277.25;1,767.75
Apr 11, 2024 3:00 AM;Apr 11, 2024 4:00 AM;3,799.75;1,784.25;4,278.00;18,257.25;6.75;113.25;-;4,063.50;2,293.00;5,406.00;213.50;1,838.75
Apr 11, 2024 4:00 AM;Apr 11, 2024 5:00 AM;3,797.50;1,826.75;4,422.25;18,228.50;6.25;113.00;-;4,102.25;2,517.00;5,951.00;145.75;1,809.00
Apr 11, 2024 5:00 AM;Apr 11, 2024 6:00 AM;3,902.00;1,848.50;4,097.75;19,340.25;7.00;111.75;-;4,926.25;2,742.00;6,438.00;294.00;1,864.75
Apr 11, 2024 6:00 AM;Apr 11, 2024 7:00 AM;4,106.50;1,994.00;3,762.50;20,949.50;255.00;112.00;-;5,836.75;3,165.75;7,099.50;2,653.00;1,854.00
Apr 11, 2024 7:00 AM;Apr 11, 2024 8:00 AM;4,199.50;1,849.75;4,090.00;20,457.25;3,946.75;110.75;-;6,216.00;3,377.75;6,845.00;3,464.00;1,857.75
Apr 11, 2024 8:00 AM;Apr 11, 2024 9:00 AM;4,198.75;1,878.00;4,235.75;18,278.50;11,734.50;109.25;-;5,745.00;3,629.75;6,114.75;2,434.00;1,862.50
Apr 11, 2024 9:00 AM;Apr 11, 2024 10:00 AM;4,046.25;1,893.75;4,149.25;16,349.50;20,101.50;108.75;-;4,585.75;3,481.75;5,759.50;965.25;1,848.25
Apr 11, 2024 10:00 AM;Apr 11, 2024 11:00 AM;3,903.25;1,798.00;4,574.50;17,301.00;25,789.00;106.75;-;4,108.00;3,012.50;4,691.75;82.75;1,816.00
Apr 11, 2024 11:00 AM;Apr 11, 2024 12:00 PM;3,808.25;1,783.50;4,459.00;17,815.50;28,475.25;105.25;-;3,981.25;3,070.50;4,321.00;66.00;1,761.25
Apr 11, 2024 12:00 PM;Apr 11, 2024 1:00 PM;3,723.00;1,826.50;3,984.00;17,206.50;29,349.50;105.25;-;3,680.00;2,945.00;4,311.50;198.75;1,771.50
Apr 11, 2024 1:00 PM;Apr 11, 2024 2:00 PM;3,721.25;1,840.00;4,146.75;15,571.25;29,231.50;107.25;-;3,641.75;2,952.50;4,574.50;95.50;1,795.25
Apr 11, 2024 2:00 PM;Apr 11, 2024 3:00 PM;3,743.50;1,870.50;4,710.75;14,260.25;28,133.75;105.50;-;3,577.00;3,208.50;3,646.00;73.25;1,762.75
Apr 11, 2024 3:00 PM;Apr 11, 2024 4:00 PM;3,815.50;1,875.00;3,839.25;12,722.50;24,995.00;103.75;-;3,988.75;3,048.25;3,582.25;73.75;1,758.50
Apr 11, 2024 4:00 PM;Apr 11, 2024 5:00 PM;4,025.50;1,907.50;4,291.75;10,697.00;20,026.00;104.00;-;4,561.25;2,448.50;3,931.25;315.00;1,776.25
Apr 11, 2024 5:00 PM;Apr 11, 2024 6:00 PM;4,263.25;1,861.25;4,489.50;9,437.50;13,078.25;102.50;-;6,081.00;2,483.25;6,177.75;1,720.50;1,802.75
Apr 11, 2024 6:00 PM;Apr 11, 2024 7:00 PM;4,462.50;1,921.25;3,466.50;8,527.75;6,100.75;105.00;-;6,508.50;2,622.00;9,258.50;2,744.00;1,838.25
Apr 11, 2024 7:00 PM;Apr 11, 2024 8:00 PM;4,538.00;1,871.25;3,043.25;7,186.50;1,278.00;109.25;-;6,676.75;2,590.00;10,184.50;4,748.50;1,861.00
Apr 11, 2024 8:00 PM;Apr 11, 2024 9:00 PM;4,515.50;1,955.00;3,081.25;6,013.25;24.75;110.00;-;6,677.50;2,441.50;10,331.75;5,835.75;1,837.50
Apr 11, 2024 9:00 PM;Apr 11, 2024 10:00 PM;4,431.00;1,899.25;3,296.25;5,998.25;8.75;110.50;-;6,690.25;2,367.75;9,886.50;4,522.25;1,842.50
Apr 11, 2024 10:00 PM;Apr 11, 2024 11:00 PM;4,255.00;1,842.75;3,371.75;6,252.25;5.00;108.50;-;6,630.75;2,231.50;8,564.75;2,498.00;1,666.25
Apr 11, 2024 11:00 PM;Apr 12, 2024 12:00 AM;4,079.00;1,852.50;4,052.50;6,077.25;6.25;109.25;-;6,593.00;2,109.75;7,585.75;1,667.00;1,722.25
Apr 12, 2024 12:00 AM;Apr 12, 2024 1:00 AM;3,918.00;1,836.25;4,901.75;5,764.00;6.00;110.00;-;5,892.75;1,980.50;5,337.25;312.50;1,830.75
Apr 12, 2024 1:00 AM;Apr 12, 2024 2:00 AM;3,870.00;1,825.75;5,401.50;5,716.50;6.75;110.25;-;5,482.75;1,953.50;4,962.25;152.50;1,849.75
Apr 12, 2024 2:00 AM;Apr 12, 2024 3:00 AM;3,796.50;1,803.75;5,543.00;5,943.75;6.50;111.25;-;5,004.75;1,717.00;4,915.00;94.50;1,849.75
Apr 12, 2024 3:00 AM;Apr 12, 2024 4:00 AM;3,786.50;1,848.00;5,437.25;6,241.00;6.00;112.00;-;5,123.25;1,719.25;4,856.50;97.75;1,851.50
Apr 12, 2024 4:00 AM;Apr 12, 2024 5:00 AM;3,886.25;1,881.25;5,499.75;6,205.75;6.25;112.00;-;5,291.25;1,715.50;5,022.25;258.50;1,879.50
Apr 12, 2024 5:00 AM;Apr 12, 2024 6:00 AM;4,031.50;1,972.00;5,665.50;7,063.50;6.25;112.00;-;6,205.75;1,755.50;5,909.00;951.75;1,873.50
Apr 12, 2024 6:00 AM;Apr 12, 2024 7:00 AM;4,281.75;2,053.50;6,124.75;8,024.75;184.50;109.25;-;6,497.75;1,871.25;6,953.75;2,935.75;1,835.00
Apr 12, 2024 7:00 AM;Apr 12, 2024 8:00 AM;4,415.25;2,063.75;5,943.25;9,204.00;2,927.00;109.25;-;6,564.75;1,947.75;7,105.00;4,566.75;1,844.00
Apr 12, 2024 8:00 AM;Apr 12, 2024 9:00 AM;4,399.50;1,911.00;5,706.25;10,297.50;9,360.50;110.00;-;6,156.50;1,816.75;6,856.25;1,958.75;1,869.25
Apr 12, 2024 9:00 AM;Apr 12, 2024 10:00 AM;4,208.50;1,912.50;5,724.00;11,657.50;17,365.50;108.50;-;4,559.50;1,772.75;5,363.75;782.75;1,813.00
Apr 12, 2024 10:00 AM;Apr 12, 2024 11:00 AM;3,974.00;1,925.00;5,698.25;13,464.75;24,589.75;107.00;-;3,475.25;1,744.50;3,754.00;286.25;1,820.50
Apr 12, 2024 11:00 AM;Apr 12, 2024 12:00 PM;3,848.00;1,800.25;6,144.50;15,263.50;29,444.75;108.75;-;3,468.75;1,704.25;3,168.25;1.75;1,812.50
Apr 12, 2024 12:00 PM;Apr 12, 2024 1:00 PM;3,743.25;1,800.50;5,527.00;16,161.25;31,836.75;107.75;-;3,818.00;1,707.75;3,098.75;11.25;1,804.50
Apr 12, 2024 1:00 PM;Apr 12, 2024 2:00 PM;3,698.00;1,823.00;5,665.75;16,904.75;32,513.75;107.50;-;3,720.50;1,680.25;3,065.75;13.00;1,796.25
Apr 12, 2024 2:00 PM;Apr 12, 2024 3:00 PM;3,698.00;1,865.25;5,396.75;17,440.75;31,680.75;107.75;-;3,416.25;1,657.75;3,044.25;64.75;1,787.25
Apr 12, 2024 3:00 PM;Apr 12, 2024 4:00 PM;3,739.00;1,876.25;5,087.25;17,638.00;28,186.25;106.50;-;3,324.00;1,388.25;3,061.75;72.00;1,792.75
Apr 12, 2024 4:00 PM;Apr 12, 2024 5:00 PM;3,826.25;1,910.00;4,761.75;17,161.25;22,850.25;102.50;-;3,412.50;1,305.25;3,235.75;110.00;1,819.00
Apr 12, 2024 5:00 PM;Apr 12, 2024 6:00 PM;4,110.75;1,851.50;3,815.25;15,664.00;15,086.25;102.75;-;4,239.75;1,375.50;3,864.75;770.75;1,835.25
Apr 12, 2024 6:00 PM;Apr 12, 2024 7:00 PM;4,362.75;1,922.50;3,465.50;12,678.00;6,881.50;102.25;-;5,625.00;1,484.00;4,733.75;2,252.75;1,886.50
Apr 12, 2024 7:00 PM;Apr 12, 2024 8:00 PM;4,495.75;1,928.75;3,219.25;11,350.00;1,535.25;104.50;-;6,195.75;1,652.50;6,041.25;5,331.75;2,097.25
Apr 12, 2024 8:00 PM;Apr 12, 2024 9:00 PM;4,449.75;2,036.75;2,866.50;12,121.00;27.00;108.25;-;5,758.50;1,621.25;6,386.50;5,614.25;2,117.00
Apr 12, 2024 9:00 PM;Apr 12, 2024 10:00 PM;4,340.25;1,780.75;3,086.25;12,850.00;7.25;110.00;-;5,174.75;1,454.75;6,094.75;4,606.50;1,942.25
Apr 12, 2024 10:00 PM;Apr 12, 2024 11:00 PM;4,197.00;1,712.00;3,298.25;13,187.25;4.75;113.25;-;5,216.75;1,363.25;5,799.00;3,345.50;1,929.75
Apr 12, 2024 11:00 PM;Apr 13, 2024 12:00 AM;4,058.50;1,723.50;3,388.00;14,042.00;8.00;114.75;-;4,576.25;1,306.25;4,886.75;1,204.25;1,893.25
Apr 13, 2024 12:00 AM;Apr 13, 2024 1:00 AM;3,932.50;1,720.25;4,199.75;14,620.50;7.25;114.00;-;3,463.00;1,226.75;3,753.25;1,162.50;1,884.50
Apr 13, 2024 1:00 AM;Apr 13, 2024 2:00 AM;3,844.25;1,759.00;4,657.50;15,386.00;6.00;114.00;-;3,326.25;1,230.75;3,242.00;203.75;1,840.75
Apr 13, 2024 2:00 AM;Apr 13, 2024 3:00 AM;3,773.50;1,732.50;4,067.75;16,003.50;6.75;115.00;-;3,517.00;1,272.50;3,226.50;239.25;1,817.50
Apr 13, 2024 3:00 AM;Apr 13, 2024 4:00 AM;3,777.75;1,724.00;4,184.25;16,265.00;6.00;115.50;-;3,632.75;1,232.75;3,255.75;98.00;1,868.75
Apr 13, 2024 4:00 AM;Apr 13, 2024 5:00 AM;3,822.75;1,721.00;4,735.75;16,277.50;6.00;116.25;-;3,627.25;1,172.50;3,255.00;156.25;1,870.00
Apr 13, 2024 5:00 AM;Apr 13, 2024 6:00 AM;3,911.25;1,743.25;5,010.50;16,350.75;5.75;116.00;-;3,569.25;1,142.75;3,242.75;338.00;1,890.25
Apr 13, 2024 6:00 AM;Apr 13, 2024 7:00 AM;4,082.50;1,754.50;4,637.00;17,102.00;299.50;115.75;-;3,378.75;1,155.75;3,254.75;1,531.25;1,950.75
Apr 13, 2024 7:00 AM;Apr 13, 2024 8:00 AM;4,178.25;1,746.75;4,324.00;15,638.25;4,359.25;116.00;-;3,141.00;1,186.75;3,075.75;1,853.25;1,889.00
Apr 13, 2024 8:00 AM;Apr 13, 2024 9:00 AM;4,135.00;1,736.50;3,549.50;12,963.00;13,061.25;114.75;-;2,898.00;1,178.50;2,846.00;854.75;1,879.25
Apr 13, 2024 9:00 AM;Apr 13, 2024 10:00 AM;4,009.75;1,780.75;3,009.25;11,817.75;22,965.00;111.50;-;2,579.75;1,176.25;2,750.00;467.25;1,825.25
Apr 13, 2024 10:00 AM;Apr 13, 2024 11:00 AM;3,905.75;1,843.75;2,371.50;11,713.00;31,141.00;108.25;-;2,584.25;1,169.75;2,725.00;304.50;1,800.50
Apr 13, 2024 11:00 AM;Apr 13, 2024 12:00 PM;3,804.50;1,719.00;1,559.25;11,940.50;35,280.25;107.25;-;2,558.00;1,166.25;2,656.25;1.25;1,820.75
Apr 13, 2024 12:00 PM;Apr 13, 2024 1:00 PM;3,709.75;1,629.00;1,354.75;11,606.25;36,840.25;104.50;-;2,536.50;1,168.75;2,657.50;13.25;1,828.50
Apr 13, 2024 1:00 PM;Apr 13, 2024 2:00 PM;3,664.50;1,614.00;1,357.00;10,135.25;36,335.25;102.25;-;2,602.50;1,146.75;2,689.00;2.00;1,870.00
Apr 13, 2024 2:00 PM;Apr 13, 2024 3:00 PM;3,640.50;1,547.00;1,542.25;9,575.00;33,642.00;94.00;-;2,886.50;1,140.25;2,634.25;35.50;1,832.75
Apr 13, 2024 3:00 PM;Apr 13, 2024 4:00 PM;3,658.00;1,503.50;1,799.00;11,247.00;29,294.25;92.25;-;2,916.50;1,149.00;2,627.75;13.50;1,839.75
Apr 13, 2024 4:00 PM;Apr 13, 2024 5:00 PM;3,748.50;1,563.50;2,634.00;13,783.75;23,476.50;91.75;-;2,493.75;1,172.50;2,651.25;109.25;1,783.75
Apr 13, 2024 5:00 PM;Apr 13, 2024 6:00 PM;3,934.75;1,644.25;3,683.25;13,848.50;15,693.25;92.00;-;2,656.75;1,215.00;2,915.50;781.25;1,791.75
Apr 13, 2024 6:00 PM;Apr 13, 2024 7:00 PM;4,237.00;1,714.00;4,838.75;12,928.75;7,596.50;94.50;-;2,905.25;1,271.25;3,455.75;3,612.25;1,775.00
Apr 13, 2024 7:00 PM;Apr 13, 2024 8:00 PM;4,406.00;1,834.00;4,732.75;12,355.75;1,772.00;96.75;-;3,248.75;1,277.00;3,896.25;5,442.25;1,766.25
Apr 13, 2024 8:00 PM;Apr 13, 2024 9:00 PM;4,433.00;1,856.50;4,282.25;15,793.75;32.50;101.50;-;4,218.50;1,417.75;4,193.25;5,828.50;1,847.50
Apr 13, 2024 9:00 PM;Apr 13, 2024 10:00 PM;4,289.00;1,785.25;3,905.50;22,216.50;5.75;104.75;-;3,021.50;1,496.75;3,772.25;3,840.75;1,789.00
Apr 13, 2024 10:00 PM;Apr 13, 2024 11:00 PM;4,084.50;1,783.25;3,500.75;25,486.25;4.50;106.25;-;2,868.00;1,617.50;3,623.00;3,203.75;1,743.00
Apr 13, 2024 11:00 PM;Apr 14, 2024 12:00 AM;3,910.75;1,705.50;3,533.00;28,331.25;4.50;107.00;-;2,885.25;1,584.25;3,559.00;1,329.00;1,785.75
Apr 14, 2024 12:00 AM;Apr 14, 2024 1:00 AM;3,794.25;1,684.00;3,908.25;29,417.75;6.25;107.75;-;3,025.25;1,503.00;3,467.50;991.50;1,820.00
Apr 14, 2024 1:00 AM;Apr 14, 2024 2:00 AM;3,748.50;1,684.25;3,855.50;29,651.25;6.00;104.50;-;3,240.25;1,469.75;3,483.75;706.75;1,813.00
Apr 14, 2024 2:00 AM;Apr 14, 2024 3:00 AM;3,695.50;1,677.25;3,928.50;28,299.75;5.50;104.50;-;3,246.75;1,429.75;3,469.75;295.75;1,802.75
Apr 14, 2024 3:00 AM;Apr 14, 2024 4:00 AM;3,705.25;1,642.00;3,952.25;26,795.75;5.00;105.25;-;3,201.75;1,420.00;3,472.50;776.50;1,805.50
Apr 14, 2024 4:00 AM;Apr 14, 2024 5:00 AM;3,723.50;1,712.25;3,960.25;25,501.50;5.00;106.25;-;3,214.75;1,411.25;3,471.25;119.25;1,793.75
Apr 14, 2024 5:00 AM;Apr 14, 2024 6:00 AM;3,783.50;1,723.25;4,122.25;23,986.25;6.00;107.00;-;3,251.00;1,403.25;3,312.50;490.25;1,796.50
Apr 14, 2024 6:00 AM;Apr 14, 2024 7:00 AM;3,898.75;1,766.50;4,143.50;22,907.75;269.25;108.25;-;3,212.75;1,405.25;3,128.00;1,078.00;1,792.75
Apr 14, 2024 7:00 AM;Apr 14, 2024 8:00 AM;4,004.50;1,711.50;4,409.00;20,856.75;3,836.00;108.00;-;2,995.00;1,410.50;2,931.25;1,033.00;1,822.75
Apr 14, 2024 8:00 AM;Apr 14, 2024 9:00 AM;4,008.75;1,680.00;4,269.75;19,909.00;11,337.75;109.50;-;2,656.75;1,305.75;2,930.50;903.75;1,821.25
Apr 14, 2024 9:00 AM;Apr 14, 2024 10:00 AM;3,934.75;1,735.25;4,378.00;19,671.50;20,071.25;108.25;-;2,526.00;1,110.25;2,780.50;650.50;1,733.75
Apr 14, 2024 10:00 AM;Apr 14, 2024 11:00 AM;3,832.25;1,774.00;2,796.00;17,573.00;27,113.00;105.00;-;2,531.25;1,084.25;2,630.25;661.25;1,745.75
Apr 14, 2024 11:00 AM;Apr 14, 2024 12:00 PM;3,746.50;1,654.50;2,146.75;16,203.50;32,106.75;101.00;-;2,519.50;1,072.00;2,570.00;91.25;1,753.50
Apr 14, 2024 12:00 PM;Apr 14, 2024 1:00 PM;3,687.00;1,674.75;1,963.25;13,226.75;34,336.25;100.00;-;2,509.25;1,078.50;2,532.75;100.25;1,700.50
Apr 14, 2024 1:00 PM;Apr 14, 2024 2:00 PM;3,676.00;1,607.00;1,489.00;11,069.00;34,487.00;99.00;-;2,516.50;1,065.50;2,542.75;52.50;1,533.00
Apr 14, 2024 2:00 PM;Apr 14, 2024 3:00 PM;3,659.00;1,692.25;1,342.25;10,431.75;33,028.25;99.25;-;2,512.25;1,039.50;2,527.00;88.00;1,506.75
Apr 14, 2024 3:00 PM;Apr 14, 2024 4:00 PM;3,679.75;1,576.25;1,720.50;12,093.75;29,676.00;99.00;-;2,523.25;1,034.50;2,522.75;226.00;1,503.00
Apr 14, 2024 4:00 PM;Apr 14, 2024 5:00 PM;3,776.25;1,645.75;1,769.25;17,315.50;24,029.00;102.00;-;2,689.75;1,047.75;2,578.75;672.50;1,506.50
Apr 14, 2024 5:00 PM;Apr 14, 2024 6:00 PM;3,942.25;1,750.75;2,718.00;18,581.75;15,912.25;101.50;-;3,163.50;1,091.00;2,949.00;775.75;1,504.75
Apr 14, 2024 6:00 PM;Apr 14, 2024 7:00 PM;4,189.75;1,920.00;2,762.75;17,033.50;7,252.00;102.00;-;3,855.00;1,163.75;4,125.75;696.25;1,527.75
Apr 14, 2024 7:00 PM;Apr 14, 2024 8:00 PM;4,359.25;1,951.25;3,269.25;13,046.75;1,650.75;103.25;-;5,594.50;1,222.00;5,375.75;2,996.50;1,541.75
Apr 14, 2024 8:00 PM;Apr 14, 2024 9:00 PM;4,427.50;2,036.25;2,962.00;9,533.25;34.50;104.50;-;6,256.25;1,266.25;6,496.00;4,531.75;1,537.25
Apr 14, 2024 9:00 PM;Apr 14, 2024 10:00 PM;4,381.25;1,864.25;2,449.00;7,059.00;7.25;108.00;-;6,406.50;1,238.75;6,737.25;3,599.75;1,564.25
Apr 14, 2024 10:00 PM;Apr 14, 2024 11:00 PM;4,231.75;1,784.00;2,083.25;5,334.25;4.25;110.25;-;6,328.25;1,238.25;6,611.00;2,774.00;1,573.75
Apr 14, 2024 11:00 PM;Apr 15, 2024 12:00 AM;4,088.00;1,810.00;1,858.25;4,219.00;5.00;109.75;-;5,798.75;1,262.00;6,192.25;2,191.00;1,582.25
Apr 15, 2024 12:00 AM;Apr 15, 2024 1:00 AM;3,936.25;1,824.25;2,073.25;3,343.25;5.75;111.50;-;5,885.50;1,276.25;6,588.50;611.00;1,595.00
Apr 15, 2024 1:00 AM;Apr 15, 2024 2:00 AM;3,863.00;1,784.75;1,917.75;3,167.25;5.25;111.25;-;5,660.50;1,250.25;6,199.75;126.00;1,555.25
Apr 15, 2024 2:00 AM;Apr 15, 2024 3:00 AM;3,830.00;1,820.50;1,736.00;3,651.50;5.00;111.50;-;5,526.75;1,258.25;6,004.50;126.00;1,629.00
Apr 15, 2024 3:00 AM;Apr 15, 2024 4:00 AM;3,819.50;1,736.25;1,655.75;4,919.00;5.00;112.00;-;5,363.25;1,246.00;5,947.75;88.00;1,608.25
Apr 15, 2024 4:00 AM;Apr 15, 2024 5:00 AM;3,869.25;1,821.25;1,642.50;6,331.00;5.25;112.75;-;5,266.75;1,255.25;5,713.25;183.25;1,616.50
Apr 15, 2024 5:00 AM;Apr 15, 2024 6:00 AM;3,994.00;1,899.25;1,789.00;7,062.50;6.75;112.00;-;5,684.25;1,313.75;7,543.75;761.50;1,632.25
Apr 15, 2024 6:00 AM;Apr 15, 2024 7:00 AM;4,224.50;1,833.75;2,233.50;7,976.25;196.00;111.00;-;6,628.75;1,537.75;8,924.75;4,387.75;1,644.00
Apr 15, 2024 7:00 AM;Apr 15, 2024 8:00 AM;4,398.00;1,833.00;2,387.00;7,649.25;2,341.25;110.00;-;6,651.25;1,772.00;9,181.25;4,789.75;1,639.00
Apr 15, 2024 8:00 AM;Apr 15, 2024 9:00 AM;4,385.50;1,894.00;2,371.25;6,724.50;6,990.75;106.50;-;6,620.75;1,836.50;8,846.75;4,413.50;1,629.00
Apr 15, 2024 9:00 AM;Apr 15, 2024 10:00 AM;4,252.25;1,912.50;2,615.25;7,299.00;12,681.75;106.75;-;6,330.50;1,706.25;7,636.00;3,320.00;1,636.75
Apr 15, 2024 10:00 AM;Apr 15, 2024 11:00 AM;4,006.50;1,821.75;2,852.25;10,065.75;17,582.00;105.75;-;5,706.00;1,502.50;5,189.00;1,788.50;1,597.25
Apr 15, 2024 11:00 AM;Apr 15, 2024 12:00 PM;3,817.75;1,872.00;3,030.00;13,895.25;21,317.00;109.50;-;4,286.50;1,472.00;3,493.00;719.25;1,585.25
Apr 15, 2024 12:00 PM;Apr 15, 2024 1:00 PM;3,687.00;1,870.00;3,217.50;17,802.00;23,406.25;108.75;-;3,405.75;1,491.00;3,210.25;22.00;1,590.00
Apr 15, 2024 1:00 PM;Apr 15, 2024 2:00 PM;3,658.00;1,839.50;2,898.25;20,990.00;23,801.00;110.00;-;3,363.50;1,484.25;3,159.00;19.50;1,594.50
Apr 15, 2024 2:00 PM;Apr 15, 2024 3:00 PM;3,654.50;1,846.75;3,047.25;23,931.00;22,864.25;110.50;-;3,329.25;1,565.00;3,203.50;142.25;1,614.00
Apr 15, 2024 3:00 PM;Apr 15, 2024 4:00 PM;3,677.25;1,851.75;3,262.50;24,875.00;19,963.00;110.25;-;3,286.00;1,641.00;3,448.25;493.50;1,626.25
Apr 15, 2024 4:00 PM;Apr 15, 2024 5:00 PM;3,797.50;1,877.00;2,882.50;25,690.00;14,796.25;109.75;-;3,698.00;1,663.75;3,452.00;270.75;1,623.25
Apr 15, 2024 5:00 PM;Apr 15, 2024 6:00 PM;3,955.00;2,028.00;3,496.25;25,398.00;9,428.50;108.25;-;4,963.25;1,664.50;3,882.50;1,115.25;1,632.25
Apr 15, 2024 6:00 PM;Apr 15, 2024 7:00 PM;4,242.75;1,946.75;3,878.25;24,313.50;4,342.50;107.00;-;6,135.75;1,767.00;4,256.75;2,820.25;1,638.00
Apr 15, 2024 7:00 PM;Apr 15, 2024 8:00 PM;4,371.75;2,064.75;4,094.50;25,578.75;1,029.75;108.75;-;6,263.75;1,895.75;4,770.25;4,463.00;1,626.25
Apr 15, 2024 8:00 PM;Apr 15, 2024 9:00 PM;4,267.50;1,980.75;3,913.00;27,811.00;32.25;108.25;-;5,834.00;1,960.25;5,071.00;3,600.00;1,628.00
Apr 15, 2024 9:00 PM;Apr 15, 2024 10:00 PM;4,138.50;1,941.25;3,667.00;29,606.00;6.75;108.75;-;4,620.25;1,894.25;4,959.75;2,589.50;1,627.75
Apr 15, 2024 10:00 PM;Apr 15, 2024 11:00 PM;3,935.25;1,947.25;3,631.75;30,702.75;6.25;110.00;-;4,296.25;1,761.75;4,586.25;900.00;1,604.00
Apr 15, 2024 11:00 PM;Apr 16, 2024 12:00 AM;3,805.25;1,895.50;3,436.25;32,810.25;4.50;110.00;-;3,977.00;1,688.00;4,472.00;213.25;1,596.50
Apr 16, 2024 12:00 AM;Apr 16, 2024 1:00 AM;3,700.25;1,845.25;3,215.00;33,976.00;5.00;112.25;-;3,487.25;1,757.00;3,924.00;19.50;1,559.50
Apr 16, 2024 1:00 AM;Apr 16, 2024 2:00 AM;3,703.25;1,827.00;3,338.75;33,903.25;5.00;114.25;-;3,380.00;1,734.25;3,211.25;33.75;1,584.50
Apr 16, 2024 2:00 AM;Apr 16, 2024 3:00 AM;3,667.00;1,842.25;2,963.00;32,648.00;5.25;116.00;-;3,281.25;1,610.75;3,091.00;95.25;1,601.75
Apr 16, 2024 3:00 AM;Apr 16, 2024 4:00 AM;3,657.00;1,839.25;1,838.25;31,581.50;5.00;116.25;-;3,354.25;1,406.25;3,226.50;111.50;1,619.50
Apr 16, 2024 4:00 AM;Apr 16, 2024 5:00 AM;3,706.00;1,871.75;1,002.25;30,469.75;5.00;117.00;-;3,564.50;1,401.50;3,345.25;183.25;1,626.00
Apr 16, 2024 5:00 AM;Apr 16, 2024 6:00 AM;3,838.25;1,936.50;858.00;28,897.25;5.00;116.75;-;4,886.50;1,625.75;3,918.00;500.00;1,645.00
Apr 16, 2024 6:00 AM;Apr 16, 2024 7:00 AM;4,136.50;2,004.50;990.00;28,456.25;227.00;115.00;-;5,985.50;2,001.25;4,214.50;2,221.00;1,637.75
Apr 16, 2024 7:00 AM;Apr 16, 2024 8:00 AM;4,269.50;2,034.25;1,526.75;27,569.00;2,675.25;114.00;-;6,169.25;2,122.50;4,349.50;3,682.75;1,608.25
Apr 16, 2024 8:00 AM;Apr 16, 2024 9:00 AM;4,260.50;2,082.00;1,941.50;27,540.25;7,342.50;113.75;-;5,938.00;2,245.50;4,167.75;2,132.25;1,552.00
Apr 16, 2024 9:00 AM;Apr 16, 2024 10:00 AM;4,142.00;2,064.25;2,325.00;26,150.00;12,362.50;114.00;-;5,584.75;2,315.75;4,052.00;1,692.00;1,545.50
Apr 16, 2024 10:00 AM;Apr 16, 2024 11:00 AM;3,952.50;2,045.50;2,320.00;24,275.00;16,920.00;112.50;-;5,337.75;2,328.00;3,942.25;872.25;1,614.00
Apr 16, 2024 11:00 AM;Apr 16, 2024 12:00 PM;3,829.75;2,028.00;2,723.50;23,239.25;18,973.00;109.50;-;4,925.25;2,287.00;4,029.00;574.00;1,668.25
Apr 16, 2024 12:00 PM;Apr 16, 2024 1:00 PM;3,739.50;2,103.50;3,307.25;21,968.75;19,199.50;105.25;-;5,033.25;2,283.50;3,876.75;478.75;1,600.00
Apr 16, 2024 1:00 PM;Apr 16, 2024 2:00 PM;3,728.25;1,939.25;3,791.00;21,163.75;19,818.75;105.75;-;5,091.25;2,280.75;3,928.25;49.75;1,579.75
Apr 16, 2024 2:00 PM;Apr 16, 2024 3:00 PM;3,745.00;1,903.50;4,139.50;19,702.25;20,463.25;105.00;-;4,517.25;2,291.25;3,627.00;9.50;1,543.75
Apr 16, 2024 3:00 PM;Apr 16, 2024 4:00 PM;3,807.25;1,956.25;3,996.50;18,348.50;18,642.00;105.50;-;4,060.50;2,297.75;3,743.00;52.25;1,562.50
Apr 16, 2024 4:00 PM;Apr 16, 2024 5:00 PM;4,038.25;1,965.75;3,961.00;16,048.75;15,845.50;108.00;-;5,972.50;2,517.75;4,458.75;79.50;1,570.75
Apr 16, 2024 5:00 PM;Apr 16, 2024 6:00 PM;4,242.25;1,994.25;4,258.00;14,894.50;10,984.00;109.75;-;7,223.75;2,605.75;5,734.25;348.75;1,590.75
Apr 16, 2024 6:00 PM;Apr 16, 2024 7:00 PM;4,488.75;2,086.25;4,234.50;13,400.00;5,356.75;112.25;-;8,660.00;3,072.75;8,371.25;1,151.00;1,550.25
Apr 16, 2024 7:00 PM;Apr 16, 2024 8:00 PM;4,620.25;2,067.50;4,362.75;12,164.75;1,319.25;114.00;-;9,059.50;3,085.75;9,479.25;2,738.50;1,540.75
Apr 16, 2024 8:00 PM;Apr 16, 2024 9:00 PM;4,603.50;2,088.00;3,867.75;11,947.00;43.00;113.00;-;9,385.25;2,991.75;9,580.25;2,232.75;1,452.00
Apr 16, 2024 9:00 PM;Apr 16, 2024 10:00 PM;4,492.75;2,131.75;3,187.25;11,031.00;5.25;112.25;-;9,489.75;3,230.25;9,436.50;2,217.75;1,432.00
Apr 16, 2024 10:00 PM;Apr 16, 2024 11:00 PM;4,341.25;2,086.50;2,606.75;10,155.75;3.25;112.50;-;9,450.50;3,075.50;9,106.75;1,499.00;1,627.75
Apr 16, 2024 11:00 PM;Apr 17, 2024 12:00 AM;4,182.75;2,028.75;1,996.25;9,474.25;5.00;112.25;-;9,460.00;2,959.25;8,001.00;278.00;1,710.50
Apr 17, 2024 12:00 AM;Apr 17, 2024 1:00 AM;4,009.25;2,082.75;1,648.50;9,488.50;5.00;112.25;-;9,401.50;2,888.00;7,235.00;137.50;1,743.00
Apr 17, 2024 1:00 AM;Apr 17, 2024 2:00 AM;3,978.50;2,043.50;1,466.75;8,939.75;5.00;113.50;-;9,423.50;2,768.00;6,627.50;105.75;1,696.75
Apr 17, 2024 2:00 AM;Apr 17, 2024 3:00 AM;3,946.75;1,989.75;1,444.00;8,349.75;5.00;115.00;-;9,418.25;2,486.75;6,389.25;26.50;1,699.25
Apr 17, 2024 3:00 AM;Apr 17, 2024 4:00 AM;3,944.50;2,002.75;1,613.75;7,659.00;5.00;115.00;-;9,373.00;2,450.25;6,495.00;13.25;1,678.00
Apr 17, 2024 4:00 AM;Apr 17, 2024 5:00 AM;3,992.75;2,041.75;1,609.25;6,724.75;5.50;115.00;-;9,451.50;2,580.00;6,441.50;52.50;1,695.50
Apr 17, 2024 5:00 AM;Apr 17, 2024 6:00 AM;4,091.75;2,046.25;1,656.25;6,042.25;6.75;115.00;-;9,731.25;3,596.50;8,127.25;162.00;1,695.50
Apr 17, 2024 6:00 AM;Apr 17, 2024 7:00 AM;4,413.00;2,340.00;1,640.25;5,545.25;348.50;113.00;-;10,082.00;4,859.50;11,178.00;2,673.00;1,694.25
Apr 17, 2024 7:00 AM;Apr 17, 2024 8:00 AM;4,557.75;2,221.75;1,481.00;4,270.25;3,152.75;107.75;-;10,459.50;5,150.25;11,800.00;3,867.25;1,700.75
Apr 17, 2024 8:00 AM;Apr 17, 2024 9:00 AM;4,544.75;2,218.50;1,144.50;2,952.50;8,230.25;108.25;-;10,633.75;5,381.50;11,618.50;2,804.75;1,658.50
Apr 17, 2024 9:00 AM;Apr 17, 2024 10:00 AM;4,403.50;2,254.25;928.75;2,525.50;13,846.75;108.50;-;10,387.50;5,200.00;10,569.50;1,311.50;1,635.50
Apr 17, 2024 10:00 AM;Apr 17, 2024 11:00 AM;4,179.75;2,201.75;626.25;2,481.50;18,832.00;111.25;-;9,802.25;4,547.50;8,659.25;553.00;1,642.25
Apr 17, 2024 11:00 AM;Apr 17, 2024 12:00 PM;4,057.75;2,132.25;461.50;2,750.00;23,196.00;110.25;-;9,036.25;4,205.00;6,944.75;384.75;1,677.50
Apr 17, 2024 12:00 PM;Apr 17, 2024 1:00 PM;3,932.75;2,044.00;301.50;3,362.25;25,496.25;110.00;-;8,298.25;4,164.25;5,787.00;42.50;1,690.00
Apr 17, 2024 1:00 PM;Apr 17, 2024 2:00 PM;3,917.75;2,031.25;222.25;4,221.25;25,650.50;113.00;-;7,269.25;3,901.00;5,553.50;75.50;1,718.00
Apr 17, 2024 2:00 PM;Apr 17, 2024 3:00 PM;3,923.00;2,113.50;206.25;4,620.00;24,225.25;113.75;-;6,451.00;3,678.50;5,488.50;93.75;1,736.00
Apr 17, 2024 3:00 PM;Apr 17, 2024 4:00 PM;3,965.50;2,044.25;197.25;5,012.25;21,630.75;116.50;-;6,762.75;3,910.00;5,994.25;148.00;1,751.00
Apr 17, 2024 4:00 PM;Apr 17, 2024 5:00 PM;4,091.50;2,042.00;216.25;5,350.00;17,157.50;116.25;-;8,026.00;4,091.00;6,662.25;241.75;1,884.75
Apr 17, 2024 5:00 PM;Apr 17, 2024 6:00 PM;4,258.00;2,149.75;284.25;5,069.50;11,605.00;116.00;-;9,502.50;5,037.75;9,656.00;300.50;1,911.50
Apr 17, 2024 6:00 PM;Apr 17, 2024 7:00 PM;4,520.25;2,271.75;360.00;4,414.75;5,884.75;100.25;-;10,373.25;5,925.00;12,118.25;2,135.50;1,927.25
Apr 17, 2024 7:00 PM;Apr 17, 2024 8:00 PM;4,645.25;2,318.75;496.75;3,723.50;1,665.50;102.50;-;10,445.00;6,060.75;12,473.50;4,354.75;1,927.25
Apr 17, 2024 8:00 PM;Apr 17, 2024 9:00 PM;4,623.75;2,440.75;598.00;3,584.00;62.50;114.50;-;10,390.50;5,989.25;12,525.75;5,329.50;1,944.50
Apr 17, 2024 9:00 PM;Apr 17, 2024 10:00 PM;4,548.75;2,344.50;735.50;3,430.25;3.75;115.25;-;10,431.00;5,932.25;12,358.00;4,447.00;1,929.50
Apr 17, 2024 10:00 PM;Apr 17, 2024 11:00 PM;4,356.50;2,300.75;884.75;3,322.75;3.50;112.25;-;10,527.75;5,605.75;11,795.25;2,160.50;1,924.25
Apr 17, 2024 11:00 PM;Apr 18, 2024 12:00 AM;4,174.50;2,162.00;805.50;3,143.50;5.25;113.50;-;10,614.25;4,924.25;10,851.00;586.75;1,918.00
Apr 18, 2024 12:00 AM;Apr 18, 2024 1:00 AM;4,038.50;2,162.75;807.25;3,055.50;5.50;113.50;-;10,668.75;3,929.00;10,348.75;424.75;1,752.50
Apr 18, 2024 1:00 AM;Apr 18, 2024 2:00 AM;3,983.75;2,181.75;647.50;3,046.50;5.50;114.00;-;10,596.75;3,648.50;10,343.50;136.75;1,750.25
Apr 18, 2024 2:00 AM;Apr 18, 2024 3:00 AM;3,948.25;2,086.75;558.25;3,082.75;5.00;115.00;-;10,597.75;3,411.25;9,859.50;11.50;1,729.75
Apr 18, 2024 3:00 AM;Apr 18, 2024 4:00 AM;3,962.25;2,084.75;701.25;3,120.25;5.00;115.75;-;10,699.25;3,399.25;9,723.75;13.25;1,696.25
Apr 18, 2024 4:00 AM;Apr 18, 2024 5:00 AM;4,002.50;2,106.25;655.25;3,007.00;5.00;114.00;-;10,724.25;3,880.50;10,174.50;104.25;1,715.25
Apr 18, 2024 5:00 AM;Apr 18, 2024 6:00 AM;4,161.00;2,298.00;874.25;3,010.00;8.25;113.75;-;10,864.25;5,015.50;10,632.00;574.75;1,760.50
Apr 18, 2024 6:00 AM;Apr 18, 2024 7:00 AM;4,436.25;2,350.75;1,119.50;3,132.00;367.00;112.00;-;10,856.75;6,030.00;11,516.75;2,955.00;1,773.25
Apr 18, 2024 7:00 AM;Apr 18, 2024 8:00 AM;4,527.75;2,369.25;1,306.50;2,803.25;3,420.25;114.50;-;10,861.00;5,987.25;11,967.25;4,675.75;1,736.25
Apr 18, 2024 8:00 AM;Apr 18, 2024 9:00 AM;4,537.75;2,310.75;1,301.50;2,016.25;9,052.25;113.25;-;10,905.00;6,060.25;11,579.00;3,854.75;1,764.75
Apr 18, 2024 9:00 AM;Apr 18, 2024 10:00 AM;4,430.00;2,262.75;1,055.75;1,849.75;15,576.50;109.75;-;10,921.00;5,350.00;11,050.25;2,041.25;1,749.75
Apr 18, 2024 10:00 AM;Apr 18, 2024 11:00 AM;4,168.25;2,220.75;1,343.25;2,711.00;21,361.00;108.75;-;10,270.00;4,299.25;8,178.25;387.75;1,741.00
Apr 18, 2024 11:00 AM;Apr 18, 2024 12:00 PM;4,039.25;2,163.50;1,333.75;3,538.25;25,209.75;108.00;-;9,390.75;3,927.50;6,161.00;585.00;1,762.00
Apr 18, 2024 12:00 PM;Apr 18, 2024 1:00 PM;3,949.75;2,168.25;1,581.25;4,924.25;26,725.75;110.25;-;8,845.25;3,660.25;5,971.50;601.00;1,726.25
Apr 18, 2024 1:00 PM;Apr 18, 2024 2:00 PM;3,904.00;2,112.75;1,799.75;6,509.25;27,560.00;110.00;-;7,763.50;3,279.25;5,255.25;71.75;1,723.75
Apr 18, 2024 2:00 PM;Apr 18, 2024 3:00 PM;3,913.75;2,073.75;2,319.75;7,932.50;27,861.50;109.75;-;8,064.25;3,137.75;5,156.00;5.75;1,708.75
Apr 18, 2024 3:00 PM;Apr 18, 2024 4:00 PM;3,956.00;2,063.00;2,524.75;10,064.50;25,901.50;109.75;-;7,220.00;3,121.50;5,129.25;42.00;1,680.75
Apr 18, 2024 4:00 PM;Apr 18, 2024 5:00 PM;4,062.50;2,070.75;2,776.25;12,014.75;21,575.00;110.00;-;6,674.50;3,222.25;5,128.75;42.50;1,659.50
Apr 18, 2024 5:00 PM;Apr 18, 2024 6:00 PM;4,238.00;2,084.75;2,765.00;13,672.25;15,523.75;110.75;-;7,558.25;3,507.50;5,844.25;273.75;1,687.75
Apr 18, 2024 6:00 PM;Apr 18, 2024 7:00 PM;4,455.25;2,157.75;3,091.25;13,123.75;7,678.00;110.75;-;9,946.50;3,984.00;7,773.50;1,337.50;1,670.00
Apr 18, 2024 7:00 PM;Apr 18, 2024 8:00 PM;4,620.50;2,187.50;3,374.25;11,172.25;1,902.75;112.75;-;10,589.00;4,481.00;8,736.00;4,507.00;1,696.00
Apr 18, 2024 8:00 PM;Apr 18, 2024 9:00 PM;4,618.25;2,220.75;3,414.75;10,166.50;56.25;113.00;-;10,567.75;4,492.75;8,276.00;5,097.50;1,657.75
Apr 18, 2024 9:00 PM;Apr 18, 2024 10:00 PM;4,564.50;2,240.00;3,588.00;10,242.00;8.75;113.75;-;10,574.75;3,861.00;7,756.25;3,624.50;1,655.75
Apr 18, 2024 10:00 PM;Apr 18, 2024 11:00 PM;4,403.50;2,046.25;3,869.25;10,582.25;5.50;114.25;-;9,848.50;2,976.75;7,430.75;2,189.00;1,683.25
Apr 18, 2024 11:00 PM;Apr 19, 2024 12:00 AM;4,250.25;2,033.00;4,787.00;11,494.75;7.25;117.50;-;8,124.50;2,362.75;6,134.75;1,044.75;1,690.25
Apr 19, 2024 12:00 AM;Apr 19, 2024 1:00 AM;4,102.75;2,020.50;4,924.50;13,219.50;9.50;117.25;-;6,826.75;2,249.50;5,170.75;463.00;1,731.75
Apr 19, 2024 1:00 AM;Apr 19, 2024 2:00 AM;4,015.00;1,997.25;5,370.00;15,719.50;5.25;115.50;-;5,046.25;2,245.75;4,543.75;73.75;1,667.00
Apr 19, 2024 2:00 AM;Apr 19, 2024 3:00 AM;3,953.75;1,983.50;5,743.25;18,276.00;5.25;116.50;-;4,812.50;2,236.25;4,308.50;41.75;1,661.25
Apr 19, 2024 3:00 AM;Apr 19, 2024 4:00 AM;3,935.00;1,957.75;5,645.25;21,371.00;6.00;118.50;-;4,815.75;2,252.50;4,461.00;43.00;1,662.00
Apr 19, 2024 4:00 AM;Apr 19, 2024 5:00 AM;3,968.75;1,961.25;5,053.50;24,113.25;5.75;118.25;-;4,781.75;2,417.00;4,619.25;107.00;1,657.25
Apr 19, 2024 5:00 AM;Apr 19, 2024 6:00 AM;4,042.50;1,994.25;4,780.50;26,276.00;6.50;117.75;-;4,774.75;2,752.50;5,086.25;92.00;1,676.00
Apr 19, 2024 6:00 AM;Apr 19, 2024 7:00 AM;4,294.00;2,040.00;4,898.00;28,776.50;238.50;116.25;-;4,846.50;2,920.25;5,791.75;730.00;1,701.00
Apr 19, 2024 7:00 AM;Apr 19, 2024 8:00 AM;4,486.75;2,051.75;5,045.25;28,593.75;2,064.50;114.75;-;5,316.25;2,970.75;5,950.75;3,108.50;1,733.25
Apr 19, 2024 8:00 AM;Apr 19, 2024 9:00 AM;4,541.50;1,982.25;5,619.50;28,995.00;4,961.25;114.25;-;5,268.50;2,876.25;6,026.75;4,073.50;1,763.50
Apr 19, 2024 9:00 AM;Apr 19, 2024 10:00 AM;4,414.00;2,015.25;5,721.25;30,522.00;7,648.75;113.25;-;5,112.75;2,856.75;5,703.75;1,426.00;1,780.00
Apr 19, 2024 10:00 AM;Apr 19, 2024 11:00 AM;4,204.00;1,966.00;5,614.00;31,246.00;10,232.75;114.25;-;4,952.25;2,765.50;5,061.25;559.00;1,755.00
Apr 19, 2024 11:00 AM;Apr 19, 2024 12:00 PM;4,088.25;1,977.00;5,506.75;31,028.50;12,287.75;115.25;-;4,898.75;2,531.75;4,458.75;363.00;1,730.25
Apr 19, 2024 12:00 PM;Apr 19, 2024 1:00 PM;3,997.00;1,972.75;5,424.50;30,244.25;13,231.00;114.75;-;4,894.25;2,371.00;4,195.00;130.25;1,730.50
Apr 19, 2024 1:00 PM;Apr 19, 2024 2:00 PM;3,951.75;1,909.00;5,422.00;29,116.50;12,975.75;115.75;-;4,874.00;2,267.75;4,134.25;62.25;1,765.75
Apr 19, 2024 2:00 PM;Apr 19, 2024 3:00 PM;3,933.75;1,891.50;5,143.00;28,625.25;12,626.00;115.75;-;4,494.50;2,334.75;4,191.25;22.25;1,783.50
Apr 19, 2024 3:00 PM;Apr 19, 2024 4:00 PM;3,937.25;1,883.00;4,848.00;28,503.00;11,432.00;115.50;-;4,203.50;2,520.50;4,408.50;104.25;1,781.75
Apr 19, 2024 4:00 PM;Apr 19, 2024 5:00 PM;4,036.25;1,917.00;5,114.25;28,211.00;9,936.75;115.75;-;4,034.25;2,801.25;4,741.75;116.50;1,712.75
Apr 19, 2024 5:00 PM;Apr 19, 2024 6:00 PM;4,262.00;1,922.75;4,670.75;28,263.50;7,121.00;115.00;-;4,108.75;2,946.75;5,299.25;558.75;1,746.25
Apr 19, 2024 6:00 PM;Apr 19, 2024 7:00 PM;4,486.25;1,976.50;4,851.25;28,792.25;3,885.25;115.50;-;4,347.25;2,872.00;5,431.75;1,768.50;1,741.50
Apr 19, 2024 7:00 PM;Apr 19, 2024 8:00 PM;4,606.50;1,998.25;4,875.75;28,374.00;1,151.50;115.00;-;4,460.50;2,664.25;5,108.00;3,492.00;1,722.00
Apr 19, 2024 8:00 PM;Apr 19, 2024 9:00 PM;4,595.75;2,074.00;4,904.75;28,555.75;55.25;115.00;-;4,726.50;2,450.50;5,131.50;4,673.50;1,769.25
Apr 19, 2024 9:00 PM;Apr 19, 2024 10:00 PM;4,514.50;2,032.25;5,280.50;27,661.25;10.75;114.50;-;4,646.50;2,150.00;4,993.75;3,542.25;1,777.75
Apr 19, 2024 10:00 PM;Apr 19, 2024 11:00 PM;4,376.50;2,058.75;5,221.00;26,343.00;8.50;104.25;-;4,456.00;2,186.75;4,765.25;1,345.25;1,746.75
Apr 19, 2024 11:00 PM;Apr 20, 2024 12:00 AM;4,222.50;2,077.00;4,876.00;25,410.75;7.00;99.00;-;4,093.25;2,115.50;4,371.75;683.75;1,729.50
Apr 20, 2024 12:00 AM;Apr 20, 2024 1:00 AM;4,103.75;1,998.50;4,760.00;24,273.25;3.50;109.25;-;3,981.00;1,916.00;3,820.75;426.75;1,712.25
Apr 20, 2024 1:00 AM;Apr 20, 2024 2:00 AM;4,072.50;1,916.75;4,657.75;23,665.25;4.00;113.50;-;3,994.00;1,730.75;3,766.75;155.50;1,656.00
Apr 20, 2024 2:00 AM;Apr 20, 2024 3:00 AM;4,111.50;1,915.25;4,808.00;22,848.25;4.00;114.00;-;3,994.25;1,411.50;3,754.50;137.75;1,659.75
Apr 20, 2024 3:00 AM;Apr 20, 2024 4:00 AM;4,152.50;1,930.50;4,609.25;22,153.75;4.00;114.25;-;4,011.25;1,398.50;3,803.25;160.25;1,657.00
Apr 20, 2024 4:00 AM;Apr 20, 2024 5:00 AM;4,197.50;1,938.50;4,473.25;20,585.25;4.25;113.25;-;4,029.75;1,414.00;3,929.75;138.00;1,675.00
Apr 20, 2024 5:00 AM;Apr 20, 2024 6:00 AM;4,288.50;1,968.75;4,324.00;19,130.25;8.25;111.50;-;3,994.00;1,459.00;4,056.00;166.25;1,695.50
Apr 20, 2024 6:00 AM;Apr 20, 2024 7:00 AM;4,454.00;1,989.75;3,697.75;17,709.75;291.50;109.75;-;4,039.75;1,471.25;4,104.00;336.50;1,708.75
Apr 20, 2024 7:00 AM;Apr 20, 2024 8:00 AM;4,593.25;2,001.75;2,599.50;15,462.50;2,681.00;110.00;-;4,155.00;1,419.75;4,162.00;457.50;1,712.50
Apr 20, 2024 8:00 AM;Apr 20, 2024 9:00 AM;4,594.25;2,016.25;1,951.50;13,223.25;7,312.25;110.75;-;4,451.75;1,467.75;4,168.50;749.75;1,718.75
Apr 20, 2024 9:00 AM;Apr 20, 2024 10:00 AM;4,463.75;1,996.00;1,215.50;12,017.50;12,639.50;111.00;-;4,317.50;1,400.75;4,012.00;243.25;1,709.25
Apr 20, 2024 10:00 AM;Apr 20, 2024 11:00 AM;4,323.00;2,010.25;648.75;10,840.00;18,219.75;110.00;-;4,343.75;1,393.00;3,898.25;12.75;1,719.75
Apr 20, 2024 11:00 AM;Apr 20, 2024 12:00 PM;4,245.00;2,003.25;396.00;9,408.25;22,789.25;111.25;-;4,350.00;1,393.50;3,629.25;53.75;1,702.25
Apr 20, 2024 12:00 PM;Apr 20, 2024 1:00 PM;4,183.25;2,017.25;429.25;8,397.25;25,752.50;105.50;-;4,362.00;1,387.25;3,467.00;8.25;1,692.50
Apr 20, 2024 1:00 PM;Apr 20, 2024 2:00 PM;4,127.50;2,035.25;514.50;7,822.00;26,714.25;102.50;-;4,360.00;1,408.75;3,335.25;12.25;1,675.00
Apr 20, 2024 2:00 PM;Apr 20, 2024 3:00 PM;4,105.25;2,102.00;1,039.00;7,007.25;26,579.50;114.00;-;4,355.00;1,339.00;3,314.75;22.25;1,588.50
Apr 20, 2024 3:00 PM;Apr 20, 2024 4:00 PM;4,157.50;2,133.00;2,118.00;6,728.00;23,789.50;114.00;-;4,011.75;1,321.50;3,333.25;8.00;1,575.25
Apr 20, 2024 4:00 PM;Apr 20, 2024 5:00 PM;4,240.25;2,144.50;3,447.50;7,574.50;19,026.25;104.00;-;3,984.25;1,344.00;3,624.75;131.50;1,611.50
Apr 20, 2024 5:00 PM;Apr 20, 2024 6:00 PM;4,426.75;2,120.50;5,088.75;7,161.00;12,793.00;111.00;-;4,151.25;1,345.75;4,213.50;653.50;1,678.75
Apr 20, 2024 6:00 PM;Apr 20, 2024 7:00 PM;4,726.50;2,220.25;5,421.50;6,705.75;6,630.75;114.50;-;5,436.50;1,452.50;4,883.25;2,801.50;1,756.25
Apr 20, 2024 7:00 PM;Apr 20, 2024 8:00 PM;4,853.75;2,282.25;5,796.25;6,736.00;1,824.50;113.25;-;7,801.00;1,847.75;5,441.00;4,319.00;1,764.75
Apr 20, 2024 8:00 PM;Apr 20, 2024 9:00 PM;4,842.50;2,228.00;4,972.25;6,593.75;74.50;114.25;-;8,017.00;1,856.50;5,561.00;5,048.00;1,809.50
Apr 20, 2024 9:00 PM;Apr 20, 2024 10:00 PM;4,777.25;2,252.00;4,564.00;6,397.75;10.25;115.00;-;7,765.50;1,698.25;5,426.75;4,971.00;1,753.50
Apr 20, 2024 10:00 PM;Apr 20, 2024 11:00 PM;4,666.75;2,206.00;4,020.25;5,630.25;8.75;115.50;-;7,684.00;1,542.50;5,291.50;4,598.00;1,730.00
Apr 20, 2024 11:00 PM;Apr 21, 2024 12:00 AM;4,551.50;2,063.00;3,998.75;5,676.75;5.50;116.00;-;7,570.75;1,451.00;5,148.50;2,610.25;1,735.00
Apr 21, 2024 12:00 AM;Apr 21, 2024 1:00 AM;4,401.25;2,025.25;2,947.25;5,604.75;4.75;114.00;-;6,991.25;1,499.00;4,920.75;1,267.00;1,798.75
Apr 21, 2024 1:00 AM;Apr 21, 2024 2:00 AM;4,342.00;1,974.50;3,179.25;6,056.00;5.75;114.25;-;6,248.25;1,822.25;4,727.75;1,226.75;1,743.00
Apr 21, 2024 2:00 AM;Apr 21, 2024 3:00 AM;4,259.75;1,981.75;3,549.50;6,897.75;6.00;115.00;-;5,229.00;1,850.25;4,655.00;284.75;1,729.00
Apr 21, 2024 3:00 AM;Apr 21, 2024 4:00 AM;4,231.50;1,962.75;3,934.00;7,388.50;6.00;113.75;-;5,053.25;1,901.25;4,659.75;252.75;1,740.75
Apr 21, 2024 4:00 AM;Apr 21, 2024 5:00 AM;4,254.75;1,988.50;3,642.25;7,743.50;6.00;112.75;-;4,799.25;2,088.50;4,546.00;385.00;1,710.00
Apr 21, 2024 5:00 AM;Apr 21, 2024 6:00 AM;4,328.00;2,007.75;3,522.75;8,004.75;7.00;112.50;-;4,460.75;1,972.50;4,595.25;383.50;1,701.25
Apr 21, 2024 6:00 AM;Apr 21, 2024 7:00 AM;4,450.25;2,001.25;2,689.75;8,922.75;458.00;109.75;-;4,587.75;1,831.00;4,697.75;370.75;1,713.75
Apr 21, 2024 7:00 AM;Apr 21, 2024 8:00 AM;4,497.50;2,034.50;1,783.75;8,402.50;3,694.50;107.75;-;4,404.25;1,823.25;4,397.25;414.75;1,732.25
Apr 21, 2024 8:00 AM;Apr 21, 2024 9:00 AM;4,487.25;2,034.50;1,885.25;6,901.00;9,500.00;108.75;-;4,125.50;2,017.75;4,199.75;682.25;1,780.75
Apr 21, 2024 9:00 AM;Apr 21, 2024 10:00 AM;4,412.50;2,005.75;2,283.50;7,942.25;15,546.75;105.50;-;3,987.50;2,040.00;3,892.00;126.00;1,763.50
Apr 21, 2024 10:00 AM;Apr 21, 2024 11:00 AM;4,300.00;2,056.50;1,757.00;9,917.25;20,606.50;105.00;-;3,667.50;2,046.25;3,423.25;243.50;1,723.25
Apr 21, 2024 11:00 AM;Apr 21, 2024 12:00 PM;4,250.75;2,055.75;1,701.25;12,280.00;23,673.25;107.25;-;3,603.75;1,954.25;3,333.50;397.50;1,682.75
Apr 21, 2024 12:00 PM;Apr 21, 2024 1:00 PM;4,179.00;2,105.00;1,362.25;13,690.25;24,699.50;111.50;-;3,622.00;1,949.75;3,203.25;161.00;1,679.50
Apr 21, 2024 1:00 PM;Apr 21, 2024 2:00 PM;4,146.25;2,125.00;1,036.25;13,825.50;24,841.00;113.00;-;3,756.75;1,989.75;3,339.75;189.50;1,746.00
Apr 21, 2024 2:00 PM;Apr 21, 2024 3:00 PM;4,119.50;2,119.00;1,003.00;13,681.25;23,865.00;114.00;-;3,961.75;1,999.00;3,273.75;82.25;1,759.50
Apr 21, 2024 3:00 PM;Apr 21, 2024 4:00 PM;4,137.25;2,025.50;1,397.50;13,709.25;21,416.75;114.00;-;4,304.00;1,759.75;3,237.00;95.75;1,744.00
Apr 21, 2024 4:00 PM;Apr 21, 2024 5:00 PM;4,215.25;1,984.25;1,673.00;13,944.00;17,714.75;114.25;-;4,217.25;1,700.75;3,334.25;50.25;1,738.00
Apr 21, 2024 5:00 PM;Apr 21, 2024 6:00 PM;4,360.25;1,995.50;1,926.75;13,670.50;12,336.75;113.50;-;4,770.00;1,652.75;3,747.50;271.25;1,788.50
Apr 21, 2024 6:00 PM;Apr 21, 2024 7:00 PM;4,607.00;2,076.75;2,009.75;12,618.50;6,572.75;113.00;-;6,817.75;1,763.75;4,442.25;833.50;1,802.00
Apr 21, 2024 7:00 PM;Apr 21, 2024 8:00 PM;4,709.50;2,138.00;2,555.75;10,911.75;1,990.00;113.00;-;8,150.50;2,132.00;5,354.50;1,187.25;1,816.75
Apr 21, 2024 8:00 PM;Apr 21, 2024 9:00 PM;4,676.50;2,211.50;2,658.00;10,124.50;111.75;111.00;-;8,228.50;2,077.75;5,745.75;2,491.25;1,827.75
Apr 21, 2024 9:00 PM;Apr 21, 2024 10:00 PM;4,625.50;2,176.50;2,749.75;9,791.50;9.50;113.50;-;8,458.25;2,126.75;6,177.50;1,582.50;1,841.50
Apr 21, 2024 10:00 PM;Apr 21, 2024 11:00 PM;4,494.00;2,100.00;2,517.75;9,210.75;7.75;114.50;-;8,549.75;1,972.50;6,132.50;993.25;1,747.50
Apr 21, 2024 11:00 PM;Apr 22, 2024 12:00 AM;4,328.25;2,004.50;2,668.75;8,848.50;8.75;115.00;-;8,491.00;1,871.00;6,080.50;308.00;1,785.75
Apr 22, 2024 12:00 AM;Apr 22, 2024 1:00 AM;4,153.25;1,978.50;2,725.75;8,505.00;5.75;114.25;-;8,515.25;1,887.75;5,879.00;3.75;1,802.00
Apr 22, 2024 1:00 AM;Apr 22, 2024 2:00 AM;4,062.00;1,981.75;2,652.75;7,783.75;6.00;114.00;-;8,401.00;1,989.25;5,883.75;147.00;1,783.75
Apr 22, 2024 2:00 AM;Apr 22, 2024 3:00 AM;4,026.00;1,987.50;2,229.75;7,012.00;6.00;113.50;-;8,198.75;1,999.00;6,202.75;184.00;1,752.50
Apr 22, 2024 3:00 AM;Apr 22, 2024 4:00 AM;4,056.00;2,009.50;1,914.75;6,184.25;6.00;112.25;-;8,236.25;2,032.25;6,872.00;148.50;1,753.25
Apr 22, 2024 4:00 AM;Apr 22, 2024 5:00 AM;4,118.00;1,986.25;1,735.25;5,671.50;6.00;112.50;-;8,923.50;2,083.25;7,660.75;162.75;1,737.75
Apr 22, 2024 5:00 AM;Apr 22, 2024 6:00 AM;4,229.50;2,079.00;1,697.00;5,289.75;8.00;113.00;-;9,806.25;2,327.25;9,057.75;561.00;1,751.75
Apr 22, 2024 6:00 AM;Apr 22, 2024 7:00 AM;4,509.00;2,263.25;2,063.25;4,904.25;628.50;111.50;-;10,435.00;2,225.50;11,477.75;3,456.25;1,785.25
Apr 22, 2024 7:00 AM;Apr 22, 2024 8:00 AM;4,640.50;2,142.25;2,385.50;4,076.25;4,780.00;108.00;-;10,518.75;2,184.00;11,992.25;4,851.50;1,840.75
Apr 22, 2024 8:00 AM;Apr 22, 2024 9:00 AM;4,634.75;2,094.50;2,684.75;2,577.75;12,373.50;106.75;-;10,636.25;2,194.75;11,993.00;3,638.25;1,825.25
Apr 22, 2024 9:00 AM;Apr 22, 2024 10:00 AM;4,410.50;2,079.25;2,689.25;2,638.25;20,820.75;104.50;-;10,527.50;2,089.00;10,764.25;1,548.75;1,783.00
Apr 22, 2024 10:00 AM;Apr 22, 2024 11:00 AM;4,183.50;2,049.00;3,020.25;3,588.75;26,005.25;108.50;-;9,577.75;1,803.75;8,350.50;181.75;1,781.00
Apr 22, 2024 11:00 AM;Apr 22, 2024 12:00 PM;4,115.00;2,010.00;2,433.25;4,529.00;27,358.50;109.50;-;8,907.50;1,719.50;7,243.25;205.25;1,777.00
Apr 22, 2024 12:00 PM;Apr 22, 2024 1:00 PM;4,053.75;2,037.75;1,745.25;4,904.75;27,832.50;100.75;-;8,974.00;1,669.00;7,674.75;131.25;1,704.00
Apr 22, 2024 1:00 PM;Apr 22, 2024 2:00 PM;4,028.00;1,988.50;1,338.75;4,822.25;27,579.75;112.75;-;9,111.00;1,653.50;7,245.25;58.50;1,682.75
Apr 22, 2024 2:00 PM;Apr 22, 2024 3:00 PM;4,024.75;2,121.50;1,165.75;4,659.75;26,946.75;114.25;-;8,989.50;1,806.00;7,286.50;111.75;1,644.00
Apr 22, 2024 3:00 PM;Apr 22, 2024 4:00 PM;4,057.25;2,047.75;925.75;3,850.75;24,589.00;114.75;-;9,280.25;1,940.25;7,580.50;68.00;1,652.75
Apr 22, 2024 4:00 PM;Apr 22, 2024 5:00 PM;4,183.50;2,129.75;699.75;4,091.25;19,873.00;112.75;-;9,837.50;2,346.50;9,140.00;191.25;1,678.50
Apr 22, 2024 5:00 PM;Apr 22, 2024 6:00 PM;4,392.50;2,150.50;664.50;3,401.75;14,223.25;112.25;-;10,290.00;2,844.75;11,192.25;1,063.25;1,699.75
Apr 22, 2024 6:00 PM;Apr 22, 2024 7:00 PM;4,639.25;2,259.75;621.50;3,353.00;7,801.00;110.00;-;10,570.25;3,450.75;12,365.00;3,097.25;1,752.75
Apr 22, 2024 7:00 PM;Apr 22, 2024 8:00 PM;4,745.75;2,427.25;591.25;3,089.00;2,440.75;113.00;-;10,557.75;4,089.25;13,111.00;4,900.50;1,767.25
Apr 22, 2024 8:00 PM;Apr 22, 2024 9:00 PM;4,736.00;2,465.75;530.00;3,131.50;139.25;114.00;-;10,619.50;4,318.25;13,702.00;5,292.50;1,742.25
Apr 22, 2024 9:00 PM;Apr 22, 2024 10:00 PM;4,655.00;2,440.00;338.25;3,579.00;5.50;114.50;-;10,617.75;4,510.75;13,375.50;4,858.25;1,730.75
Apr 22, 2024 10:00 PM;Apr 22, 2024 11:00 PM;4,469.50;2,306.25;191.75;3,750.00;4.25;115.75;-;10,471.25;4,471.50;12,472.25;3,500.25;1,672.25
Apr 22, 2024 11:00 PM;Apr 23, 2024 12:00 AM;4,292.75;2,175.75;123.50;3,907.00;6.00;117.00;-;10,383.00;4,257.50;12,115.50;1,350.50;1,661.50
Apr 23, 2024 12:00 AM;Apr 23, 2024 1:00 AM;4,113.25;2,071.00;97.75;3,812.00;6.00;116.50;-;10,374.50;3,735.25;12,002.50;831.50;1,728.75
Apr 23, 2024 1:00 AM;Apr 23, 2024 2:00 AM;4,052.25;2,010.25;67.00;3,695.75;5.75;116.00;-;10,056.50;3,590.00;11,960.00;277.00;1,673.75
Apr 23, 2024 2:00 AM;Apr 23, 2024 3:00 AM;4,033.50;2,066.00;116.75;3,650.50;5.50;117.25;-;9,296.00;3,756.75;11,946.25;436.75;1,649.25
Apr 23, 2024 3:00 AM;Apr 23, 2024 4:00 AM;4,031.75;2,094.25;193.50;3,579.00;6.25;117.00;-;9,271.75;3,779.00;12,088.25;260.00;1,664.50
Apr 23, 2024 4:00 AM;Apr 23, 2024 5:00 AM;4,089.50;2,169.50;281.25;3,438.00;6.00;116.00;-;9,193.50;3,821.25;12,434.50;322.25;1,677.75
Apr 23, 2024 5:00 AM;Apr 23, 2024 6:00 AM;4,216.25;2,282.25;471.25;3,452.25;10.25;116.00;-;9,355.00;4,235.25;12,909.50;1,160.00;1,675.25
Apr 23, 2024 6:00 AM;Apr 23, 2024 7:00 AM;4,539.25;2,408.50;726.00;3,538.00;757.00;111.00;-;9,511.75;4,499.50;13,495.75;4,635.00;1,687.25
Apr 23, 2024 7:00 AM;Apr 23, 2024 8:00 AM;4,641.50;2,238.25;778.00;3,291.00;5,748.75;106.00;-;9,640.25;4,552.75;13,630.00;4,895.00;1,741.75
Apr 23, 2024 8:00 AM;Apr 23, 2024 9:00 AM;4,595.75;2,211.75;1,008.00;2,069.75;14,603.25;101.25;-;9,655.50;4,554.50;13,298.25;2,534.75;1,702.75
Apr 23, 2024 9:00 AM;Apr 23, 2024 10:00 AM;4,339.50;2,078.50;1,368.50;1,672.25;23,937.25;103.75;-;9,536.00;4,084.50;12,137.25;1,076.25;1,685.75
Apr 23, 2024 10:00 AM;Apr 23, 2024 11:00 AM;4,126.25;1,971.75;2,159.00;2,693.75;30,509.00;103.00;-;8,788.75;2,949.25;8,758.75;302.50;1,676.75
Apr 23, 2024 11:00 AM;Apr 23, 2024 12:00 PM;4,028.75;1,920.75;3,326.50;3,546.00;31,395.50;109.75;-;8,011.25;2,449.25;6,566.25;164.25;1,665.00
Apr 23, 2024 12:00 PM;Apr 23, 2024 1:00 PM;4,005.75;1,955.75;4,116.00;4,309.00;29,735.00;110.50;-;8,066.00;1,987.75;6,852.25;181.00;1,634.50
Apr 23, 2024 1:00 PM;Apr 23, 2024 2:00 PM;4,008.50;1,968.25;4,836.50;4,708.00;27,079.00;110.00;-;7,693.00;1,977.50;6,546.25;333.75;1,633.50
Apr 23, 2024 2:00 PM;Apr 23, 2024 3:00 PM;3,996.00;1,880.25;4,890.00;5,201.50;24,779.00;111.50;-;8,079.25;2,001.25;6,629.75;109.00;1,643.00
Apr 23, 2024 3:00 PM;Apr 23, 2024 4:00 PM;4,003.25;1,913.25;4,002.75;5,490.25;21,700.25;110.00;-;8,673.00;2,190.25;7,305.25;318.50;1,644.25
Apr 23, 2024 4:00 PM;Apr 23, 2024 5:00 PM;4,151.25;2,017.75;4,052.50;6,131.25;16,955.50;110.50;-;8,502.25;2,311.00;8,643.25;308.75;1,661.00
Apr 23, 2024 5:00 PM;Apr 23, 2024 6:00 PM;4,352.00;2,100.50;4,142.50;7,400.25;11,321.25;112.75;-;9,089.50;2,910.00;11,161.25;643.75;1,699.25
Apr 23, 2024 6:00 PM;Apr 23, 2024 7:00 PM;4,567.75;2,104.00;4,334.50;7,883.00;5,777.75;114.00;-;9,851.25;3,006.00;12,213.50;1,296.50;1,701.00
Apr 23, 2024 7:00 PM;Apr 23, 2024 8:00 PM;4,650.00;2,320.75;3,927.50;7,672.25;1,704.50;114.25;-;10,070.50;3,061.25;12,596.75;3,330.25;1,684.00
Apr 23, 2024 8:00 PM;Apr 23, 2024 9:00 PM;4,670.50;2,277.75;4,430.00;7,457.50;97.00;114.50;-;10,122.50;3,060.50;12,372.75;3,427.50;1,693.25
Apr 23, 2024 9:00 PM;Apr 23, 2024 10:00 PM;4,577.25;2,101.75;4,540.75;7,532.25;5.50;115.00;-;10,105.25;3,024.75;12,059.75;2,096.50;1,681.75
Apr 23, 2024 10:00 PM;Apr 23, 2024 11:00 PM;4,375.25;2,165.75;4,258.25;7,438.25;4.25;116.00;-;10,144.25;2,798.25;10,997.50;699.25;1,673.00
Apr 23, 2024 11:00 PM;Apr 24, 2024 12:00 AM;4,191.25;2,197.75;3,991.00;7,704.25;6.00;116.75;-;9,927.25;2,288.75;9,832.00;216.75;1,655.25
Apr 24, 2024 12:00 AM;Apr 24, 2024 1:00 AM;4,054.00;2,069.50;4,204.00;8,184.50;6.00;117.50;-;9,660.25;2,211.50;9,346.50;91.75;1,713.00
Apr 24, 2024 1:00 AM;Apr 24, 2024 2:00 AM;4,026.50;2,206.50;4,340.25;8,365.00;6.00;116.50;-;9,513.50;1,951.75;9,063.25;0.75;1,659.00
Apr 24, 2024 2:00 AM;Apr 24, 2024 3:00 AM;4,020.00;2,210.25;4,344.25;8,887.75;6.00;115.25;-;9,475.50;1,970.50;8,975.25;8.75;1,653.00
Apr 24, 2024 3:00 AM;Apr 24, 2024 4:00 AM;4,004.00;2,211.00;4,703.00;9,057.25;6.00;114.00;-;9,522.00;1,951.00;8,853.75;48.25;1,638.25
Apr 24, 2024 4:00 AM;Apr 24, 2024 5:00 AM;4,049.25;2,140.25;4,886.50;8,864.75;6.00;113.25;-;9,383.50;1,969.00;8,886.25;87.75;1,649.50
Apr 24, 2024 5:00 AM;Apr 24, 2024 6:00 AM;4,182.50;2,169.75;4,910.75;8,655.00;10.00;112.50;-;9,612.25;2,376.25;10,315.25;295.50;1,661.50
Apr 24, 2024 6:00 AM;Apr 24, 2024 7:00 AM;4,478.50;2,202.50;4,763.00;8,772.00;544.75;111.00;-;9,732.75;3,476.25;12,601.25;1,293.50;1,737.25
Apr 24, 2024 7:00 AM;Apr 24, 2024 8:00 AM;4,630.50;2,237.75;4,249.50;8,245.50;3,660.25;109.50;-;9,768.25;3,746.75;12,936.00;3,171.50;1,757.00
Apr 24, 2024 8:00 AM;Apr 24, 2024 9:00 AM;4,647.50;2,261.00;4,506.75;7,196.25;9,161.00;109.00;-;9,708.25;3,733.50;13,033.00;2,952.50;1,838.50
Apr 24, 2024 9:00 AM;Apr 24, 2024 10:00 AM;4,435.25;2,063.25;4,091.25;7,229.00;15,121.75;111.00;-;9,469.00;3,475.75;12,228.25;754.25;1,799.50
Apr 24, 2024 10:00 AM;Apr 24, 2024 11:00 AM;4,267.75;2,139.00;3,973.75;8,118.50;19,122.25;113.50;-;9,200.50;2,686.25;10,533.75;419.50;1,696.00
Apr 24, 2024 11:00 AM;Apr 24, 2024 12:00 PM;4,175.50;2,128.75;3,874.75;8,262.50;20,723.25;114.00;-;9,249.50;2,496.75;9,585.50;303.00;1,672.00
Apr 24, 2024 12:00 PM;Apr 24, 2024 1:00 PM;4,079.25;1,999.00;3,472.50;8,676.50;22,359.00;115.75;-;9,115.00;2,404.75;9,221.75;111.75;1,654.00
Apr 24, 2024 1:00 PM;Apr 24, 2024 2:00 PM;4,065.25;1,987.25;2,963.25;9,375.00;24,086.00;114.00;-;8,252.75;2,338.00;8,683.25;80.50;1,711.50
Apr 24, 2024 2:00 PM;Apr 24, 2024 3:00 PM;4,044.00;2,023.00;2,914.00;9,819.75;23,874.25;113.75;-;7,798.25;2,311.00;8,192.50;103.25;1,730.25
Apr 24, 2024 3:00 PM;Apr 24, 2024 4:00 PM;4,072.50;1,963.00;2,972.00;10,104.00;22,129.00;113.75;-;7,850.75;2,333.75;8,616.00;113.50;1,730.00
Apr 24, 2024 4:00 PM;Apr 24, 2024 5:00 PM;4,198.75;1,977.75;2,617.50;9,937.00;18,859.50;112.75;-;7,981.75;2,355.25;9,059.25;233.00;1,806.00
Apr 24, 2024 5:00 PM;Apr 24, 2024 6:00 PM;4,416.75;2,065.50;2,605.50;8,872.25;13,614.25;110.00;-;9,360.75;3,177.00;10,474.25;1,356.75;1,783.75
Apr 24, 2024 6:00 PM;Apr 24, 2024 7:00 PM;4,624.75;2,098.25;2,479.75;8,645.75;7,388.50;106.50;-;10,280.75;3,637.75;12,243.50;2,174.75;1,853.25
Apr 24, 2024 7:00 PM;Apr 24, 2024 8:00 PM;4,776.00;2,154.75;2,449.50;7,781.25;2,363.75;109.75;-;10,460.75;3,667.75;12,838.00;3,847.50;1,850.50
Apr 24, 2024 8:00 PM;Apr 24, 2024 9:00 PM;4,757.00;2,194.75;2,322.50;7,776.50;147.00;110.00;-;10,495.50;3,661.00;12,993.25;4,067.25;1,807.75
Apr 24, 2024 9:00 PM;Apr 24, 2024 10:00 PM;4,631.75;2,103.00;2,074.50;8,221.75;6.25;111.25;-;10,514.50;3,632.75;12,714.75;2,146.50;1,812.00
Apr 24, 2024 10:00 PM;Apr 24, 2024 11:00 PM;4,468.50;2,132.75;1,774.75;8,295.50;3.00;113.00;-;10,549.25;3,532.50;12,704.50;1,525.00;1,797.75
Apr 24, 2024 11:00 PM;Apr 25, 2024 12:00 AM;4,282.25;1,966.75;1,857.50;8,701.75;4.00;114.25;-;10,474.25;3,195.50;12,202.50;253.00;1,786.00
Apr 25, 2024 12:00 AM;Apr 25, 2024 1:00 AM;4,111.50;2,009.75;1,405.25;8,421.25;3.50;115.00;-;10,439.25;2,602.50;11,121.50;132.00;1,767.75
Apr 25, 2024 1:00 AM;Apr 25, 2024 2:00 AM;4,082.00;1,913.00;1,290.25;8,037.50;3.00;115.00;-;10,285.25;2,156.25;11,033.25;171.75;1,747.00
Apr 25, 2024 2:00 AM;Apr 25, 2024 3:00 AM;4,057.50;1,947.75;1,556.75;8,019.50;3.00;115.00;-;10,304.75;2,017.75;10,779.50;177.50;1,785.75
Apr 25, 2024 3:00 AM;Apr 25, 2024 4:00 AM;4,067.75;1,976.00;1,473.75;7,751.75;3.00;115.00;-;10,253.50;1,998.75;10,839.50;145.00;1,766.25
Apr 25, 2024 4:00 AM;Apr 25, 2024 5:00 AM;4,120.00;1,937.50;1,394.25;7,630.50;3.00;115.50;-;10,282.25;2,123.50;10,984.25;174.50;1,732.50
Apr 25, 2024 5:00 AM;Apr 25, 2024 6:00 AM;4,235.00;2,040.00;1,141.50;7,390.75;10.00;110.00;-;10,411.50;2,722.50;11,566.25;287.00;1,739.75
Apr 25, 2024 6:00 AM;Apr 25, 2024 7:00 AM;4,546.50;2,232.00;800.50;6,898.25;572.50;101.25;-;10,501.75;3,606.25;12,622.25;3,017.50;1,736.25
Apr 25, 2024 7:00 AM;Apr 25, 2024 8:00 AM;4,708.75;2,237.50;632.00;6,313.25;3,428.00;100.50;-;10,437.25;3,680.25;12,800.50;4,460.75;1,769.25
Apr 25, 2024 8:00 AM;Apr 25, 2024 9:00 AM;4,725.75;2,140.75;476.50;5,543.00;8,331.75;100.25;-;10,412.00;3,663.25;12,820.75;3,158.00;1,790.25
Apr 25, 2024 9:00 AM;Apr 25, 2024 10:00 AM;4,522.00;2,045.25;502.00;5,224.75;13,822.75;104.75;-;10,211.75;3,506.50;12,255.00;1,172.75;1,784.00
Apr 25, 2024 10:00 AM;Apr 25, 2024 11:00 AM;4,280.50;1,982.25;557.00;6,039.00;19,292.75;106.25;-;9,722.75;2,524.25;9,868.25;151.75;1,769.75
Apr 25, 2024 11:00 AM;Apr 25, 2024 12:00 PM;4,171.25;1,978.00;584.00;6,886.25;24,077.25;107.75;-;9,401.00;2,239.00;8,267.75;36.50;1,752.25
Apr 25, 2024 12:00 PM;Apr 25, 2024 1:00 PM;4,111.00;2,020.50;581.75;7,819.50;25,822.25;109.25;-;8,653.75;2,239.75;7,781.50;36.50;1,777.50
Apr 25, 2024 1:00 PM;Apr 25, 2024 2:00 PM;4,073.50;1,944.75;598.00;8,524.25;26,013.75;108.00;-;8,529.25;2,259.50;7,020.00;72.75;1,779.00
Apr 25, 2024 2:00 PM;Apr 25, 2024 3:00 PM;4,070.75;2,041.00;811.50;8,232.75;26,085.00;107.75;-;8,298.50;2,328.25;6,356.50;51.50;1,773.50
Apr 25, 2024 3:00 PM;Apr 25, 2024 4:00 PM;4,118.50;2,169.75;896.25;7,562.50;24,050.50;111.50;-;8,571.00;2,308.00;6,659.75;113.75;1,766.00
Apr 25, 2024 4:00 PM;Apr 25, 2024 5:00 PM;4,259.50;2,020.00;785.00;7,364.50;20,050.75;113.75;-;8,888.50;2,338.00;8,034.50;139.75;1,747.25
Apr 25, 2024 5:00 PM;Apr 25, 2024 6:00 PM;4,433.75;2,107.00;897.00;6,426.00;14,232.50;114.50;-;10,140.00;3,031.75;10,320.50;394.25;1,801.75
Apr 25, 2024 6:00 PM;Apr 25, 2024 7:00 PM;4,698.75;2,055.50;1,078.00;5,810.25;7,612.00;113.25;-;11,017.00;3,616.00;12,161.50;1,778.75;1,803.50
Apr 25, 2024 7:00 PM;Apr 25, 2024 8:00 PM;4,832.25;2,187.50;1,002.75;4,764.25;2,344.75;113.50;-;11,159.75;3,919.75;12,690.50;3,541.50;1,785.25
Apr 25, 2024 8:00 PM;Apr 25, 2024 9:00 PM;4,810.75;2,335.75;1,352.25;4,848.50;159.50;115.00;-;11,285.75;3,966.00;12,612.00;2,991.50;1,782.00
Apr 25, 2024 9:00 PM;Apr 25, 2024 10:00 PM;4,665.50;2,102.25;1,549.75;6,521.75;12.50;115.00;-;11,328.50;3,903.00;12,410.75;2,442.25;1,757.00
Apr 25, 2024 10:00 PM;Apr 25, 2024 11:00 PM;4,452.25;1,946.00;2,098.50;8,554.50;10.00;116.50;-;11,151.50;3,401.50;11,414.00;763.25;1,752.25
Apr 25, 2024 11:00 PM;Apr 26, 2024 12:00 AM;4,302.75;1,935.50;2,104.00;10,556.25;8.00;116.75;-;10,528.75;2,251.00;10,309.25;531.50;1,752.00
Apr 26, 2024 12:00 AM;Apr 26, 2024 1:00 AM;4,148.50;1,898.75;1,682.50;12,198.00;3.75;114.50;-;9,877.25;2,075.25;8,553.50;366.75;1,790.25
Apr 26, 2024 1:00 AM;Apr 26, 2024 2:00 AM;4,106.25;1,936.25;1,579.50;13,419.75;3.75;110.00;-;9,633.50;1,982.00;7,606.00;132.25;1,805.75
Apr 26, 2024 2:00 AM;Apr 26, 2024 3:00 AM;4,094.25;1,959.00;1,489.50;13,848.75;3.50;118.00;-;9,489.50;1,958.00;7,279.25;151.50;1,784.25
Apr 26, 2024 3:00 AM;Apr 26, 2024 4:00 AM;4,104.25;2,035.75;1,275.75;13,672.75;3.75;117.75;-;9,486.50;1,965.50;7,220.50;31.50;1,747.00
Apr 26, 2024 4:00 AM;Apr 26, 2024 5:00 AM;4,212.25;2,084.50;735.50;13,120.25;4.75;115.75;-;9,782.00;2,073.25;7,732.00;303.50;1,785.00
Apr 26, 2024 5:00 AM;Apr 26, 2024 6:00 AM;4,377.25;2,034.00;375.00;12,973.50;16.00;113.75;-;10,482.25;2,944.25;8,274.50;567.25;1,804.50
Apr 26, 2024 6:00 AM;Apr 26, 2024 7:00 AM;4,612.25;2,075.25;672.75;12,999.50;965.50;111.75;-;10,592.00;3,518.00;8,613.25;1,465.25;1,783.00
Apr 26, 2024 7:00 AM;Apr 26, 2024 8:00 AM;4,726.25;2,111.25;603.75;11,227.75;5,646.25;111.00;-;10,340.75;3,629.50;8,882.50;2,683.25;1,816.75
Apr 26, 2024 8:00 AM;Apr 26, 2024 9:00 AM;4,715.50;2,030.00;465.50;7,808.00;13,514.00;108.25;-;10,213.50;3,629.75;9,140.75;2,947.50;1,756.25
Apr 26, 2024 9:00 AM;Apr 26, 2024 10:00 AM;4,521.50;1,999.75;437.50;6,443.50;21,430.75;107.00;-;8,588.25;3,448.00;8,584.00;741.00;1,666.75
Apr 26, 2024 10:00 AM;Apr 26, 2024 11:00 AM;4,306.00;1,992.75;540.00;7,061.50;26,996.25;106.25;-;7,541.75;3,850.25;8,547.00;298.25;1,682.75
Apr 26, 2024 11:00 AM;Apr 26, 2024 12:00 PM;4,211.25;2,076.25;467.50;8,639.75;28,930.00;106.50;-;6,533.75;3,886.25;7,450.00;239.50;1,649.00
Apr 26, 2024 12:00 PM;Apr 26, 2024 1:00 PM;4,168.25;2,058.00;457.25;9,113.25;28,125.25;107.25;-;6,303.75;3,834.00;7,280.75;245.25;1,688.00
Apr 26, 2024 1:00 PM;Apr 26, 2024 2:00 PM;4,149.25;1,937.00;501.75;9,010.25;27,318.50;107.75;-;6,871.00;3,841.75;7,040.25;7.00;1,695.75
Apr 26, 2024 2:00 PM;Apr 26, 2024 3:00 PM;4,140.75;2,093.50;630.00;8,992.25;26,296.50;103.00;-;6,893.50;3,916.25;6,707.75;53.25;1,677.25
Apr 26, 2024 3:00 PM;Apr 26, 2024 4:00 PM;4,165.75;2,150.75;915.75;8,516.00;23,296.25;103.25;-;6,905.50;3,447.75;5,994.00;44.00;1,710.25
Apr 26, 2024 4:00 PM;Apr 26, 2024 5:00 PM;4,290.50;2,104.25;1,236.75;7,602.75;19,176.25;104.25;-;7,560.50;3,165.00;6,351.75;186.25;1,762.00
Apr 26, 2024 5:00 PM;Apr 26, 2024 6:00 PM;4,479.00;2,045.75;933.50;5,577.75;13,565.25;107.50;-;9,482.25;2,772.50;8,332.75;944.25;1,743.00
Apr 26, 2024 6:00 PM;Apr 26, 2024 7:00 PM;4,738.00;2,089.00;348.50;3,760.50;7,204.50;107.25;-;10,532.50;3,388.50;10,823.75;2,195.75;1,819.00
Apr 26, 2024 7:00 PM;Apr 26, 2024 8:00 PM;4,846.00;2,148.00;270.25;2,730.00;2,275.25;108.00;-;10,718.50;3,752.75;11,542.75;4,510.50;1,796.00
Apr 26, 2024 8:00 PM;Apr 26, 2024 9:00 PM;4,828.50;2,143.00;269.75;2,681.25;167.00;110.00;-;10,960.75;3,656.00;11,557.00;4,198.00;1,750.50
Apr 26, 2024 9:00 PM;Apr 26, 2024 10:00 PM;4,749.50;2,129.50;137.50;3,305.75;13.75;110.75;-;11,158.25;3,778.25;10,691.25;4,259.00;1,782.75
Apr 26, 2024 10:00 PM;Apr 26, 2024 11:00 PM;4,613.75;2,053.25;84.25;3,490.75;4.75;112.00;-;10,932.00;3,457.50;9,861.00;3,176.50;1,808.00
Apr 26, 2024 11:00 PM;Apr 27, 2024 12:00 AM;4,477.25;2,125.00;98.50;3,371.25;6.75;113.25;-;10,272.75;3,174.00;9,274.00;2,504.00;1,830.00
Apr 27, 2024 12:00 AM;Apr 27, 2024 1:00 AM;4,376.75;1,931.75;96.25;3,279.50;9.50;109.00;-;9,061.50;2,854.00;8,308.75;864.75;1,822.75
Apr 27, 2024 1:00 AM;Apr 27, 2024 2:00 AM;4,308.50;1,975.00;84.25;3,196.50;10.00;111.00;-;8,490.75;2,496.75;7,185.75;930.00;1,820.75
Apr 27, 2024 2:00 AM;Apr 27, 2024 3:00 AM;4,264.00;1,990.75;79.25;3,311.50;10.00;114.50;-;8,454.75;2,352.75;6,319.50;661.75;1,820.50
Apr 27, 2024 3:00 AM;Apr 27, 2024 4:00 AM;4,244.00;1,978.50;63.00;3,555.50;10.00;115.50;-;8,424.25;1,962.00;6,109.50;578.50;1,804.75
Apr 27, 2024 4:00 AM;Apr 27, 2024 5:00 AM;4,281.00;2,005.75;49.25;3,980.75;10.00;115.00;-;8,171.25;1,733.50;5,840.00;407.00;1,748.75
Apr 27, 2024 5:00 AM;Apr 27, 2024 6:00 AM;4,372.50;2,031.25;41.25;4,851.75;22.50;115.75;-;8,237.25;1,487.50;5,287.50;398.00;1,725.25
Apr 27, 2024 6:00 AM;Apr 27, 2024 7:00 AM;4,507.50;2,036.25;23.00;5,980.50;1,158.75;113.50;-;7,940.50;1,471.75;5,280.25;340.50;1,743.50
Apr 27, 2024 7:00 AM;Apr 27, 2024 8:00 AM;4,551.75;2,121.25;26.25;6,640.25;6,823.25;112.50;-;6,838.50;1,286.75;5,057.00;486.50;1,631.75
Apr 27, 2024 8:00 AM;Apr 27, 2024 9:00 AM;4,499.50;2,106.75;112.50;5,558.25;16,131.00;110.75;-;5,362.50;1,346.25;4,419.25;901.00;1,655.75
Apr 27, 2024 9:00 AM;Apr 27, 2024 10:00 AM;4,422.25;2,039.25;383.75;4,045.50;25,469.25;110.50;-;4,900.00;1,559.50;4,278.00;705.25;1,659.25
Apr 27, 2024 10:00 AM;Apr 27, 2024 11:00 AM;4,262.25;1,986.25;883.75;4,252.75;33,851.50;104.00;-;3,865.75;1,457.00;3,637.50;269.25;1,930.50
Apr 27, 2024 11:00 AM;Apr 27, 2024 12:00 PM;4,158.75;1,980.25;1,070.75;6,172.50;38,915.50;103.00;-;3,497.75;1,423.50;3,180.25;17.25;1,731.75
Apr 27, 2024 12:00 PM;Apr 27, 2024 1:00 PM;4,096.75;1,986.25;1,434.75;8,067.00;40,257.50;107.50;-;3,502.25;1,468.25;2,965.50;8.25;1,688.75
Apr 27, 2024 1:00 PM;Apr 27, 2024 2:00 PM;4,014.75;2,029.75;2,034.50;8,942.50;39,624.50;106.75;-;3,376.50;1,585.00;2,975.75;14.50;1,743.00
Apr 27, 2024 2:00 PM;Apr 27, 2024 3:00 PM;3,971.50;1,952.00;2,635.50;9,920.00;36,979.50;106.50;-;3,323.75;1,541.50;2,889.25;5.75;1,731.25
Apr 27, 2024 3:00 PM;Apr 27, 2024 4:00 PM;3,995.25;2,015.50;2,683.50;9,503.00;32,182.75;105.75;-;3,301.50;1,319.00;2,750.50;42.25;1,796.00
Apr 27, 2024 4:00 PM;Apr 27, 2024 5:00 PM;4,106.75;2,006.25;2,628.25;9,475.00;26,723.00;104.75;-;3,357.75;1,149.75;2,934.00;24.50;1,789.75
Apr 27, 2024 5:00 PM;Apr 27, 2024 6:00 PM;4,277.25;2,092.00;2,287.00;9,143.00;18,666.50;103.75;-;3,626.25;993.50;3,327.00;819.50;1,783.50
Apr 27, 2024 6:00 PM;Apr 27, 2024 7:00 PM;4,593.00;2,117.00;1,886.00;7,709.75;9,453.75;104.00;-;5,856.25;1,170.75;4,316.00;3,590.50;1,745.50
Apr 27, 2024 7:00 PM;Apr 27, 2024 8:00 PM;4,740.25;2,173.00;1,564.75;7,417.75;2,623.00;106.00;-;6,526.75;1,391.75;4,976.75;4,831.50;1,782.25
Apr 27, 2024 8:00 PM;Apr 27, 2024 9:00 PM;4,747.25;2,168.50;1,479.75;9,349.00;166.25;106.25;-;6,544.25;1,395.00;5,366.50;4,825.75;1,828.50
Apr 27, 2024 9:00 PM;Apr 27, 2024 10:00 PM;4,643.00;2,081.75;1,644.50;11,824.00;11.00;107.00;-;6,482.75;1,303.75;5,165.50;3,936.25;1,828.75
Apr 27, 2024 10:00 PM;Apr 27, 2024 11:00 PM;4,505.25;1,948.75;1,834.25;15,149.75;3.25;108.00;-;6,294.75;1,080.00;4,713.00;3,123.25;1,775.50
Apr 27, 2024 11:00 PM;Apr 28, 2024 12:00 AM;4,357.50;1,924.75;2,469.50;17,484.00;3.00;107.75;-;5,403.25;1,026.75;4,196.50;1,581.50;1,745.25
Apr 28, 2024 12:00 AM;Apr 28, 2024 1:00 AM;4,246.75;1,903.50;2,498.00;18,708.75;3.00;109.50;-;3,725.50;988.00;3,478.00;780.00;1,714.75
Apr 28, 2024 1:00 AM;Apr 28, 2024 2:00 AM;4,189.50;1,874.75;2,940.00;18,690.25;3.75;110.75;-;3,821.25;975.50;3,410.00;479.75;1,682.75
Apr 28, 2024 2:00 AM;Apr 28, 2024 3:00 AM;4,159.75;1,883.00;3,669.75;18,606.50;4.00;110.00;-;3,563.25;957.75;3,330.50;323.25;1,662.25
Apr 28, 2024 3:00 AM;Apr 28, 2024 4:00 AM;4,133.25;1,907.25;4,835.25;18,379.00;10.00;110.25;-;3,207.25;912.25;3,086.00;320.75;1,634.25
Apr 28, 2024 4:00 AM;Apr 28, 2024 5:00 AM;4,160.00;1,871.75;4,502.75;18,995.25;10.00;111.00;-;3,285.50;909.50;3,089.00;164.00;1,637.50
Apr 28, 2024 5:00 AM;Apr 28, 2024 6:00 AM;4,214.25;1,896.75;2,895.00;20,203.00;25.00;111.25;-;3,371.00;901.75;3,069.75;325.50;1,685.75
Apr 28, 2024 6:00 AM;Apr 28, 2024 7:00 AM;4,273.75;1,859.00;3,452.75;20,559.25;1,056.00;110.25;-;3,292.00;902.00;3,080.00;181.25;1,715.75
Apr 28, 2024 7:00 AM;Apr 28, 2024 8:00 AM;4,311.00;1,878.00;4,710.25;18,822.75;5,299.50;110.50;-;3,228.25;902.75;2,657.50;114.25;1,662.75
Apr 28, 2024 8:00 AM;Apr 28, 2024 9:00 AM;4,304.50;1,931.75;5,108.00;15,450.25;11,747.00;109.50;-;3,188.25;918.50;2,487.00;384.00;1,679.75
Apr 28, 2024 9:00 AM;Apr 28, 2024 10:00 AM;4,251.50;1,899.25;5,398.00;13,169.75;19,415.25;107.50;-;3,322.25;943.00;2,500.75;42.75;1,717.50
Apr 28, 2024 10:00 AM;Apr 28, 2024 11:00 AM;4,176.50;1,909.00;4,332.50;12,215.25;26,273.75;104.25;-;3,349.75;961.75;2,479.00;39.75;1,719.25
Apr 28, 2024 11:00 AM;Apr 28, 2024 12:00 PM;4,108.00;1,778.25;3,028.00;12,838.00;30,647.50;101.50;-;3,318.50;982.75;2,480.50;11.50;1,723.00
Apr 28, 2024 12:00 PM;Apr 28, 2024 1:00 PM;4,018.50;1,720.50;2,065.50;11,456.25;33,419.75;99.75;-;3,077.00;962.00;2,471.75;13.75;1,728.00
Apr 28, 2024 1:00 PM;Apr 28, 2024 2:00 PM;3,969.50;1,705.25;1,738.00;11,608.25;32,314.50;96.25;-;3,048.50;944.25;2,477.00;6.00;1,732.75
Apr 28, 2024 2:00 PM;Apr 28, 2024 3:00 PM;3,969.75;1,661.50;1,586.00;12,464.50;29,800.50;97.00;-;3,051.00;977.00;2,453.00;10.50;1,735.25
Apr 28, 2024 3:00 PM;Apr 28, 2024 4:00 PM;3,996.25;1,751.50;1,822.25;14,619.50;25,746.00;96.25;-;3,052.75;961.75;2,439.75;13.00;1,706.25
Apr 28, 2024 4:00 PM;Apr 28, 2024 5:00 PM;4,069.00;1,806.00;2,745.50;18,570.75;20,067.00;97.00;-;3,145.25;1,005.25;2,490.75;229.25;1,690.00
Apr 28, 2024 5:00 PM;Apr 28, 2024 6:00 PM;4,190.00;1,934.50;4,012.25;20,571.25;13,403.75;97.25;-;3,245.25;1,015.25;2,615.25;381.25;1,687.00
Apr 28, 2024 6:00 PM;Apr 28, 2024 7:00 PM;4,413.75;2,004.50;5,353.25;21,190.25;6,947.50;97.75;-;3,979.75;1,071.25;3,554.50;308.25;1,715.75
Apr 28, 2024 7:00 PM;Apr 28, 2024 8:00 PM;4,557.75;2,036.25;6,266.50;18,836.00;2,372.25;99.00;-;5,461.75;1,087.00;4,474.25;1,041.25;1,698.00
Apr 28, 2024 8:00 PM;Apr 28, 2024 9:00 PM;4,657.25;2,012.00;6,687.25;17,425.25;225.00;99.00;-;5,982.75;1,099.75;4,815.50;2,488.75;1,686.25
Apr 28, 2024 9:00 PM;Apr 28, 2024 10:00 PM;4,621.25;2,024.50;6,197.50;17,392.25;11.00;100.00;-;6,237.75;1,081.25;5,051.25;1,677.25;1,685.00
Apr 28, 2024 10:00 PM;Apr 28, 2024 11:00 PM;4,458.75;2,040.00;5,226.50;17,074.50;10.00;99.75;-;6,158.50;1,039.25;5,272.75;1,393.25;1,720.00
Apr 28, 2024 11:00 PM;Apr 29, 2024 12:00 AM;4,312.00;2,016.50;4,984.25;15,295.50;9.75;100.25;-;5,760.00;1,031.50;5,311.00;912.25;1,734.00
Apr 29, 2024 12:00 AM;Apr 29, 2024 1:00 AM;4,097.75;1,965.25;4,679.50;12,529.50;3.00;100.00;-;5,633.25;1,021.25;4,970.25;368.00;1,732.00
Apr 29, 2024 1:00 AM;Apr 29, 2024 2:00 AM;4,065.75;1,935.00;4,586.75;10,421.50;3.75;101.00;-;5,849.00;987.75;4,567.75;55.75;1,742.50
Apr 29, 2024 2:00 AM;Apr 29, 2024 3:00 AM;4,054.50;2,024.25;4,906.25;9,502.50;3.75;102.75;-;5,922.25;977.75;4,236.25;84.75;1,793.25
Apr 29, 2024 3:00 AM;Apr 29, 2024 4:00 AM;4,048.25;2,019.50;4,857.25;7,709.25;3.25;104.00;-;5,575.00;983.50;4,084.50;120.50;1,762.50
Apr 29, 2024 4:00 AM;Apr 29, 2024 5:00 AM;4,142.25;2,027.50;4,451.00;6,290.75;4.00;103.75;-;6,012.00;1,009.00;4,979.75;273.00;1,771.25
Apr 29, 2024 5:00 AM;Apr 29, 2024 6:00 AM;4,282.75;2,080.00;4,044.50;5,191.50;26.75;104.50;-;6,714.75;1,072.00;6,485.75;1,220.75;1,794.25
Apr 29, 2024 6:00 AM;Apr 29, 2024 7:00 AM;4,531.50;2,151.75;3,660.25;4,732.50;1,038.25;102.75;-;6,890.25;1,221.25;8,425.00;3,002.50;1,807.75
Apr 29, 2024 7:00 AM;Apr 29, 2024 8:00 AM;4,664.25;2,298.50;3,488.25;3,737.50;5,565.00;99.50;-;6,975.25;1,264.00;8,819.00;4,972.50;1,799.25
Apr 29, 2024 8:00 AM;Apr 29, 2024 9:00 AM;4,610.75;2,193.50;3,130.50;2,258.50;13,437.25;96.75;-;6,706.00;1,288.00;8,305.50;3,358.50;1,792.50
Apr 29, 2024 9:00 AM;Apr 29, 2024 10:00 AM;4,399.50;2,129.50;2,794.00;1,477.25;22,854.50;95.75;-;6,071.25;1,553.00;6,794.00;2,138.75;1,791.75
Apr 29, 2024 10:00 AM;Apr 29, 2024 11:00 AM;4,192.50;2,082.75;2,316.25;1,773.75;31,276.75;98.00;-;4,512.50;1,669.00;4,433.75;534.00;1,763.00
Apr 29, 2024 11:00 AM;Apr 29, 2024 12:00 PM;4,077.00;1,929.00;1,805.25;2,304.75;37,407.75;99.75;-;3,962.50;1,786.50;3,944.25;245.50;1,728.00
Apr 29, 2024 12:00 PM;Apr 29, 2024 1:00 PM;3,995.00;1,880.25;1,292.50;2,707.50;39,820.50;100.75;-;3,711.00;1,860.50;3,786.75;124.75;1,687.75
Apr 29, 2024 1:00 PM;Apr 29, 2024 2:00 PM;3,972.00;1,872.50;788.75;2,987.25;39,903.75;100.25;-;3,682.50;1,860.50;3,676.75;7.50;1,671.75
Apr 29, 2024 2:00 PM;Apr 29, 2024 3:00 PM;3,984.75;1,911.00;507.00;2,895.50;38,460.25;104.25;-;3,669.75;1,885.00;3,676.00;64.50;1,651.25
Apr 29, 2024 3:00 PM;Apr 29, 2024 4:00 PM;4,029.75;1,863.50;296.00;2,755.50;34,170.50;105.75;-;3,750.25;1,840.00;3,597.50;38.50;1,590.50
Apr 29, 2024 4:00 PM;Apr 29, 2024 5:00 PM;4,163.50;1,958.00;212.50;2,837.75;27,294.25;105.50;-;4,076.75;2,070.75;4,202.50;284.75;1,548.25
Apr 29, 2024 5:00 PM;Apr 29, 2024 6:00 PM;4,372.25;2,034.75;279.25;2,894.25;18,398.50;101.50;-;5,853.25;2,332.25;6,677.50;1,668.25;1,555.00
Apr 29, 2024 6:00 PM;Apr 29, 2024 7:00 PM;4,629.00;2,082.75;672.75;2,925.25;9,291.25;97.75;-;6,853.50;2,709.75;9,706.25;3,017.25;1,581.00
Apr 29, 2024 7:00 PM;Apr 29, 2024 8:00 PM;4,751.25;2,166.00;1,029.00;3,549.75;2,909.25;101.50;-;6,982.00;3,206.50;10,575.75;4,637.25;1,629.00
Apr 29, 2024 8:00 PM;Apr 29, 2024 9:00 PM;4,718.25;2,207.00;1,411.75;5,476.75;252.00;105.75;-;6,972.25;3,305.50;10,643.50;4,869.25;1,676.25
Apr 29, 2024 9:00 PM;Apr 29, 2024 10:00 PM;4,641.25;2,122.25;1,668.75;8,515.00;12.50;105.25;-;7,002.50;2,848.00;10,208.75;3,820.75;1,694.25
Apr 29, 2024 10:00 PM;Apr 29, 2024 11:00 PM;4,476.50;2,019.25;2,132.50;11,197.75;11.75;106.50;-;6,764.00;1,887.50;9,399.00;2,804.75;1,646.75
Apr 29, 2024 11:00 PM;Apr 30, 2024 12:00 AM;4,304.50;1,982.25;2,383.75;12,608.00;6.25;107.50;-;6,450.50;1,302.75;7,744.50;624.00;1,694.50
Apr 30, 2024 12:00 AM;Apr 30, 2024 1:00 AM;4,178.00;1,995.75;2,930.00;12,763.25;6.00;108.00;-;6,117.25;1,146.50;6,208.00;600.25;1,681.00
Apr 30, 2024 1:00 AM;Apr 30, 2024 2:00 AM;4,120.50;1,926.75;3,327.75;12,136.00;5.25;109.50;-;5,823.00;1,094.50;5,429.00;368.75;1,648.00
Apr 30, 2024 2:00 AM;Apr 30, 2024 3:00 AM;4,088.00;1,977.00;3,463.50;11,366.50;5.00;109.25;-;5,520.00;1,276.50;5,467.00;156.75;1,650.00
Apr 30, 2024 3:00 AM;Apr 30, 2024 4:00 AM;4,082.00;2,008.50;3,723.75;10,517.50;5.25;109.25;-;6,004.50;1,284.75;5,467.25;373.50;1,640.00
Apr 30, 2024 4:00 AM;Apr 30, 2024 5:00 AM;4,185.50;1,988.00;4,115.00;9,648.50;5.75;111.00;-;6,296.75;1,279.50;5,451.00;882.75;1,637.50
Apr 30, 2024 5:00 AM;Apr 30, 2024 6:00 AM;4,336.00;2,011.25;4,480.50;9,114.75;30.75;112.00;-;6,298.75;1,284.50;5,616.50;1,000.50;1,616.00
Apr 30, 2024 6:00 AM;Apr 30, 2024 7:00 AM;4,561.25;2,070.25;4,566.75;8,692.75;1,409.75;110.50;-;6,349.75;1,192.00;6,063.00;3,109.25;1,529.00
Apr 30, 2024 7:00 AM;Apr 30, 2024 8:00 AM;4,653.75;2,332.00;3,743.00;7,258.25;7,191.50;107.75;-;6,237.75;1,569.00;6,256.75;4,652.25;1,556.75
Apr 30, 2024 8:00 AM;Apr 30, 2024 9:00 AM;4,595.75;2,148.25;3,733.50;4,906.25;16,826.75;105.25;-;6,012.00;1,887.00;5,783.25;2,207.75;1,533.75
Apr 30, 2024 9:00 AM;Apr 30, 2024 10:00 AM;4,369.00;2,035.75;2,754.00;3,256.75;27,145.50;103.50;-;4,998.50;2,055.50;5,273.25;827.75;1,531.50
Apr 30, 2024 10:00 AM;Apr 30, 2024 11:00 AM;4,145.50;2,015.50;2,222.00;3,046.50;34,455.50;101.25;-;3,917.75;2,191.00;3,827.00;451.25;1,481.75
Apr 30, 2024 11:00 AM;Apr 30, 2024 12:00 PM;4,035.75;1,994.75;1,901.75;3,534.25;39,345.00;98.00;-;3,815.00;2,232.25;3,172.75;507.75;1,449.50
Apr 30, 2024 12:00 PM;Apr 30, 2024 1:00 PM;3,934.75;1,882.50;1,684.75;4,793.50;42,024.50;99.50;-;3,489.25;2,420.25;3,027.25;67.25;1,427.25
Apr 30, 2024 1:00 PM;Apr 30, 2024 2:00 PM;3,895.25;1,901.25;1,804.25;5,718.75;41,985.00;98.25;-;3,490.00;2,416.00;2,931.50;33.50;1,419.50
Apr 30, 2024 2:00 PM;Apr 30, 2024 3:00 PM;3,913.50;1,903.75;1,496.00;6,304.00;39,773.50;96.75;-;3,428.50;2,158.50;3,200.00;35.75;1,437.25
Apr 30, 2024 3:00 PM;Apr 30, 2024 4:00 PM;3,927.50;2,105.00;2,159.25;7,201.50;35,568.00;92.50;-;3,353.25;1,729.00;3,323.00;51.50;1,580.00
Apr 30, 2024 4:00 PM;Apr 30, 2024 5:00 PM;4,003.75;2,076.25;2,548.25;7,262.75;28,973.25;89.50;-;3,616.25;1,351.50;3,506.00;212.50;1,676.00
Apr 30, 2024 5:00 PM;Apr 30, 2024 6:00 PM;4,106.75;2,202.75;2,741.25;7,273.00;19,883.75;91.50;-;5,293.00;1,490.00;4,309.50;1,103.50;1,689.00
Apr 30, 2024 6:00 PM;Apr 30, 2024 7:00 PM;4,375.25;2,272.25;2,332.25;6,619.50;10,134.50;95.75;-;6,122.50;1,792.75;6,655.00;2,639.00;1,696.50
Apr 30, 2024 7:00 PM;Apr 30, 2024 8:00 PM;4,514.75;2,450.00;2,595.00;6,671.75;3,111.25;98.75;-;6,324.50;2,070.50;8,046.25;4,682.75;1,735.25
Apr 30, 2024 8:00 PM;Apr 30, 2024 9:00 PM;4,505.50;2,290.25;3,293.00;8,672.75;300.25;100.75;-;6,321.50;2,078.75;8,173.75;4,850.25;1,797.25
Apr 30, 2024 9:00 PM;Apr 30, 2024 10:00 PM;4,403.25;2,159.00;3,312.50;11,447.75;4.75;99.50;-;6,308.75;1,780.00;7,655.25;3,401.00;1,763.50
Apr 30, 2024 10:00 PM;Apr 30, 2024 11:00 PM;4,254.75;2,069.00;3,274.75;13,377.50;3.25;100.25;-;6,185.50;1,420.75;5,764.50;2,099.00;1,737.50
Apr 30, 2024 11:00 PM;May 1, 2024 12:00 AM;4,098.50;1,995.00;3,134.75;14,121.00;4.00;101.00;-;5,705.00;1,087.00;4,279.50;1,011.00;1,724.50
May 1, 2024 12:00 AM;May 1, 2024 1:00 AM;3,995.50;2,144.75;2,912.00;13,980.00;6.50;100.75;-;5,280.00;1,003.75;3,443.50;1,696.00;1,698.50
May 1, 2024 1:00 AM;May 1, 2024 2:00 AM;3,975.75;2,053.00;2,536.50;13,591.50;3.25;101.75;-;4,945.00;955.75;3,418.25;1,379.75;1,703.75
May 1, 2024 2:00 AM;May 1, 2024 3:00 AM;3,940.75;2,108.50;2,351.75;12,947.50;2.75;102.00;-;5,063.75;951.00;3,429.50;1,037.75;1,705.75
May 1, 2024 3:00 AM;May 1, 2024 4:00 AM;3,933.75;2,033.00;2,283.50;12,581.50;2.50;102.25;-;4,671.00;951.75;3,367.50;445.50;1,695.75
May 1, 2024 4:00 AM;May 1, 2024 5:00 AM;4,002.50;1,976.50;2,206.25;13,166.75;2.75;103.50;-;4,302.25;930.00;3,259.50;541.75;1,703.75
May 1, 2024 5:00 AM;May 1, 2024 6:00 AM;4,051.00;2,072.00;1,929.25;13,703.75;36.75;104.50;-;4,106.75;921.75;3,253.50;625.75;1,678.25
May 1, 2024 6:00 AM;May 1, 2024 7:00 AM;4,026.00;2,015.25;2,046.75;13,874.00;1,621.00;104.25;-;4,159.25;908.50;3,199.00;588.00;1,708.50
May 1, 2024 7:00 AM;May 1, 2024 8:00 AM;4,075.25;2,237.50;2,410.00;12,543.75;7,935.75;104.25;-;3,094.50;900.25;2,898.50;476.00;1,792.25
May 1, 2024 8:00 AM;May 1, 2024 9:00 AM;4,062.00;2,212.00;2,625.00;9,426.50;17,696.75;104.00;-;3,191.50;890.00;2,650.75;890.25;1,696.75
May 1, 2024 9:00 AM;May 1, 2024 10:00 AM;3,934.00;2,135.75;2,995.25;7,596.50;27,603.25;101.25;-;3,081.75;891.25;2,531.75;377.50;1,676.00
May 1, 2024 10:00 AM;May 1, 2024 11:00 AM;3,850.50;2,102.75;2,385.50;7,317.75;34,942.00;97.75;-;3,467.75;885.25;2,437.00;557.75;1,612.50
May 1, 2024 11:00 AM;May 1, 2024 12:00 PM;3,726.75;1,778.50;1,933.75;7,769.25;38,741.75;95.25;-;2,847.25;926.75;2,411.75;76.50;1,639.50
May 1, 2024 12:00 PM;May 1, 2024 1:00 PM;3,606.75;1,661.50;1,467.25;7,390.25;40,521.25;92.50;-;2,724.75;959.00;2,455.00;20.00;1,716.75
May 1, 2024 1:00 PM;May 1, 2024 2:00 PM;3,594.25;1,699.00;1,298.25;8,045.75;40,493.00;91.75;-;2,718.00;991.25;2,512.50;0.50;1,724.00
May 1, 2024 2:00 PM;May 1, 2024 3:00 PM;3,564.00;1,664.75;1,298.00;8,597.25;38,427.00;87.00;-;2,695.25;1,032.75;2,464.75;1.25;1,732.75
May 1, 2024 3:00 PM;May 1, 2024 4:00 PM;3,614.75;1,799.50;1,824.75;10,489.75;34,404.50;88.50;-;2,701.00;1,056.00;2,433.00;4.00;1,713.00
May 1, 2024 4:00 PM;May 1, 2024 5:00 PM;3,684.50;1,820.25;2,696.75;15,832.25;28,399.50;88.25;-;2,811.25;1,055.00;2,490.50;35.25;1,751.75
May 1, 2024 5:00 PM;May 1, 2024 6:00 PM;3,785.00;1,970.50;3,985.50;19,790.00;19,913.75;88.00;-;2,853.00;1,101.50;2,601.50;113.75;1,712.75
May 1, 2024 6:00 PM;May 1, 2024 7:00 PM;3,984.00;2,067.00;6,012.25;21,531.25;10,530.75;91.25;-;3,082.75;1,145.50;2,713.25;674.25;1,689.25
May 1, 2024 7:00 PM;May 1, 2024 8:00 PM;4,187.25;2,127.00;6,282.75;20,649.75;3,363.50;93.50;-;3,151.50;1,154.50;3,211.00;2,691.50;1,753.75
May 1, 2024 8:00 PM;May 1, 2024 9:00 PM;4,243.00;2,064.25;6,396.00;21,999.25;338.25;95.50;-;3,410.00;1,151.00;3,787.50;3,944.50;1,753.25
May 1, 2024 9:00 PM;May 1, 2024 10:00 PM;4,162.50;2,059.50;6,202.00;24,806.50;3.50;96.75;-;3,419.00;1,078.25;3,563.50;2,802.50;1,751.00
May 1, 2024 10:00 PM;May 1, 2024 11:00 PM;4,047.25;2,029.50;5,658.50;24,864.25;3.00;96.25;-;3,625.75;988.50;3,759.00;1,037.75;1,783.25
May 1, 2024 11:00 PM;May 2, 2024 12:00 AM;3,902.00;1,974.25;5,824.75;24,393.50;3.00;95.00;-;3,329.00;883.00;3,626.50;266.75;1,802.75
May 2, 2024 12:00 AM;May 2, 2024 1:00 AM;3,731.50;1,917.50;6,200.50;23,050.25;2.00;97.75;-;3,244.75;848.25;3,504.75;10.75;1,802.00
May 2, 2024 1:00 AM;May 2, 2024 2:00 AM;3,694.50;1,893.75;6,083.50;21,504.75;2.50;98.00;-;3,264.00;828.50;3,585.75;23.75;1,802.00
May 2, 2024 2:00 AM;May 2, 2024 3:00 AM;3,666.75;1,876.25;6,234.00;21,131.50;2.25;121.25;-;3,244.25;804.00;3,390.00;14.75;1,764.00
May 2, 2024 3:00 AM;May 2, 2024 4:00 AM;3,669.25;1,905.50;6,046.75;20,420.25;2.00;123.00;-;3,248.25;822.25;3,401.50;30.75;1,716.25
May 2, 2024 4:00 AM;May 2, 2024 5:00 AM;3,747.00;1,906.75;5,825.75;20,718.00;2.00;124.50;-;3,281.50;866.75;3,539.00;15.00;1,724.75
May 2, 2024 5:00 AM;May 2, 2024 6:00 AM;3,886.25;1,941.75;5,565.50;20,929.25;45.00;125.50;-;3,379.25;1,121.00;3,773.00;1,574.00;1,698.00
May 2, 2024 6:00 AM;May 2, 2024 7:00 AM;4,155.25;2,106.50;5,145.25;20,470.25;1,563.75;124.50;-;3,529.75;1,488.25;4,022.75;3,475.75;1,721.75
May 2, 2024 7:00 AM;May 2, 2024 8:00 AM;4,334.75;2,059.25;5,188.75;17,224.50;7,347.50;124.25;-;3,482.50;1,631.50;3,908.00;4,565.00;1,719.75
May 2, 2024 8:00 AM;May 2, 2024 9:00 AM;4,307.50;2,048.75;4,581.00;13,623.00;16,555.25;125.50;-;3,678.50;1,928.50;3,876.25;3,456.00;1,708.75
May 2, 2024 9:00 AM;May 2, 2024 10:00 AM;4,095.00;2,054.25;4,122.50;13,206.25;26,418.75;124.50;-;3,173.00;1,893.50;3,304.75;872.00;1,672.75
May 2, 2024 10:00 AM;May 2, 2024 11:00 AM;3,875.25;2,093.00;4,270.00;13,971.75;34,155.75;123.00;-;3,059.75;1,879.25;3,040.25;47.50;1,660.25
May 2, 2024 11:00 AM;May 2, 2024 12:00 PM;3,743.25;2,018.75;4,641.25;14,587.50;37,937.75;123.00;-;3,078.50;1,835.00;3,166.75;46.00;1,706.75
May 2, 2024 12:00 PM;May 2, 2024 1:00 PM;3,660.00;2,000.75;3,991.75;15,770.50;38,883.50;120.25;-;3,254.50;1,962.50;2,755.50;19.50;1,709.25
May 2, 2024 1:00 PM;May 2, 2024 2:00 PM;3,638.25;1,913.25;4,088.50;17,153.00;37,391.25;119.50;-;3,246.00;2,169.75;3,141.50;2.50;1,671.25
May 2, 2024 2:00 PM;May 2, 2024 3:00 PM;3,624.50;1,831.00;3,502.25;19,094.00;34,100.75;117.75;-;3,044.00;2,354.50;3,202.50;17.75;1,723.25
May 2, 2024 3:00 PM;May 2, 2024 4:00 PM;3,647.75;1,826.00;3,734.00;19,526.25;28,451.00;118.75;-;2,975.25;2,384.75;3,127.25;3.25;1,647.75
May 2, 2024 4:00 PM;May 2, 2024 5:00 PM;3,755.25;1,958.25;3,851.50;21,800.00;21,254.50;120.50;-;3,166.00;2,670.50;3,140.00;82.75;1,634.50
May 2, 2024 5:00 PM;May 2, 2024 6:00 PM;3,917.50;1,990.00;4,487.00;23,020.25;13,870.00;122.75;-;3,453.75;2,907.00;3,445.50;670.75;1,665.75
May 2, 2024 6:00 PM;May 2, 2024 7:00 PM;4,158.25;2,113.75;5,220.00;23,039.50;6,802.00;126.75;-;3,851.50;3,148.00;4,230.25;1,266.50;1,681.50
May 2, 2024 7:00 PM;May 2, 2024 8:00 PM;4,280.50;2,217.25;5,660.50;22,601.00;2,083.25;127.00;-;4,800.75;2,867.75;5,311.00;3,108.25;1,677.25
May 2, 2024 8:00 PM;May 2, 2024 9:00 PM;4,303.75;2,166.75;5,800.25;22,329.25;212.00;128.00;-;4,515.00;3,012.00;5,584.00;2,799.50;1,638.25
May 2, 2024 9:00 PM;May 2, 2024 10:00 PM;4,287.50;2,188.50;5,838.00;23,015.50;7.25;128.50;-;4,337.50;2,979.25;5,518.00;2,938.25;1,621.25
May 2, 2024 10:00 PM;May 2, 2024 11:00 PM;4,172.00;2,049.75;5,853.00;22,865.25;4.75;127.00;-;3,986.25;2,879.25;4,984.00;1,354.00;1,596.50
May 2, 2024 11:00 PM;May 3, 2024 12:00 AM;4,014.25;2,024.75;5,756.75;22,144.75;3.00;128.75;-;3,458.75;2,711.00;4,637.75;113.00;1,608.25
May 3, 2024 12:00 AM;May 3, 2024 1:00 AM;3,859.75;2,130.75;5,531.75;20,080.75;3.00;124.50;-;3,939.25;2,135.50;4,637.50;88.25;1,690.50
May 3, 2024 1:00 AM;May 3, 2024 2:00 AM;3,836.50;2,057.50;5,734.25;18,330.25;4.00;130.50;-;3,856.00;1,881.75;4,380.50;48.50;1,704.75
May 3, 2024 2:00 AM;May 3, 2024 3:00 AM;3,797.75;2,060.75;5,715.75;17,350.00;3.00;132.75;-;4,037.00;1,607.50;4,229.50;55.00;1,667.75
May 3, 2024 3:00 AM;May 3, 2024 4:00 AM;3,782.00;2,021.50;5,781.25;17,049.00;2.25;133.00;-;4,497.00;1,404.25;4,141.50;48.50;1,635.25
May 3, 2024 4:00 AM;May 3, 2024 5:00 AM;3,845.25;2,065.50;5,692.75;16,792.25;2.75;132.75;-;4,723.00;1,395.75;3,811.75;43.50;1,623.00
May 3, 2024 5:00 AM;May 3, 2024 6:00 AM;3,977.50;2,080.25;5,301.00;16,337.00;46.00;132.50;-;5,186.75;1,429.75;4,460.75;799.75;1,626.00
May 3, 2024 6:00 AM;May 3, 2024 7:00 AM;4,291.50;2,126.00;5,132.00;15,620.75;1,004.25;131.50;-;5,654.50;1,467.25;5,095.75;2,963.00;1,613.00
May 3, 2024 7:00 AM;May 3, 2024 8:00 AM;4,415.25;2,243.00;5,267.00;14,295.75;4,369.75;133.00;-;5,554.75;1,288.00;5,308.75;5,012.75;1,621.25
May 3, 2024 8:00 AM;May 3, 2024 9:00 AM;4,389.00;2,176.25;4,990.75;13,253.75;9,191.75;134.00;-;5,508.75;1,290.75;5,107.50;3,534.25;1,609.00
May 3, 2024 9:00 AM;May 3, 2024 10:00 AM;4,218.00;2,240.75;4,718.00;13,142.75;14,006.00;134.75;-;5,500.00;1,292.50;4,927.00;3,268.00;1,604.50
May 3, 2024 10:00 AM;May 3, 2024 11:00 AM;4,020.50;2,032.50;4,196.50;13,204.50;17,520.75;133.00;-;5,446.25;1,288.25;4,106.25;1,026.50;1,639.25
May 3, 2024 11:00 AM;May 3, 2024 12:00 PM;3,946.25;2,165.75;3,960.00;13,553.00;19,274.00;131.50;-;5,524.00;1,304.00;3,867.25;1,191.00;1,612.50
May 3, 2024 12:00 PM;May 3, 2024 1:00 PM;3,829.25;2,022.75;3,550.00;13,683.50;19,923.75;133.50;-;5,156.75;1,280.75;3,753.00;238.00;1,578.00
May 3, 2024 1:00 PM;May 3, 2024 2:00 PM;3,793.25;2,055.75;2,870.50;13,505.25;19,931.25;134.00;-;5,193.75;1,261.75;3,715.50;81.25;1,543.75
May 3, 2024 2:00 PM;May 3, 2024 3:00 PM;3,783.00;1,997.00;2,409.75;13,228.00;19,006.00;133.75;-;5,203.25;1,234.25;3,677.25;35.50;1,524.25
May 3, 2024 3:00 PM;May 3, 2024 4:00 PM;3,803.00;1,969.00;2,565.25;12,555.00;16,402.50;133.25;-;5,238.25;1,161.75;4,015.00;211.50;1,551.75
May 3, 2024 4:00 PM;May 3, 2024 5:00 PM;3,920.50;2,064.75;3,057.25;11,927.50;12,760.50;134.00;-;5,475.00;1,008.75;4,450.25;505.75;1,556.25
May 3, 2024 5:00 PM;May 3, 2024 6:00 PM;4,070.50;2,068.75;3,020.00;11,568.50;8,948.25;134.25;-;5,514.00;1,285.00;5,813.00;1,161.50;1,553.25
May 3, 2024 6:00 PM;May 3, 2024 7:00 PM;4,299.00;2,207.50;3,594.50;10,704.50;5,173.75;134.75;-;5,530.75;1,547.00;7,624.00;2,197.00;1,599.00
May 3, 2024 7:00 PM;May 3, 2024 8:00 PM;4,442.25;2,330.25;3,327.75;8,663.25;2,059.25;134.50;-;5,805.75;1,808.00;8,148.00;3,182.25;1,595.75
May 3, 2024 8:00 PM;May 3, 2024 9:00 PM;4,478.25;2,488.75;2,944.75;7,264.00;290.00;135.25;-;5,725.50;1,901.50;8,323.75;4,809.50;1,710.75
May 3, 2024 9:00 PM;May 3, 2024 10:00 PM;4,430.25;2,429.50;2,948.25;5,989.50;9.25;136.00;-;5,692.25;1,877.50;8,360.75;4,545.25;1,727.50
May 3, 2024 10:00 PM;May 3, 2024 11:00 PM;4,276.75;2,294.00;2,568.50;5,169.50;3.75;136.00;-;5,692.00;1,693.75;8,062.00;3,271.25;1,687.00
May 3, 2024 11:00 PM;May 4, 2024 12:00 AM;4,123.75;2,247.00;2,293.25;4,694.50;6.25;135.75;-;5,835.00;1,631.25;7,379.50;3,091.00;1,656.00
May 4, 2024 12:00 AM;May 4, 2024 1:00 AM;3,947.50;2,154.25;2,278.75;4,300.75;4.25;135.25;-;6,314.25;1,296.75;6,223.00;757.00;1,853.75
May 4, 2024 1:00 AM;May 4, 2024 2:00 AM;3,873.75;2,135.25;2,340.00;4,076.25;4.00;134.75;-;6,078.00;830.75;5,164.00;161.75;1,857.50
May 4, 2024 2:00 AM;May 4, 2024 3:00 AM;3,861.00;2,010.75;2,098.50;3,770.75;4.75;136.00;-;6,057.75;774.50;5,549.00;57.00;1,844.25
May 4, 2024 3:00 AM;May 4, 2024 4:00 AM;3,859.00;1,982.00;1,883.25;3,369.50;4.00;136.00;-;6,059.00;784.25;5,378.75;34.50;1,833.75
May 4, 2024 4:00 AM;May 4, 2024 5:00 AM;3,943.00;1,978.75;1,759.00;3,102.00;4.00;135.50;-;6,170.50;768.50;5,501.00;140.25;1,864.00
May 4, 2024 5:00 AM;May 4, 2024 6:00 AM;4,038.75;2,007.00;1,610.00;2,594.75;39.50;134.25;-;6,187.25;779.75;5,748.25;355.25;1,873.25
May 4, 2024 6:00 AM;May 4, 2024 7:00 AM;4,199.25;1,982.00;1,304.75;2,354.50;1,212.25;133.50;-;6,182.50;788.00;5,776.75;346.00;1,871.25
May 4, 2024 7:00 AM;May 4, 2024 8:00 AM;4,259.00;2,113.75;1,201.50;1,841.00;5,476.25;136.00;-;6,104.25;811.00;5,303.75;945.75;1,868.75
May 4, 2024 8:00 AM;May 4, 2024 9:00 AM;4,199.75;2,275.50;1,178.25;1,104.50;12,647.75;134.00;-;5,763.50;828.75;4,678.75;1,078.75;1,878.25
May 4, 2024 9:00 AM;May 4, 2024 10:00 AM;4,050.00;2,087.50;1,104.75;857.00;20,498.25;134.00;-;4,650.75;830.50;4,165.25;113.25;1,836.75
May 4, 2024 10:00 AM;May 4, 2024 11:00 AM;3,942.75;1,990.00;1,126.75;1,030.00;26,392.00;126.25;-;3,686.00;949.25;3,413.25;6.00;1,854.25
May 4, 2024 11:00 AM;May 4, 2024 12:00 PM;3,864.50;1,976.50;860.25;1,266.75;28,818.50;131.75;-;3,783.25;1,041.50;3,149.00;9.25;1,894.00
May 4, 2024 12:00 PM;May 4, 2024 1:00 PM;3,795.25;1,982.50;580.25;1,465.50;30,189.50;131.75;-;3,756.75;1,145.75;2,995.25;16.75;1,898.50
May 4, 2024 1:00 PM;May 4, 2024 2:00 PM;3,778.00;2,159.00;347.00;1,604.25;30,120.75;131.00;-;3,605.75;1,163.50;2,975.00;1.00;1,882.00
May 4, 2024 2:00 PM;May 4, 2024 3:00 PM;3,790.75;2,056.50;160.25;2,089.25;29,144.50;126.50;-;3,437.00;1,175.25;3,082.25;32.00;1,887.25
May 4, 2024 3:00 PM;May 4, 2024 4:00 PM;3,815.50;2,024.75;147.25;2,280.75;27,180.25;125.00;-;3,460.75;1,181.75;3,225.50;11.00;1,951.25
May 4, 2024 4:00 PM;May 4, 2024 5:00 PM;3,910.75;2,039.25;284.00;2,600.00;22,565.00;125.25;-;3,597.25;1,180.25;3,315.00;2.00;1,915.00
May 4, 2024 5:00 PM;May 4, 2024 6:00 PM;4,092.00;2,186.25;417.00;2,594.50;16,103.50;129.75;-;4,979.75;1,090.00;4,977.75;316.50;1,927.25
May 4, 2024 6:00 PM;May 4, 2024 7:00 PM;4,390.25;2,329.75;584.75;2,386.00;8,663.25;129.00;-;6,310.25;915.50;7,502.75;2,847.75;1,934.00
May 4, 2024 7:00 PM;May 4, 2024 8:00 PM;4,553.00;2,230.25;544.50;2,152.75;2,789.75;129.25;-;6,505.25;1,051.25;8,465.75;4,847.75;1,927.25
May 4, 2024 8:00 PM;May 4, 2024 9:00 PM;4,556.75;2,251.00;215.25;3,189.25;280.25;130.75;-;6,485.50;1,047.25;8,662.25;5,014.00;1,927.75
May 4, 2024 9:00 PM;May 4, 2024 10:00 PM;4,492.25;2,170.00;170.00;5,175.75;10.75;132.25;-;6,480.25;1,030.00;8,941.50;4,747.00;1,919.00
May 4, 2024 10:00 PM;May 4, 2024 11:00 PM;4,305.25;2,058.50;269.75;7,495.25;4.25;133.50;-;6,450.25;894.25;8,329.00;3,398.50;1,926.75
May 4, 2024 11:00 PM;May 5, 2024 12:00 AM;4,153.50;1,925.75;512.75;8,933.50;4.00;134.00;-;6,448.00;780.75;7,206.50;2,524.00;1,883.25
May 5, 2024 12:00 AM;May 5, 2024 1:00 AM;4,045.00;1,980.00;832.50;9,698.25;7.00;133.50;-;6,432.25;705.00;4,730.75;565.25;1,881.25
May 5, 2024 1:00 AM;May 5, 2024 2:00 AM;4,003.50;1,892.50;1,058.75;10,458.50;6.75;133.25;-;6,268.00;692.75;3,364.00;624.00;1,851.50
May 5, 2024 2:00 AM;May 5, 2024 3:00 AM;3,931.25;1,885.75;1,286.50;11,522.75;3.75;133.00;-;5,447.75;682.25;3,177.75;330.25;1,864.00
May 5, 2024 3:00 AM;May 5, 2024 4:00 AM;3,911.25;1,946.75;1,531.25;12,205.75;3.00;133.50;-;4,740.50;683.50;3,185.25;169.50;1,895.75
May 5, 2024 4:00 AM;May 5, 2024 5:00 AM;3,962.50;1,936.00;1,537.75;12,477.25;3.50;134.00;-;4,607.25;680.50;3,197.00;379.50;1,852.75
May 5, 2024 5:00 AM;May 5, 2024 6:00 AM;3,992.75;1,813.75;1,546.00;13,080.00;42.25;133.00;-;4,854.75;696.25;3,049.00;466.50;1,815.75
May 5, 2024 6:00 AM;May 5, 2024 7:00 AM;4,030.25;1,804.00;1,967.25;13,718.00;1,177.50;132.25;-;3,742.75;689.75;2,893.75;104.25;1,791.75
May 5, 2024 7:00 AM;May 5, 2024 8:00 AM;4,079.25;1,813.50;2,734.25;13,373.00;4,564.25;132.75;-;3,564.50;711.75;2,856.00;2.75;1,825.75
May 5, 2024 8:00 AM;May 5, 2024 9:00 AM;4,046.50;1,852.25;3,041.75;13,200.50;9,147.75;131.50;-;3,524.25;743.25;2,663.00;112.75;1,772.75
May 5, 2024 9:00 AM;May 5, 2024 10:00 AM;3,977.50;1,792.50;2,838.50;13,688.75;14,141.50;130.50;-;3,319.50;752.75;2,717.75;185.00;1,866.50
May 5, 2024 10:00 AM;May 5, 2024 11:00 AM;3,916.75;1,717.75;3,538.75;13,972.75;19,151.50;130.00;-;2,898.75;768.00;2,624.25;224.00;1,811.50
May 5, 2024 11:00 AM;May 5, 2024 12:00 PM;3,865.50;1,731.50;3,914.50;14,660.50;22,167.25;130.75;-;2,929.75;771.75;2,665.50;78.00;1,834.75
May 5, 2024 12:00 PM;May 5, 2024 1:00 PM;3,789.75;1,731.00;3,650.50;15,988.50;24,510.25;128.75;-;2,988.00;763.75;2,658.25;43.75;1,816.75
May 5, 2024 1:00 PM;May 5, 2024 2:00 PM;3,759.50;1,719.50;2,900.50;17,069.25;25,851.50;128.00;-;2,965.50;854.25;2,613.25;20.50;1,817.00
May 5, 2024 2:00 PM;May 5, 2024 3:00 PM;3,746.50;1,721.25;2,558.75;16,261.25;26,512.25;127.50;-;2,964.75;963.75;2,594.25;23.00;1,807.00
May 5, 2024 3:00 PM;May 5, 2024 4:00 PM;3,765.25;1,644.75;2,529.75;15,529.75;25,528.25;126.00;-;2,960.00;945.25;2,605.50;0.75;1,800.50
May 5, 2024 4:00 PM;May 5, 2024 5:00 PM;3,828.75;1,870.00;2,542.50;14,036.25;22,461.75;126.50;-;3,148.25;939.50;2,682.25;21.00;1,784.25
May 5, 2024 5:00 PM;May 5, 2024 6:00 PM;3,979.00;1,867.50;2,310.50;14,436.75;16,454.25;126.25;-;3,847.25;954.50;2,830.50;65.50;1,694.25
May 5, 2024 6:00 PM;May 5, 2024 7:00 PM;4,183.25;1,959.50;2,343.50;14,095.25;9,218.25;126.00;-;5,748.50;1,135.25;3,850.75;321.50;1,757.50
May 5, 2024 7:00 PM;May 5, 2024 8:00 PM;4,346.75;2,084.00;2,040.00;12,843.75;3,165.00;126.25;-;6,765.00;1,390.25;4,876.00;1,268.50;1,782.75
May 5, 2024 8:00 PM;May 5, 2024 9:00 PM;4,421.00;2,021.75;1,773.25;11,632.25;343.75;127.50;-;7,386.25;1,556.50;5,496.00;1,746.25;1,813.50
May 5, 2024 9:00 PM;May 5, 2024 10:00 PM;4,388.25;2,034.25;1,506.25;10,230.75;4.50;129.00;-;7,652.50;1,664.50;6,096.25;1,754.50;1,798.50
May 5, 2024 10:00 PM;May 5, 2024 11:00 PM;4,276.00;2,080.00;1,019.00;8,997.75;4.75;129.75;-;7,911.00;1,644.00;6,195.25;1,653.25;1,788.75
May 5, 2024 11:00 PM;May 6, 2024 12:00 AM;4,129.75;2,089.00;866.75;8,354.50;3.00;130.00;-;7,846.50;1,568.25;5,667.00;335.00;1,771.50
May 6, 2024 12:00 AM;May 6, 2024 1:00 AM;3,956.25;2,060.50;691.25;7,573.25;3.00;127.75;-;7,588.50;1,497.25;5,423.00;697.25;1,809.50
May 6, 2024 1:00 AM;May 6, 2024 2:00 AM;3,967.75;2,028.50;678.50;7,195.25;3.00;127.25;-;7,508.75;1,398.25;5,358.25;375.25;1,776.25
May 6, 2024 2:00 AM;May 6, 2024 3:00 AM;4,001.50;1,917.75;665.75;6,987.00;3.00;128.75;-;7,263.50;1,092.50;5,052.00;42.50;1,800.75
May 6, 2024 3:00 AM;May 6, 2024 4:00 AM;3,994.50;1,967.25;688.00;6,089.00;3.00;129.50;-;7,389.25;1,136.75;5,020.50;65.50;1,770.50
May 6, 2024 4:00 AM;May 6, 2024 5:00 AM;4,071.50;2,013.50;571.75;5,230.50;3.00;129.00;-;7,835.75;1,549.75;5,654.50;169.25;1,721.75
May 6, 2024 5:00 AM;May 6, 2024 6:00 AM;4,207.00;2,064.25;474.50;5,042.25;52.75;129.25;-;8,375.50;1,900.25;7,071.75;707.00;1,729.50
May 6, 2024 6:00 AM;May 6, 2024 7:00 AM;4,483.75;2,121.50;497.00;4,528.75;1,309.00;127.25;-;8,507.75;2,156.25;8,509.00;3,465.75;1,700.25
May 6, 2024 7:00 AM;May 6, 2024 8:00 AM;4,592.50;2,101.00;484.50;3,841.00;5,148.25;128.50;-;8,540.50;2,498.25;9,068.75;4,326.75;1,696.75
May 6, 2024 8:00 AM;May 6, 2024 9:00 AM;4,491.50;2,054.00;540.75;3,104.00;10,488.25;125.75;-;8,769.25;2,500.50;8,908.50;2,857.75;1,714.25
May 6, 2024 9:00 AM;May 6, 2024 10:00 AM;4,286.00;2,053.25;573.75;2,520.75;16,438.75;125.00;-;9,154.00;2,449.75;8,505.50;1,530.00;1,700.50
May 6, 2024 10:00 AM;May 6, 2024 11:00 AM;4,094.25;2,060.75;414.50;2,572.75;22,055.50;124.75;-;9,051.25;2,400.25;7,161.25;852.75;1,712.75
May 6, 2024 11:00 AM;May 6, 2024 12:00 PM;3,984.75;2,057.25;357.00;2,652.00;26,517.50;124.00;-;8,166.00;2,149.25;6,340.00;550.75;1,755.00
May 6, 2024 12:00 PM;May 6, 2024 1:00 PM;3,911.00;2,126.75;391.25;2,724.75;28,708.00;123.00;-;7,169.50;2,186.25;5,777.75;528.00;1,743.25
May 6, 2024 1:00 PM;May 6, 2024 2:00 PM;3,926.75;2,088.25;441.25;2,944.50;26,938.75;122.75;-;6,710.25;2,119.50;6,089.50;576.75;1,730.00
May 6, 2024 2:00 PM;May 6, 2024 3:00 PM;3,936.75;2,093.00;424.00;3,179.50;24,176.50;122.25;-;7,035.25;2,043.25;6,196.75;515.75;1,723.00
May 6, 2024 3:00 PM;May 6, 2024 4:00 PM;3,951.75;1,991.00;439.75;3,681.25;21,113.25;122.50;-;7,193.00;1,901.50;6,373.75;424.75;1,727.75
May 6, 2024 4:00 PM;May 6, 2024 5:00 PM;4,094.00;2,161.00;418.25;4,268.75;16,362.50;124.50;-;7,712.25;2,189.75;6,957.75;717.75;1,742.00
May 6, 2024 5:00 PM;May 6, 2024 6:00 PM;4,283.50;2,266.00;414.00;4,492.50;10,998.00;126.75;-;8,383.75;2,499.00;9,069.75;1,013.00;1,762.50
May 6, 2024 6:00 PM;May 6, 2024 7:00 PM;4,515.75;2,361.75;357.75;5,000.00;6,052.00;129.75;-;8,545.50;2,856.25;10,489.50;2,839.25;1,858.50
May 6, 2024 7:00 PM;May 6, 2024 8:00 PM;4,652.00;2,379.00;334.50;5,545.50;2,267.50;129.75;-;8,674.00;2,963.00;11,235.00;4,259.00;1,930.00
May 6, 2024 8:00 PM;May 6, 2024 9:00 PM;4,617.25;2,325.50;366.00;6,467.00;325.25;129.25;-;9,173.25;2,955.25;11,126.00;3,414.50;2,015.00
May 6, 2024 9:00 PM;May 6, 2024 10:00 PM;4,534.75;2,291.25;705.00;7,230.75;4.50;129.00;-;9,241.50;2,750.75;10,965.25;2,317.50;1,970.50
May 6, 2024 10:00 PM;May 6, 2024 11:00 PM;4,331.00;2,206.25;881.25;7,837.75;3.00;129.50;-;8,974.00;2,184.25;9,976.00;784.50;1,865.00
May 6, 2024 11:00 PM;May 7, 2024 12:00 AM;4,151.50;2,090.25;827.00;8,069.50;3.00;129.75;-;8,744.75;1,722.25;8,401.75;158.50;1,890.50
May 7, 2024 12:00 AM;May 7, 2024 1:00 AM;4,025.75;2,158.50;1,116.00;8,038.00;3.25;128.50;-;8,479.25;1,756.75;7,137.75;153.50;1,878.25
May 7, 2024 1:00 AM;May 7, 2024 2:00 AM;3,958.00;2,183.50;1,271.75;7,826.00;3.00;128.00;-;8,007.25;1,637.50;6,313.00;32.75;1,797.50
May 7, 2024 2:00 AM;May 7, 2024 3:00 AM;3,947.00;2,109.50;1,206.50;7,746.75;3.00;126.50;-;7,976.50;1,629.50;6,074.25;39.50;1,783.50
May 7, 2024 3:00 AM;May 7, 2024 4:00 AM;3,945.50;2,150.50;972.50;7,380.25;3.00;126.75;-;8,034.50;1,635.00;6,495.50;43.75;1,778.75
May 7, 2024 4:00 AM;May 7, 2024 5:00 AM;4,006.25;2,149.25;814.25;6,796.25;2.75;127.00;-;8,167.25;1,406.00;6,813.25;116.00;1,770.00
May 7, 2024 5:00 AM;May 7, 2024 6:00 AM;4,107.25;2,104.75;807.00;6,555.75;49.00;128.25;-;8,601.50;1,880.75;7,969.50;235.50;1,728.00
May 7, 2024 6:00 AM;May 7, 2024 7:00 AM;4,370.75;2,326.75;686.75;6,356.00;1,133.75;127.25;-;9,192.75;2,300.00;9,363.25;1,887.25;1,747.50
May 7, 2024 7:00 AM;May 7, 2024 8:00 AM;4,531.00;2,416.25;617.75;5,497.50;4,092.25;126.50;-;9,297.25;2,574.75;10,001.00;4,049.75;1,784.75
May 7, 2024 8:00 AM;May 7, 2024 9:00 AM;4,515.50;2,315.50;438.50;4,476.75;8,177.75;122.50;-;9,436.25;2,578.25;10,036.75;2,572.50;1,775.75
May 7, 2024 9:00 AM;May 7, 2024 10:00 AM;4,369.50;2,260.25;361.75;3,711.25;13,079.25;125.50;-;9,400.25;2,305.75;9,239.25;1,777.50;1,796.00
May 7, 2024 10:00 AM;May 7, 2024 11:00 AM;4,170.50;2,210.50;375.25;3,381.50;17,742.50;126.25;-;9,371.50;2,147.75;7,811.25;1,774.25;1,744.00
May 7, 2024 11:00 AM;May 7, 2024 12:00 PM;4,046.00;2,191.50;333.00;3,560.75;20,320.50;121.50;-;8,874.75;1,796.50;6,369.25;616.50;1,758.25
May 7, 2024 12:00 PM;May 7, 2024 1:00 PM;3,956.25;2,179.00;304.50;3,881.75;20,904.25;123.00;-;8,579.25;1,782.25;5,749.25;406.00;1,694.00
May 7, 2024 1:00 PM;May 7, 2024 2:00 PM;3,941.50;2,267.75;272.75;4,316.75;20,214.75;127.00;-;8,544.25;1,784.50;5,851.25;523.75;1,731.75
May 7, 2024 2:00 PM;May 7, 2024 3:00 PM;3,951.50;2,221.50;244.75;4,808.25;18,763.50;127.25;-;8,998.25;1,792.50;5,891.50;186.00;1,800.00
May 7, 2024 3:00 PM;May 7, 2024 4:00 PM;4,013.75;2,293.25;175.00;5,260.00;16,810.75;128.00;-;9,158.75;1,920.75;6,873.75;450.50;1,830.25
May 7, 2024 4:00 PM;May 7, 2024 5:00 PM;4,142.00;2,191.50;154.00;5,212.00;13,977.00;128.25;-;9,173.00;2,084.25;7,572.50;529.50;1,859.50
May 7, 2024 5:00 PM;May 7, 2024 6:00 PM;4,330.50;2,243.25;66.00;4,960.75;10,356.75;128.25;-;9,356.00;2,371.50;9,175.00;754.25;1,846.75
May 7, 2024 6:00 PM;May 7, 2024 7:00 PM;4,558.50;2,291.00;67.75;4,566.75;6,131.50;128.50;-;9,596.50;2,563.50;10,790.00;2,005.00;1,845.75
May 7, 2024 7:00 PM;May 7, 2024 8:00 PM;4,681.50;2,409.25;122.25;4,746.50;2,502.25;129.75;-;9,749.25;2,684.50;11,472.50;3,719.50;1,969.75
May 7, 2024 8:00 PM;May 7, 2024 9:00 PM;4,678.25;2,480.75;121.25;4,819.00;407.25;131.75;-;9,736.50;2,663.00;11,652.50;5,000.00;2,046.50
May 7, 2024 9:00 PM;May 7, 2024 10:00 PM;4,578.25;2,302.50;55.50;4,959.25;7.75;132.00;-;9,747.75;2,638.00;11,462.50;3,519.00;2,078.50
May 7, 2024 10:00 PM;May 7, 2024 11:00 PM;4,347.50;2,178.75;58.50;5,348.25;3.50;132.50;-;9,759.25;2,437.25;10,806.50;1,219.25;1,877.50
May 7, 2024 11:00 PM;May 8, 2024 12:00 AM;4,178.50;2,149.00;72.75;5,557.75;3.50;132.75;-;9,780.25;2,218.75;10,070.50;406.00;1,914.50
May 8, 2024 12:00 AM;May 8, 2024 1:00 AM;4,064.00;2,183.75;83.50;5,360.50;3.25;133.50;-;9,650.50;1,975.25;9,310.25;294.00;1,849.25
May 8, 2024 1:00 AM;May 8, 2024 2:00 AM;4,008.00;2,194.25;83.00;5,193.25;3.00;134.00;-;9,724.50;1,738.75;9,055.50;66.00;1,852.50
May 8, 2024 2:00 AM;May 8, 2024 3:00 AM;3,996.50;2,185.00;49.75;4,759.25;3.00;135.00;-;9,899.25;1,714.75;8,925.25;20.50;1,853.50
May 8, 2024 3:00 AM;May 8, 2024 4:00 AM;4,002.00;2,116.50;59.25;4,343.25;3.00;134.00;-;9,953.25;1,841.75;8,972.75;16.75;1,866.25
May 8, 2024 4:00 AM;May 8, 2024 5:00 AM;4,054.75;2,179.25;106.75;4,055.00;3.00;133.00;-;10,038.50;1,833.50;9,068.00;8.75;1,824.00
May 8, 2024 5:00 AM;May 8, 2024 6:00 AM;4,169.50;2,185.75;128.75;3,845.75;73.00;133.75;-;10,080.75;1,950.00;9,499.25;179.75;1,775.25
May 8, 2024 6:00 AM;May 8, 2024 7:00 AM;4,454.50;2,378.00;155.25;3,545.25;1,246.50;132.75;-;10,101.75;2,161.75;10,492.75;1,912.25;1,844.50
May 8, 2024 7:00 AM;May 8, 2024 8:00 AM;4,587.25;2,443.00;157.25;2,452.75;4,834.75;134.25;-;10,124.25;2,224.50;10,583.25;3,404.00;1,858.00
May 8, 2024 8:00 AM;May 8, 2024 9:00 AM;4,528.50;2,368.50;127.50;1,349.75;10,547.00;128.50;-;10,111.00;2,164.00;10,505.25;2,413.25;1,879.00
May 8, 2024 9:00 AM;May 8, 2024 10:00 AM;4,337.00;2,235.00;129.25;1,218.75;17,591.00;128.00;-;9,828.50;2,015.00;9,474.25;653.75;1,877.75
May 8, 2024 10:00 AM;May 8, 2024 11:00 AM;4,119.75;2,212.00;110.25;1,664.00;23,732.75;128.00;-;8,789.50;1,867.00;6,911.00;115.00;1,824.00
May 8, 2024 11:00 AM;May 8, 2024 12:00 PM;4,046.00;2,287.00;112.25;1,920.75;27,507.75;127.50;-;8,290.25;1,796.50;5,705.00;201.25;1,731.75
May 8, 2024 12:00 PM;May 8, 2024 1:00 PM;3,995.00;2,302.00;87.75;1,921.75;28,755.75;133.00;-;8,566.25;1,423.75;5,339.75;110.75;1,746.75
May 8, 2024 1:00 PM;May 8, 2024 2:00 PM;3,863.75;2,215.25;58.00;2,004.00;28,207.75;133.50;-;8,668.25;1,289.75;5,161.50;56.75;1,827.00
May 8, 2024 2:00 PM;May 8, 2024 3:00 PM;3,805.75;2,233.25;62.75;2,037.75;27,360.75;135.00;-;8,703.50;1,248.25;5,081.50;158.00;1,824.25
May 8, 2024 3:00 PM;May 8, 2024 4:00 PM;3,956.75;2,193.75;124.75;2,265.00;24,835.00;134.50;-;8,593.00;1,269.50;4,999.25;45.75;1,787.50
May 8, 2024 4:00 PM;May 8, 2024 5:00 PM;4,103.75;2,262.50;124.75;2,546.00;20,704.00;134.75;-;8,656.75;1,297.00;5,203.25;215.50;1,755.75
May 8, 2024 5:00 PM;May 8, 2024 6:00 PM;4,248.75;2,237.50;117.25;2,771.75;15,183.00;132.50;-;9,599.25;1,288.00;8,200.00;468.50;1,807.75
May 8, 2024 6:00 PM;May 8, 2024 7:00 PM;4,476.50;2,339.00;136.00;2,994.50;8,773.50;133.50;-;10,109.25;1,327.50;10,309.25;1,409.75;1,824.25
May 8, 2024 7:00 PM;May 8, 2024 8:00 PM;4,637.25;2,576.50;151.25;3,047.75;3,339.00;130.00;-;10,297.50;1,399.00;10,802.00;3,919.00;1,880.75
May 8, 2024 8:00 PM;May 8, 2024 9:00 PM;4,676.75;2,597.75;192.75;3,463.50;540.75;131.25;-;10,335.50;1,394.25;10,977.50;4,349.75;1,892.50
May 8, 2024 9:00 PM;May 8, 2024 10:00 PM;4,609.00;2,559.50;233.00;4,201.25;9.50;131.50;-;10,307.75;1,323.25;10,917.50;4,104.25;1,940.00
May 8, 2024 10:00 PM;May 8, 2024 11:00 PM;4,418.00;2,313.75;157.25;4,755.75;3.25;132.25;-;10,254.50;1,203.75;10,402.00;1,919.25;1,926.25
May 8, 2024 11:00 PM;May 9, 2024 12:00 AM;4,242.00;2,279.25;95.75;4,559.50;3.25;132.75;-;10,242.00;898.50;8,924.50;1,007.75;1,971.50
May 9, 2024 12:00 AM;May 9, 2024 1:00 AM;4,152.75;2,281.50;75.00;3,933.50;4.00;132.00;-;9,844.50;842.50;7,163.75;714.00;1,952.25
May 9, 2024 1:00 AM;May 9, 2024 2:00 AM;4,095.50;2,260.25;69.50;3,076.50;3.00;133.75;-;9,127.00;836.50;6,011.50;287.75;1,965.50
May 9, 2024 2:00 AM;May 9, 2024 3:00 AM;4,070.25;2,339.00;73.25;2,375.25;4.00;136.00;-;9,064.50;827.50;5,523.75;282.00;1,949.75
May 9, 2024 3:00 AM;May 9, 2024 4:00 AM;4,072.50;2,347.75;93.25;1,910.00;3.50;136.75;-;9,115.25;827.00;5,272.00;232.00;1,922.00
May 9, 2024 4:00 AM;May 9, 2024 5:00 AM;4,141.25;2,341.25;124.75;1,556.25;3.50;137.00;-;9,133.75;809.75;5,378.50;417.75;1,918.75
May 9, 2024 5:00 AM;May 9, 2024 6:00 AM;4,239.00;2,263.50;195.00;1,421.50;109.25;135.50;-;9,079.00;717.50;5,437.50;571.75;1,905.50
May 9, 2024 6:00 AM;May 9, 2024 7:00 AM;4,359.00;2,357.00;235.50;1,320.25;2,081.00;135.25;-;8,978.00;715.75;5,534.25;618.50;1,903.75
May 9, 2024 7:00 AM;May 9, 2024 8:00 AM;4,408.25;2,367.75;298.75;1,078.00;8,822.25;132.00;-;8,143.00;715.00;5,053.00;750.00;1,893.25
May 9, 2024 8:00 AM;May 9, 2024 9:00 AM;4,312.25;2,288.50;388.50;517.50;19,332.00;132.75;-;5,659.75;719.75;3,536.50;512.75;1,857.25
May 9, 2024 9:00 AM;May 9, 2024 10:00 AM;4,184.75;2,308.75;447.50;342.75;29,802.50;132.00;-;4,022.25;697.50;2,977.50;174.75;1,876.25
May 9, 2024 10:00 AM;May 9, 2024 11:00 AM;4,095.25;2,332.75;513.25;539.75;36,895.75;130.25;-;3,759.00;704.25;2,742.75;56.50;1,937.50
May 9, 2024 11:00 AM;May 9, 2024 12:00 PM;4,020.50;2,192.75;638.75;824.50;39,259.00;117.00;-;3,791.75;706.50;2,607.50;25.00;1,877.00
May 9, 2024 12:00 PM;May 9, 2024 1:00 PM;3,957.00;2,160.75;778.75;995.75;40,560.75;117.75;-;3,981.50;706.00;2,602.75;60.25;1,880.25
May 9, 2024 1:00 PM;May 9, 2024 2:00 PM;3,937.00;2,109.50;781.00;969.75;39,896.25;127.75;-;4,052.25;713.00;2,576.25;7.00;1,913.75
May 9, 2024 2:00 PM;May 9, 2024 3:00 PM;3,919.50;2,175.25;817.00;1,122.25;38,704.00;125.00;-;3,917.75;724.75;2,596.25;94.25;1,942.50
May 9, 2024 3:00 PM;May 9, 2024 4:00 PM;3,868.50;2,153.50;743.75;1,231.50;35,574.50;127.50;-;3,941.75;779.50;2,602.00;154.75;1,949.75
May 9, 2024 4:00 PM;May 9, 2024 5:00 PM;4,017.00;2,227.00;799.00;1,152.00;29,588.00;127.75;-;3,977.25;875.25;2,655.50;107.50;1,907.75
May 9, 2024 5:00 PM;May 9, 2024 6:00 PM;4,179.25;2,375.50;615.00;1,247.75;21,605.25;127.00;-;5,156.75;932.75;3,446.50;436.00;1,847.00
May 9, 2024 6:00 PM;May 9, 2024 7:00 PM;4,379.25;2,395.00;844.50;1,336.75;11,865.25;128.00;-;6,879.50;924.50;6,156.00;983.75;1,850.50
May 9, 2024 7:00 PM;May 9, 2024 8:00 PM;4,590.00;2,463.50;738.50;1,487.25;4,365.25;128.00;-;7,318.25;978.25;8,805.25;2,795.50;1,915.75
May 9, 2024 8:00 PM;May 9, 2024 9:00 PM;4,657.25;2,562.25;664.50;1,771.50;671.75;129.50;-;7,348.00;1,074.25;9,296.50;4,235.50;1,951.00
May 9, 2024 9:00 PM;May 9, 2024 10:00 PM;4,601.75;2,572.75;639.00;1,923.75;12.50;130.50;-;7,327.00;1,094.75;9,346.25;4,819.75;1,963.25
May 9, 2024 10:00 PM;May 9, 2024 11:00 PM;4,465.00;2,417.75;672.75;2,254.00;5.50;131.50;-;7,356.75;929.00;9,286.75;3,981.25;1,989.25
May 9, 2024 11:00 PM;May 10, 2024 12:00 AM;4,295.75;2,301.75;611.50;2,330.75;4.00;132.25;-;7,344.25;916.25;8,655.50;2,217.50;1,986.25
May 10, 2024 12:00 AM;May 10, 2024 1:00 AM;4,126.75;2,171.25;539.25;1,925.25;3.25;132.75;-;7,224.50;920.00;7,198.50;624.25;2,001.00
May 10, 2024 1:00 AM;May 10, 2024 2:00 AM;4,070.25;2,215.50;653.75;1,738.00;3.00;132.25;-;7,004.00;897.25;6,582.50;240.00;2,001.75
May 10, 2024 2:00 AM;May 10, 2024 3:00 AM;4,032.00;2,105.25;656.50;1,561.75;3.00;133.00;-;6,790.75;897.50;6,008.00;101.00;2,000.75
May 10, 2024 3:00 AM;May 10, 2024 4:00 AM;4,040.75;2,190.25;651.00;1,381.50;3.00;133.75;-;6,788.50;891.75;5,985.50;119.75;1,965.00
May 10, 2024 4:00 AM;May 10, 2024 5:00 AM;4,108.25;2,173.75;782.25;1,368.25;3.25;134.00;-;6,818.00;905.25;6,296.50;107.75;1,931.50
May 10, 2024 5:00 AM;May 10, 2024 6:00 AM;4,243.25;2,191.50;693.75;1,428.75;104.25;118.00;-;7,049.25;966.25;6,632.75;363.75;1,907.25
May 10, 2024 6:00 AM;May 10, 2024 7:00 AM;4,481.00;2,339.75;619.75;1,553.00;2,114.00;112.75;-;7,257.75;1,070.25;6,871.50;2,546.50;1,890.25
May 10, 2024 7:00 AM;May 10, 2024 8:00 AM;4,540.75;2,371.75;544.50;1,347.25;8,333.75;111.50;-;7,164.50;1,098.25;6,865.75;2,141.75;1,868.00
May 10, 2024 8:00 AM;May 10, 2024 9:00 AM;4,419.00;2,248.00;454.00;840.50;17,992.75;109.50;-;6,223.75;976.75;5,452.50;888.25;1,866.75
May 10, 2024 9:00 AM;May 10, 2024 10:00 AM;4,238.75;2,281.00;316.00;699.00;28,438.50;107.25;-;4,517.50;871.25;3,522.00;157.00;1,855.75
May 10, 2024 10:00 AM;May 10, 2024 11:00 AM;4,070.75;2,160.75;309.25;801.75;36,370.75;105.00;-;3,589.00;865.25;2,756.00;41.25;1,850.50
May 10, 2024 11:00 AM;May 10, 2024 12:00 PM;3,981.50;2,043.75;342.25;972.00;40,256.25;102.75;-;3,537.00;904.75;2,614.25;42.50;1,841.75
May 10, 2024 12:00 PM;May 10, 2024 1:00 PM;3,896.75;2,036.25;340.00;1,225.75;42,000.50;103.25;-;3,653.50;1,007.25;2,650.00;22.00;1,885.75
May 10, 2024 1:00 PM;May 10, 2024 2:00 PM;3,906.75;2,032.50;266.25;1,160.25;41,183.25;105.75;-;3,619.25;1,008.50;2,632.75;11.50;1,883.25
May 10, 2024 2:00 PM;May 10, 2024 3:00 PM;3,855.50;1,983.25;129.50;1,009.25;38,508.75;104.25;-;3,578.00;991.50;2,653.50;77.25;1,920.25
May 10, 2024 3:00 PM;May 10, 2024 4:00 PM;3,937.25;2,045.00;144.50;1,128.00;35,037.00;103.00;-;3,579.25;997.50;2,735.50;100.75;1,946.25
May 10, 2024 4:00 PM;May 10, 2024 5:00 PM;4,068.00;2,109.25;160.25;1,456.50;29,302.25;103.00;-;3,764.00;1,001.75;3,093.75;84.50;1,988.25
May 10, 2024 5:00 PM;May 10, 2024 6:00 PM;4,218.75;2,265.50;204.25;1,780.00;21,431.50;103.00;-;4,571.00;1,027.75;4,544.75;172.50;2,004.75
May 10, 2024 6:00 PM;May 10, 2024 7:00 PM;4,473.50;2,431.50;101.00;1,950.00;11,931.50;103.25;-;6,233.75;1,099.75;7,640.50;2,021.75;1,996.50
May 10, 2024 7:00 PM;May 10, 2024 8:00 PM;4,639.00;2,380.00;88.00;2,155.00;4,388.00;105.75;-;6,685.00;1,172.50;9,250.25;3,023.00;1,993.25
May 10, 2024 8:00 PM;May 10, 2024 9:00 PM;4,666.50;2,406.50;132.00;2,714.25;644.50;107.75;-;6,669.75;1,174.75;9,561.00;4,143.50;2,016.00
May 10, 2024 9:00 PM;May 10, 2024 10:00 PM;4,594.25;2,434.75;196.50;3,262.00;7.75;109.75;-;6,416.00;1,153.75;9,650.00;4,236.25;2,008.00
May 10, 2024 10:00 PM;May 10, 2024 11:00 PM;4,368.50;2,399.25;165.75;3,874.75;5.50;109.00;-;6,414.75;1,065.25;9,398.00;3,656.50;1,958.50
May 10, 2024 11:00 PM;May 11, 2024 12:00 AM;4,292.50;2,270.50;134.25;4,125.00;4.00;111.50;-;6,197.00;949.25;8,086.50;1,891.50;1,940.25
May 11, 2024 12:00 AM;May 11, 2024 1:00 AM;4,202.75;2,088.75;137.25;4,054.75;8.50;112.00;-;6,087.50;883.25;6,929.75;1,878.75;1,940.00
May 11, 2024 1:00 AM;May 11, 2024 2:00 AM;4,148.50;2,178.00;150.00;3,734.00;6.50;112.50;-;6,023.00;850.75;5,971.50;1,409.00;1,902.75
May 11, 2024 2:00 AM;May 11, 2024 3:00 AM;4,125.00;2,172.75;184.25;3,211.75;4.25;113.50;-;6,051.00;838.75;5,963.25;1,217.50;1,924.00
May 11, 2024 3:00 AM;May 11, 2024 4:00 AM;4,096.00;2,133.00;183.25;2,911.00;3.25;114.50;-;6,055.00;835.75;5,698.25;494.75;1,932.25
May 11, 2024 4:00 AM;May 11, 2024 5:00 AM;4,175.00;2,153.50;141.75;2,759.75;3.00;114.50;-;6,148.50;827.50;5,823.00;597.25;1,939.50
May 11, 2024 5:00 AM;May 11, 2024 6:00 AM;4,221.25;2,191.00;90.25;2,818.50;116.25;114.50;-;6,101.50;830.25;5,851.25;721.50;1,944.75
May 11, 2024 6:00 AM;May 11, 2024 7:00 AM;4,340.50;2,181.25;61.75;2,608.50;2,264.75;115.00;-;6,059.50;852.00;5,745.75;753.25;1,916.25
May 11, 2024 7:00 AM;May 11, 2024 8:00 AM;4,385.00;2,190.00;131.75;1,913.75;8,226.75;113.25;-;5,631.50;870.75;4,454.75;993.75;1,879.75
May 11, 2024 8:00 AM;May 11, 2024 9:00 AM;4,295.00;2,187.00;151.50;1,109.50;17,102.75;109.50;-;3,807.75;887.25;3,310.25;263.00;1,906.00
May 11, 2024 9:00 AM;May 11, 2024 10:00 AM;4,175.25;2,194.25;126.00;596.25;26,690.75;104.75;-;3,435.25;889.75;2,733.00;239.00;1,919.75
May 11, 2024 10:00 AM;May 11, 2024 11:00 AM;3,991.00;2,033.75;114.00;576.75;34,642.75;104.50;-;3,317.50;872.00;2,485.25;13.75;1,928.25
May 11, 2024 11:00 AM;May 11, 2024 12:00 PM;3,975.25;1,961.50;42.25;797.25;39,477.50;102.75;-;3,268.25;866.75;2,454.75;27.75;1,908.25
May 11, 2024 12:00 PM;May 11, 2024 1:00 PM;3,918.50;1,997.50;34.50;989.00;41,587.00;101.25;-;3,255.50;853.50;2,445.50;4.50;1,901.25
May 11, 2024 1:00 PM;May 11, 2024 2:00 PM;3,891.25;1,949.00;54.00;923.75;41,240.25;101.50;-;3,247.75;857.50;2,444.25;30.75;1,920.75
May 11, 2024 2:00 PM;May 11, 2024 3:00 PM;3,897.75;1,940.25;63.00;1,102.50;39,490.00;100.00;-;3,244.50;859.50;2,448.25;39.75;1,921.75
May 11, 2024 3:00 PM;May 11, 2024 4:00 PM;3,917.00;1,923.75;94.50;1,451.50;35,988.75;99.50;-;3,288.75;867.75;2,405.00;46.00;1,897.00
May 11, 2024 4:00 PM;May 11, 2024 5:00 PM;4,003.25;1,983.25;230.25;2,792.00;31,388.50;99.50;-;3,416.75;870.75;2,533.00;36.75;1,930.75
May 11, 2024 5:00 PM;May 11, 2024 6:00 PM;4,139.25;2,160.25;694.50;3,536.00;23,184.00;99.25;-;3,470.50;764.00;2,777.75;97.00;1,931.25
May 11, 2024 6:00 PM;May 11, 2024 7:00 PM;4,394.50;2,207.00;874.75;4,847.75;13,389.50;100.25;-;4,273.00;807.50;4,075.25;1,778.25;1,923.75
May 11, 2024 7:00 PM;May 11, 2024 8:00 PM;4,597.75;2,392.25;997.50;5,637.00;4,804.25;102.25;-;5,984.25;858.75;4,857.75;3,876.75;1,935.50
May 11, 2024 8:00 PM;May 11, 2024 9:00 PM;4,642.25;2,403.00;1,238.25;6,899.00;742.75;103.25;-;6,274.50;924.75;5,062.00;4,905.25;1,922.25
May 11, 2024 9:00 PM;May 11, 2024 10:00 PM;4,577.00;2,346.75;1,503.00;9,779.75;9.75;105.50;-;6,157.25;841.25;4,934.00;4,330.25;1,907.50
May 11, 2024 10:00 PM;May 11, 2024 11:00 PM;4,444.00;2,223.75;1,679.75;11,869.00;3.75;106.75;-;5,347.00;729.75;4,515.50;3,299.25;1,899.75
May 11, 2024 11:00 PM;May 12, 2024 12:00 AM;4,280.25;1,995.00;1,900.00;12,754.75;3.00;108.00;-;3,861.75;697.75;3,664.25;2,208.75;1,895.50
May 12, 2024 12:00 AM;May 12, 2024 1:00 AM;4,163.00;2,025.75;1,921.00;12,446.00;7.75;108.75;-;3,597.75;682.75;3,536.25;1,618.25;1,993.00
May 12, 2024 1:00 AM;May 12, 2024 2:00 AM;3,971.00;2,007.00;1,980.00;11,921.50;4.75;109.00;-;3,359.75;665.75;3,406.50;662.25;1,965.75
May 12, 2024 2:00 AM;May 12, 2024 3:00 AM;4,035.50;1,971.75;2,197.25;11,786.75;4.00;110.00;-;3,331.00;649.00;3,332.25;234.50;2,002.25
May 12, 2024 3:00 AM;May 12, 2024 4:00 AM;4,071.50;1,964.25;2,467.75;11,668.00;3.75;108.50;-;3,324.50;647.50;3,269.25;236.00;2,010.25
May 12, 2024 4:00 AM;May 12, 2024 5:00 AM;4,115.75;2,145.00;2,455.00;10,918.75;3.00;110.50;-;3,350.00;640.50;3,392.00;275.50;2,005.75
May 12, 2024 5:00 AM;May 12, 2024 6:00 AM;4,147.75;2,029.25;2,570.00;10,395.50;149.00;111.00;-;3,296.50;636.50;3,288.00;384.25;1,954.00
May 12, 2024 6:00 AM;May 12, 2024 7:00 AM;4,211.75;1,990.25;2,578.25;9,627.50;2,586.00;110.75;-;3,296.50;644.25;3,221.50;178.00;1,919.75
May 12, 2024 7:00 AM;May 12, 2024 8:00 AM;4,208.25;2,007.00;2,765.00;7,124.50;10,067.75;109.50;-;3,417.00;644.00;2,918.00;174.25;1,931.00
May 12, 2024 8:00 AM;May 12, 2024 9:00 AM;4,156.00;1,910.25;2,928.25;4,414.50;20,684.25;107.50;-;3,360.50;688.75;2,529.25;29.25;1,942.25
May 12, 2024 9:00 AM;May 12, 2024 10:00 AM;4,089.50;1,962.00;1,377.00;3,465.00;30,684.00;105.75;-;3,290.25;793.25;2,425.25;100.50;1,915.50
May 12, 2024 10:00 AM;May 12, 2024 11:00 AM;3,964.50;1,818.25;1,143.00;3,241.75;37,166.75;103.50;-;3,291.50;927.50;2,398.75;64.25;1,887.50
May 12, 2024 11:00 AM;May 12, 2024 12:00 PM;3,790.25;1,716.50;771.00;2,863.25;40,443.25;102.00;-;3,285.25;927.00;2,360.50;35.25;1,851.00
May 12, 2024 12:00 PM;May 12, 2024 1:00 PM;3,770.25;1,781.50;298.75;2,653.75;41,447.50;101.00;-;3,319.25;908.50;2,335.00;76.25;1,824.25
May 12, 2024 1:00 PM;May 12, 2024 2:00 PM;3,618.50;1,700.75;158.50;2,641.25;40,957.50;100.00;-;3,314.25;896.75;2,331.00;35.25;1,806.75
May 12, 2024 2:00 PM;May 12, 2024 3:00 PM;3,593.75;1,695.75;148.75;2,697.50;38,678.50;97.00;-;3,316.50;892.75;2,304.50;41.75;1,787.50
May 12, 2024 3:00 PM;May 12, 2024 4:00 PM;3,826.75;1,732.50;617.75;3,409.00;35,236.50;97.75;-;3,179.25;900.00;2,339.25;36.00;1,786.50
May 12, 2024 4:00 PM;May 12, 2024 5:00 PM;3,926.75;1,836.25;1,573.25;6,492.25;30,759.25;97.25;-;3,159.00;930.25;2,583.00;57.50;1,874.75
May 12, 2024 5:00 PM;May 12, 2024 6:00 PM;4,038.75;2,014.00;2,092.75;9,584.50;23,257.50;97.50;-;3,327.25;969.00;2,766.00;120.75;1,906.25
May 12, 2024 6:00 PM;May 12, 2024 7:00 PM;4,216.75;2,062.75;4,697.25;12,115.25;13,283.50;99.00;-;3,659.50;1,089.25;3,433.00;556.75;1,901.25
May 12, 2024 7:00 PM;May 12, 2024 8:00 PM;4,437.75;2,322.25;5,738.50;13,432.25;4,718.25;100.00;-;3,966.25;1,109.25;4,331.75;3,242.00;1,897.25
May 12, 2024 8:00 PM;May 12, 2024 9:00 PM;4,582.75;2,350.50;5,628.00;14,116.75;780.25;101.00;-;4,635.25;1,121.50;4,808.25;4,519.25;1,928.75
May 12, 2024 9:00 PM;May 12, 2024 10:00 PM;4,471.25;2,113.00;5,106.50;18,346.00;10.25;103.00;-;5,058.75;1,129.25;4,672.00;3,481.50;1,863.50
May 12, 2024 10:00 PM;May 12, 2024 11:00 PM;4,356.25;2,109.00;4,686.50;20,724.00;3.00;103.50;-;4,424.00;1,118.00;4,637.50;2,651.00;1,840.00
May 12, 2024 11:00 PM;May 13, 2024 12:00 AM;4,216.75;1,921.75;4,667.25;21,225.25;3.25;104.75;-;3,836.75;1,092.50;4,083.00;419.25;1,879.75
May 13, 2024 12:00 AM;May 13, 2024 1:00 AM;4,013.50;1,926.50;5,521.50;20,586.25;3.50;106.25;-;3,427.00;897.50;3,746.00;53.50;1,974.00
May 13, 2024 1:00 AM;May 13, 2024 2:00 AM;3,955.25;2,017.00;6,143.50;19,645.75;3.50;108.00;-;3,246.50;714.50;3,342.25;139.00;1,927.50
May 13, 2024 2:00 AM;May 13, 2024 3:00 AM;3,934.25;1,996.50;6,074.25;19,010.50;3.00;108.25;-;3,223.25;716.75;3,297.25;48.75;1,891.00
May 13, 2024 3:00 AM;May 13, 2024 4:00 AM;3,936.25;1,959.00;5,931.00;18,145.50;2.25;109.00;-;3,221.75;775.50;3,335.50;168.50;1,868.25
May 13, 2024 4:00 AM;May 13, 2024 5:00 AM;3,992.25;1,923.75;5,527.00;17,288.50;2.50;108.75;-;3,208.25;781.50;3,734.00;165.00;1,844.75
May 13, 2024 5:00 AM;May 13, 2024 6:00 AM;4,140.25;1,949.75;5,794.75;16,767.25;169.00;109.75;-;3,556.50;813.00;4,517.25;1,087.00;1,821.00
May 13, 2024 6:00 AM;May 13, 2024 7:00 AM;4,376.00;2,342.25;5,564.25;15,316.00;2,391.75;107.75;-;4,462.75;902.50;4,890.25;3,929.50;1,792.25
May 13, 2024 7:00 AM;May 13, 2024 8:00 AM;4,490.25;2,377.75;4,297.50;10,890.00;9,147.75;103.75;-;4,766.75;1,125.50;5,874.25;5,250.50;1,831.25
May 13, 2024 8:00 AM;May 13, 2024 9:00 AM;4,427.75;2,153.25;3,888.75;6,240.50;18,797.50;100.25;-;4,810.25;1,278.25;5,577.00;4,067.25;1,816.00
May 13, 2024 9:00 AM;May 13, 2024 10:00 AM;4,064.00;2,151.00;3,503.50;4,824.75;28,221.25;96.75;-;3,939.25;1,664.50;4,456.50;1,709.50;1,780.25
May 13, 2024 10:00 AM;May 13, 2024 11:00 AM;3,973.00;2,172.00;3,591.00;5,703.00;35,259.25;96.00;-;3,275.50;1,923.75;3,379.00;612.50;1,784.00
May 13, 2024 11:00 AM;May 13, 2024 12:00 PM;3,878.00;2,038.25;3,583.00;7,481.75;39,906.75;97.00;-;3,279.75;2,003.25;3,326.00;294.00;1,804.00
May 13, 2024 12:00 PM;May 13, 2024 1:00 PM;3,818.75;2,088.00;3,030.25;8,847.25;42,374.00;96.00;-;3,704.25;2,018.50;3,460.00;58.50;1,791.50
May 13, 2024 1:00 PM;May 13, 2024 2:00 PM;3,782.25;2,064.25;2,536.00;9,671.00;42,228.25;95.00;-;4,162.25;2,023.00;3,383.75;36.50;1,788.75
May 13, 2024 2:00 PM;May 13, 2024 3:00 PM;3,785.25;2,021.25;2,538.75;9,597.25;39,453.25;95.25;-;3,881.00;2,081.25;3,569.00;252.00;1,820.75
May 13, 2024 3:00 PM;May 13, 2024 4:00 PM;3,671.25;1,962.00;2,006.00;9,458.75;35,284.50;96.00;-;3,540.75;2,099.50;3,261.25;440.25;1,956.25
May 13, 2024 4:00 PM;May 13, 2024 5:00 PM;3,773.00;2,036.50;2,245.75;9,651.50;29,995.75;95.50;-;3,425.75;2,129.50;4,008.25;474.50;1,998.50
May 13, 2024 5:00 PM;May 13, 2024 6:00 PM;4,084.75;2,208.25;2,349.50;10,405.50;21,980.75;94.50;-;4,578.25;2,184.00;5,645.75;1,416.25;2,047.25
May 13, 2024 6:00 PM;May 13, 2024 7:00 PM;4,363.50;2,260.00;3,107.25;11,267.75;12,260.50;95.50;-;5,421.00;2,307.50;8,472.00;3,130.00;2,083.50
May 13, 2024 7:00 PM;May 13, 2024 8:00 PM;4,470.75;2,269.75;4,111.00;11,802.75;4,461.00;99.50;-;5,834.00;2,434.75;8,858.00;4,598.75;2,116.50
May 13, 2024 8:00 PM;May 13, 2024 9:00 PM;4,545.75;2,168.75;4,712.25;13,078.75;792.00;102.25;-;5,705.75;2,425.25;9,258.75;4,952.75;2,123.25
May 13, 2024 9:00 PM;May 13, 2024 10:00 PM;4,461.00;2,110.00;5,179.75;16,856.75;12.00;103.50;-;5,159.50;2,236.75;9,465.75;3,724.25;2,082.00
May 13, 2024 10:00 PM;May 13, 2024 11:00 PM;4,316.25;2,135.50;4,716.25;19,437.75;2.50;104.75;-;4,661.75;2,090.75;7,358.75;2,842.25;1,808.75
May 13, 2024 11:00 PM;May 14, 2024 12:00 AM;4,167.25;2,100.50;4,850.25;20,605.50;3.00;105.75;-;4,284.25;1,940.25;5,075.00;1,376.75;1,816.25
May 14, 2024 12:00 AM;May 14, 2024 1:00 AM;3,995.00;2,057.75;5,253.25;20,838.25;3.00;106.50;-;3,877.75;1,891.25;3,591.75;288.25;1,871.00
May 14, 2024 1:00 AM;May 14, 2024 2:00 AM;3,931.50;2,075.00;5,287.50;20,166.00;3.00;107.25;-;3,193.00;1,875.75;3,650.00;187.50;1,801.50
May 14, 2024 2:00 AM;May 14, 2024 3:00 AM;3,881.00;2,041.75;5,473.00;19,159.50;3.00;109.00;-;3,240.75;1,878.50;3,589.25;114.00;1,827.25
May 14, 2024 3:00 AM;May 14, 2024 4:00 AM;3,813.50;2,025.75;5,592.00;18,374.00;2.25;109.00;-;3,769.00;1,861.25;3,631.50;70.00;1,828.75
May 14, 2024 4:00 AM;May 14, 2024 5:00 AM;3,991.75;2,028.50;5,520.00;17,874.00;2.50;110.25;-;3,980.00;1,978.00;3,692.25;162.50;1,819.25
May 14, 2024 5:00 AM;May 14, 2024 6:00 AM;4,143.25;2,031.50;5,461.75;18,046.00;185.75;110.00;-;4,292.00;1,844.25;3,890.75;403.75;1,815.25
May 14, 2024 6:00 AM;May 14, 2024 7:00 AM;4,392.50;2,160.50;5,878.50;17,399.00;2,614.75;107.75;-;4,798.25;1,743.00;4,380.25;3,283.25;1,805.50
May 14, 2024 7:00 AM;May 14, 2024 8:00 AM;4,469.00;2,172.25;5,736.50;13,516.00;10,188.50;104.50;-;4,955.50;1,887.75;4,569.00;3,090.50;1,808.25
May 14, 2024 8:00 AM;May 14, 2024 9:00 AM;4,341.00;2,151.00;5,560.00;9,031.25;21,145.50;99.75;-;4,371.75;1,831.50;3,806.00;1,385.50;1,788.75
May 14, 2024 9:00 AM;May 14, 2024 10:00 AM;4,053.00;2,016.75;5,045.00;8,032.25;31,156.00;96.75;-;3,357.75;1,669.00;3,196.00;690.25;1,796.25
May 14, 2024 10:00 AM;May 14, 2024 11:00 AM;3,902.50;2,016.50;3,841.25;9,934.25;38,407.25;94.75;-;3,083.50;1,562.25;2,808.25;570.50;1,772.50
May 14, 2024 11:00 AM;May 14, 2024 12:00 PM;3,808.50;1,843.25;3,456.00;12,668.25;42,375.00;94.25;-;3,014.25;1,570.25;2,498.25;437.50;1,769.00
May 14, 2024 12:00 PM;May 14, 2024 1:00 PM;3,718.25;1,684.75;2,621.00;13,874.75;44,084.75;89.25;-;3,057.75;1,581.75;2,514.50;382.75;1,781.75
May 14, 2024 1:00 PM;May 14, 2024 2:00 PM;3,676.00;1,692.50;2,625.50;14,231.50;43,719.00;88.75;-;3,081.75;1,605.25;2,566.50;76.00;1,785.50
May 14, 2024 2:00 PM;May 14, 2024 3:00 PM;3,677.25;1,694.50;2,510.25;14,965.75;41,493.25;87.00;-;3,230.75;1,595.75;2,685.25;367.25;1,772.25
May 14, 2024 3:00 PM;May 14, 2024 4:00 PM;3,710.50;1,707.00;3,094.25;16,596.25;37,782.50;88.75;-;3,414.25;1,607.75;2,695.50;451.75;1,756.00
May 14, 2024 4:00 PM;May 14, 2024 5:00 PM;3,809.75;1,606.75;2,589.25;18,319.00;31,744.50;89.75;-;3,452.50;2,084.75;2,948.00;487.00;1,772.00
May 14, 2024 5:00 PM;May 14, 2024 6:00 PM;3,926.25;1,954.75;3,036.75;19,303.00;23,366.50;92.50;-;3,917.25;2,496.25;3,407.00;392.50;1,806.75
May 14, 2024 6:00 PM;May 14, 2024 7:00 PM;4,176.25;2,151.00;4,011.75;21,620.75;13,026.25;94.75;-;4,538.75;2,672.50;4,836.25;1,961.00;1,865.50
May 14, 2024 7:00 PM;May 14, 2024 8:00 PM;4,415.00;2,259.25;5,011.75;20,286.50;4,575.25;96.25;-;4,780.25;2,889.00;6,064.75;5,263.75;2,090.75
May 14, 2024 8:00 PM;May 14, 2024 9:00 PM;4,489.75;2,336.25;4,966.00;19,724.00;794.75;98.00;-;4,989.00;3,076.25;6,927.25;5,519.00;2,081.75
May 14, 2024 9:00 PM;May 14, 2024 10:00 PM;4,396.75;2,278.00;4,535.75;23,134.25;12.50;100.50;-;4,951.75;3,002.75;6,718.00;4,332.50;1,931.50
May 14, 2024 10:00 PM;May 14, 2024 11:00 PM;4,264.00;2,069.25;3,959.75;24,239.75;3.00;102.25;-;4,346.00;2,792.50;5,618.75;3,042.75;1,786.75
May 14, 2024 11:00 PM;May 15, 2024 12:00 AM;4,104.00;1,950.00;3,719.00;24,673.75;2.75;101.75;-;3,689.25;2,640.25;5,381.00;984.75;1,810.25
May 15, 2024 12:00 AM;May 15, 2024 1:00 AM;3,913.50;1,934.75;3,455.00;23,994.50;3.00;104.25;-;4,013.00;2,605.50;4,314.50;130.50;1,868.50
May 15, 2024 1:00 AM;May 15, 2024 2:00 AM;3,881.75;2,034.25;4,127.25;22,988.25;3.00;105.25;-;4,513.75;2,419.75;3,906.00;136.50;1,827.75
May 15, 2024 2:00 AM;May 15, 2024 3:00 AM;3,866.25;1,984.00;4,112.50;21,846.75;3.00;106.50;-;4,463.00;2,234.50;4,483.25;103.75;1,814.25
May 15, 2024 3:00 AM;May 15, 2024 4:00 AM;3,873.00;2,048.50;3,966.25;20,803.50;2.25;108.25;-;4,601.25;2,218.00;4,518.75;199.00;1,819.25
May 15, 2024 4:00 AM;May 15, 2024 5:00 AM;3,934.75;1,994.75;3,832.25;20,138.00;2.50;108.25;-;4,782.75;2,250.50;4,798.50;165.25;1,840.25
May 15, 2024 5:00 AM;May 15, 2024 6:00 AM;4,081.25;2,064.50;3,670.75;19,822.25;220.50;107.00;-;5,002.50;2,333.25;5,832.50;727.75;1,823.00
May 15, 2024 6:00 AM;May 15, 2024 7:00 AM;4,308.75;2,068.25;3,855.25;18,420.25;2,640.75;102.50;-;4,919.75;2,455.50;6,088.25;3,425.00;1,790.25
May 15, 2024 7:00 AM;May 15, 2024 8:00 AM;4,448.00;2,142.50;4,189.50;14,846.00;9,340.50;99.50;-;4,810.25;2,558.50;6,474.50;4,198.25;1,792.25
May 15, 2024 8:00 AM;May 15, 2024 9:00 AM;4,375.75;2,084.75;4,019.25;11,260.00;18,209.75;98.00;-;4,679.25;2,618.50;6,024.50;2,804.25;1,736.50
May 15, 2024 9:00 AM;May 15, 2024 10:00 AM;4,095.75;2,015.75;2,962.00;11,530.00;26,266.00;97.00;-;4,507.00;2,705.00;4,947.00;1,082.75;1,772.75
May 15, 2024 10:00 AM;May 15, 2024 11:00 AM;3,908.25;1,905.25;1,915.00;15,081.25;32,464.50;94.50;-;4,498.75;2,276.50;4,287.50;426.00;1,763.50
May 15, 2024 11:00 AM;May 15, 2024 12:00 PM;3,818.25;1,837.25;1,667.50;16,405.00;35,732.75;93.25;-;4,489.50;2,662.00;4,680.00;422.25;1,858.50
May 15, 2024 12:00 PM;May 15, 2024 1:00 PM;3,722.50;1,769.25;1,170.25;16,997.25;36,807.50;94.25;-;4,463.75;2,697.25;4,935.25;520.00;1,915.00
May 15, 2024 1:00 PM;May 15, 2024 2:00 PM;3,679.00;1,737.25;1,455.00;17,356.75;36,259.50;94.75;-;4,488.75;2,485.00;5,106.00;151.00;1,914.75
May 15, 2024 2:00 PM;May 15, 2024 3:00 PM;3,697.25;1,903.75;1,732.50;17,815.75;33,703.50;95.50;-;4,515.25;2,315.00;4,986.75;70.25;1,933.00
May 15, 2024 3:00 PM;May 15, 2024 4:00 PM;3,706.75;1,918.25;1,387.25;17,734.50;29,694.00;97.25;-;4,806.50;2,453.75;5,148.75;285.75;1,905.00
May 15, 2024 4:00 PM;May 15, 2024 5:00 PM;3,847.00;2,085.50;1,713.50;17,240.75;24,186.25;97.50;-;5,372.25;2,659.75;5,364.75;399.00;2,071.50
May 15, 2024 5:00 PM;May 15, 2024 6:00 PM;4,013.25;2,245.00;2,109.75;18,181.00;16,987.50;99.25;-;5,644.50;2,798.00;6,220.25;2,389.25;2,175.50
May 15, 2024 6:00 PM;May 15, 2024 7:00 PM;4,261.50;2,229.00;2,963.75;18,537.25;9,455.75;100.25;-;5,618.50;2,789.50;6,729.75;2,644.25;2,105.25
May 15, 2024 7:00 PM;May 15, 2024 8:00 PM;4,457.00;2,307.50;3,496.00;18,666.50;3,668.50;101.25;-;5,641.50;2,820.75;7,319.00;4,562.25;2,063.50
May 15, 2024 8:00 PM;May 15, 2024 9:00 PM;4,553.50;2,225.25;3,743.00;19,195.50;724.00;102.00;-;5,702.75;2,803.50;7,363.50;4,085.25;2,080.75
May 15, 2024 9:00 PM;May 15, 2024 10:00 PM;4,430.25;2,118.75;3,809.00;21,363.00;9.50;102.00;-;5,713.00;2,647.25;6,601.25;2,733.25;1,937.00
May 15, 2024 10:00 PM;May 15, 2024 11:00 PM;4,291.00;2,181.75;3,289.50;21,483.75;3.00;101.75;-;5,589.00;2,226.50;6,416.00;2,502.50;1,804.00
May 15, 2024 11:00 PM;May 16, 2024 12:00 AM;4,100.00;2,110.00;2,995.50;21,165.75;3.00;100.25;-;5,335.25;2,025.50;6,147.00;1,142.50;1,838.75
May 16, 2024 12:00 AM;May 16, 2024 1:00 AM;3,921.75;2,067.75;2,951.50;20,058.50;3.50;99.25;-;4,588.25;2,435.50;5,845.25;534.25;1,831.00
May 16, 2024 1:00 AM;May 16, 2024 2:00 AM;3,897.75;2,078.50;3,005.75;19,226.00;3.00;101.25;-;4,365.75;2,439.25;5,738.25;324.00;1,785.75
May 16, 2024 2:00 AM;May 16, 2024 3:00 AM;3,894.25;2,021.50;3,088.50;19,359.00;2.50;102.00;-;4,762.25;2,182.25;5,867.25;6.25;1,707.75
May 16, 2024 3:00 AM;May 16, 2024 4:00 AM;3,855.75;2,007.25;3,032.25;18,984.00;2.00;104.25;-;4,661.00;2,045.25;5,779.75;221.75;1,690.50
May 16, 2024 4:00 AM;May 16, 2024 5:00 AM;3,913.50;1,994.50;2,978.25;18,516.75;2.50;105.00;-;4,897.25;2,069.25;5,829.00;46.75;1,734.50
May 16, 2024 5:00 AM;May 16, 2024 6:00 AM;4,045.50;2,037.00;2,970.00;18,499.50;208.25;103.25;-;5,097.00;2,140.00;6,218.75;476.75;1,712.25
May 16, 2024 6:00 AM;May 16, 2024 7:00 AM;4,284.00;2,108.50;3,160.00;18,273.50;2,366.25;102.25;-;5,867.25;2,205.00;6,553.25;3,391.25;1,807.25
May 16, 2024 7:00 AM;May 16, 2024 8:00 AM;4,417.75;2,149.75;3,103.25;16,784.25;8,106.25;101.50;-;5,874.75;2,513.25;6,202.75;4,151.50;1,985.00
May 16, 2024 8:00 AM;May 16, 2024 9:00 AM;4,355.50;2,049.25;2,601.75;15,022.50;15,966.50;98.00;-;5,692.50;2,799.00;5,822.75;2,589.75;2,011.50
May 16, 2024 9:00 AM;May 16, 2024 10:00 AM;4,111.25;2,011.75;2,089.75;15,178.25;23,895.50;96.00;-;4,522.50;3,138.50;5,719.25;374.25;2,016.00
May 16, 2024 10:00 AM;May 16, 2024 11:00 AM;3,923.75;1,967.25;1,592.50;15,976.75;30,127.00;94.25;-;4,414.75;3,154.75;5,407.50;275.75;1,884.25
May 16, 2024 11:00 AM;May 16, 2024 12:00 PM;3,811.25;2,061.75;1,984.75;16,246.25;34,056.00;92.75;-;4,241.75;3,004.25;5,130.00;104.75;1,833.75
May 16, 2024 12:00 PM;May 16, 2024 1:00 PM;3,736.25;2,051.00;2,167.00;15,973.25;34,971.75;93.00;-;4,021.50;2,917.00;4,797.25;6.75;1,782.50
May 16, 2024 1:00 PM;May 16, 2024 2:00 PM;3,726.75;2,062.50;2,568.75;15,938.50;33,671.00;92.25;-;4,276.25;2,894.25;5,032.50;12.75;1,791.00
May 16, 2024 2:00 PM;May 16, 2024 3:00 PM;3,747.75;2,041.00;2,097.25;16,282.50;30,571.75;91.75;-;4,511.75;3,103.75;5,072.75;110.50;1,783.00
May 16, 2024 3:00 PM;May 16, 2024 4:00 PM;3,765.50;2,120.25;2,132.25;16,476.25;26,214.00;91.00;-;4,794.00;3,285.50;4,924.75;213.00;1,782.75
May 16, 2024 4:00 PM;May 16, 2024 5:00 PM;3,874.75;2,071.50;1,776.50;17,632.00;19,938.25;93.75;-;4,974.75;3,230.25;5,083.25;118.25;1,834.00
May 16, 2024 5:00 PM;May 16, 2024 6:00 PM;4,016.50;2,125.75;2,446.00;17,842.50;13,919.00;97.25;-;5,127.75;3,278.25;6,331.25;419.25;1,834.75
May 16, 2024 6:00 PM;May 16, 2024 7:00 PM;4,286.50;2,253.50;2,982.75;17,938.50;8,108.50;96.00;-;5,363.00;3,326.75;7,720.50;1,330.00;1,833.00
May 16, 2024 7:00 PM;May 16, 2024 8:00 PM;4,555.25;2,419.75;3,249.75;16,882.50;3,303.25;96.25;-;5,555.50;3,123.25;8,281.25;5,026.00;1,850.25
May 16, 2024 8:00 PM;May 16, 2024 9:00 PM;4,602.00;2,403.75;2,861.25;16,238.25;655.75;98.50;-;5,381.75;3,051.25;8,579.25;4,802.00;1,844.75
May 16, 2024 9:00 PM;May 16, 2024 10:00 PM;4,509.25;2,282.75;2,372.00;16,352.50;11.50;99.50;-;5,457.50;2,728.00;8,254.25;4,664.00;1,826.00
May 16, 2024 10:00 PM;May 16, 2024 11:00 PM;4,393.00;2,257.00;2,464.75;16,097.50;6.00;100.00;-;5,525.75;2,429.50;7,546.75;3,873.00;1,816.25
May 16, 2024 11:00 PM;May 17, 2024 12:00 AM;4,255.25;2,103.00;2,525.50;16,174.50;5.50;99.00;-;5,118.25;2,206.75;6,594.50;1,690.00;1,805.00
May 17, 2024 12:00 AM;May 17, 2024 1:00 AM;4,031.25;2,252.50;1,922.25;15,891.50;3.00;99.50;-;4,776.25;1,761.25;5,078.50;984.25;1,825.50
May 17, 2024 1:00 AM;May 17, 2024 2:00 AM;3,939.25;2,149.75;2,180.50;16,169.50;3.00;101.75;-;4,654.25;1,860.00;4,300.00;260.25;1,773.50
May 17, 2024 2:00 AM;May 17, 2024 3:00 AM;3,904.25;2,153.75;2,551.00;16,921.25;2.25;100.00;-;4,398.50;1,861.75;4,291.50;98.00;1,796.00
May 17, 2024 3:00 AM;May 17, 2024 4:00 AM;3,891.00;2,132.25;2,629.50;18,059.00;2.00;100.50;-;4,380.00;1,853.25;4,303.50;75.75;1,795.75
May 17, 2024 4:00 AM;May 17, 2024 5:00 AM;3,902.75;2,149.00;2,664.25;18,670.50;3.00;101.00;-;4,124.50;1,816.00;4,618.25;95.75;1,810.00
May 17, 2024 5:00 AM;May 17, 2024 6:00 AM;4,039.25;2,192.25;2,630.75;19,063.00;177.50;101.00;-;4,246.75;1,637.75;5,374.00;229.75;1,818.50
May 17, 2024 6:00 AM;May 17, 2024 7:00 AM;4,325.75;2,269.25;2,737.75;19,208.00;1,536.75;99.00;-;4,955.25;1,914.25;5,945.00;2,984.50;1,791.50
May 17, 2024 7:00 AM;May 17, 2024 8:00 AM;4,470.00;2,441.75;2,955.50;17,401.50;5,419.50;101.25;-;5,096.75;2,037.50;6,251.00;4,951.00;1,789.00
May 17, 2024 8:00 AM;May 17, 2024 9:00 AM;4,414.75;2,451.00;3,150.50;16,037.00;11,510.75;101.50;-;4,907.00;2,128.75;5,749.50;3,849.00;1,779.00
May 17, 2024 9:00 AM;May 17, 2024 10:00 AM;4,247.50;2,365.25;2,498.75;16,736.00;17,625.00;101.00;-;4,470.75;2,422.25;5,113.25;1,429.75;1,780.50
May 17, 2024 10:00 AM;May 17, 2024 11:00 AM;4,019.75;2,382.25;1,817.50;18,408.00;22,183.25;100.25;-;4,422.50;2,228.00;4,519.00;289.25;1,775.50
May 17, 2024 11:00 AM;May 17, 2024 12:00 PM;3,914.25;2,318.25;1,304.75;19,530.25;24,039.00;101.00;-;4,689.25;1,736.00;3,981.50;312.25;1,771.50
May 17, 2024 12:00 PM;May 17, 2024 1:00 PM;3,872.75;2,434.25;1,522.25;19,875.50;23,706.00;101.00;-;4,729.00;1,726.25;4,009.00;797.50;1,776.00
May 17, 2024 1:00 PM;May 17, 2024 2:00 PM;3,879.75;2,298.75;1,624.25;19,830.75;22,755.25;101.50;-;5,458.50;1,792.75;4,214.25;319.75;1,787.50
May 17, 2024 2:00 PM;May 17, 2024 3:00 PM;3,816.25;2,160.25;1,475.25;19,300.50;21,108.75;103.25;-;5,969.50;1,974.25;4,230.00;106.50;1,808.50
May 17, 2024 3:00 PM;May 17, 2024 4:00 PM;3,835.00;2,116.75;1,341.00;18,998.25;18,860.75;103.50;-;5,928.50;2,048.50;4,577.75;105.00;1,788.75
May 17, 2024 4:00 PM;May 17, 2024 5:00 PM;3,974.75;2,396.25;1,359.50;18,024.50;15,886.75;102.50;-;6,012.50;2,223.25;4,662.25;457.25;1,807.75
May 17, 2024 5:00 PM;May 17, 2024 6:00 PM;4,185.25;2,418.75;2,430.75;17,904.50;11,599.00;102.00;-;6,131.75;2,225.00;5,058.25;1,362.25;1,798.75
May 17, 2024 6:00 PM;May 17, 2024 7:00 PM;4,401.75;2,449.00;3,292.25;17,724.75;6,830.00;103.00;-;6,208.75;2,500.50;5,484.00;2,048.75;1,814.00
May 17, 2024 7:00 PM;May 17, 2024 8:00 PM;4,578.25;2,545.75;3,844.75;15,892.75;2,840.50;103.25;-;6,540.75;2,871.50;6,454.00;4,002.75;1,810.25
May 17, 2024 8:00 PM;May 17, 2024 9:00 PM;4,613.75;2,555.25;3,817.25;13,990.50;561.25;104.00;-;6,834.25;2,667.50;6,816.50;5,184.75;1,937.25
May 17, 2024 9:00 PM;May 17, 2024 10:00 PM;4,574.25;2,618.50;3,786.00;14,010.00;11.50;105.00;-;6,701.00;2,645.50;6,831.25;4,506.25;2,019.50
May 17, 2024 10:00 PM;May 17, 2024 11:00 PM;4,403.50;2,564.75;3,736.25;13,044.25;3.00;104.25;-;6,558.00;2,532.50;6,940.50;2,923.75;2,057.50
May 17, 2024 11:00 PM;May 18, 2024 12:00 AM;4,243.00;2,491.75;3,652.75;12,090.50;4.75;104.00;-;6,336.25;2,434.00;6,392.50;1,548.50;1,923.75
May 18, 2024 12:00 AM;May 18, 2024 1:00 AM;4,120.00;2,606.00;4,165.00;10,743.00;7.25;104.25;-;6,036.00;2,213.50;4,291.25;1,308.25;1,913.75
May 18, 2024 1:00 AM;May 18, 2024 2:00 AM;4,078.25;2,653.50;4,067.75;9,572.75;3.25;104.25;-;5,944.00;1,993.50;3,228.00;845.50;1,917.50
May 18, 2024 2:00 AM;May 18, 2024 3:00 AM;4,018.75;2,456.75;3,513.00;9,109.25;3.50;104.00;-;5,248.75;1,835.00;3,065.00;488.75;1,916.50
May 18, 2024 3:00 AM;May 18, 2024 4:00 AM;4,001.00;2,401.25;2,958.75;8,599.50;2.50;104.00;-;5,064.75;1,829.50;2,972.25;273.50;1,888.50
May 18, 2024 4:00 AM;May 18, 2024 5:00 AM;4,056.25;2,576.25;2,413.25;8,063.00;5.50;104.25;-;5,160.50;1,549.00;2,981.00;375.25;1,881.75
May 18, 2024 5:00 AM;May 18, 2024 6:00 AM;4,130.25;2,428.50;1,955.00;7,534.50;183.25;105.50;-;5,266.25;1,526.75;2,578.25;385.50;1,869.25
May 18, 2024 6:00 AM;May 18, 2024 7:00 AM;4,260.50;2,557.50;1,791.25;6,649.75;1,887.50;105.25;-;5,134.75;1,527.50;2,557.00;587.25;1,844.50
May 18, 2024 7:00 AM;May 18, 2024 8:00 AM;4,325.50;2,468.50;1,548.25;4,810.00;6,439.75;103.75;-;5,093.75;1,528.50;2,605.50;1,075.50;1,859.50
May 18, 2024 8:00 AM;May 18, 2024 9:00 AM;4,283.25;2,606.75;1,371.50;3,491.75;13,112.50;102.50;-;4,782.00;1,522.25;2,578.00;946.75;1,862.75
May 18, 2024 9:00 AM;May 18, 2024 10:00 AM;4,060.25;2,396.00;1,101.50;3,510.75;20,098.75;102.00;-;3,711.75;1,395.50;2,406.75;671.50;1,882.50
May 18, 2024 10:00 AM;May 18, 2024 11:00 AM;3,909.50;2,238.50;871.25;4,387.75;25,204.75;100.50;-;2,901.75;1,195.75;2,310.50;474.50;1,900.50
May 18, 2024 11:00 AM;May 18, 2024 12:00 PM;3,920.00;2,226.25;989.25;5,169.00;28,640.00;100.00;-;2,824.00;1,100.75;2,225.25;77.75;1,907.00
May 18, 2024 12:00 PM;May 18, 2024 1:00 PM;3,871.75;2,191.75;997.50;5,724.75;30,208.50;97.25;-;2,876.50;962.50;2,255.25;150.75;1,938.00
May 18, 2024 1:00 PM;May 18, 2024 2:00 PM;3,837.50;2,161.00;929.25;5,814.75;29,548.25;99.00;-;2,891.25;869.75;2,249.75;83.75;1,900.00
May 18, 2024 2:00 PM;May 18, 2024 3:00 PM;3,803.50;2,102.75;980.25;5,705.75;27,407.00;97.75;-;2,902.75;847.50;2,279.25;24.50;1,936.00
May 18, 2024 3:00 PM;May 18, 2024 4:00 PM;3,807.25;2,157.75;1,119.00;5,608.75;24,464.00;97.25;-;3,017.75;837.25;2,306.25;90.25;1,933.50
May 18, 2024 4:00 PM;May 18, 2024 5:00 PM;3,912.00;2,187.25;1,274.50;5,706.25;20,900.75;96.75;-;3,734.50;845.50;2,394.75;58.00;1,960.25
May 18, 2024 5:00 PM;May 18, 2024 6:00 PM;4,086.00;2,413.75;1,442.75;5,687.75;15,674.75;98.75;-;4,637.00;876.25;3,100.75;398.00;1,961.50
May 18, 2024 6:00 PM;May 18, 2024 7:00 PM;4,366.00;2,449.00;1,575.50;5,512.75;9,445.00;99.00;-;5,382.75;875.50;5,039.00;2,053.00;1,966.75
May 18, 2024 7:00 PM;May 18, 2024 8:00 PM;4,549.25;2,599.00;1,813.25;4,648.50;3,882.50;100.00;-;5,798.75;872.75;6,873.25;4,411.75;1,939.00
May 18, 2024 8:00 PM;May 18, 2024 9:00 PM;4,608.25;2,724.50;2,212.75;3,843.50;770.50;100.75;-;5,848.50;869.00;7,489.50;5,933.00;1,950.25
May 18, 2024 9:00 PM;May 18, 2024 10:00 PM;4,529.50;2,486.75;2,515.75;3,976.75;13.75;102.25;-;5,772.25;850.75;7,259.00;4,261.25;1,963.75
May 18, 2024 10:00 PM;May 18, 2024 11:00 PM;4,404.50;2,573.00;2,191.50;3,635.25;3.00;102.00;-;5,817.25;818.00;6,628.50;3,699.50;1,971.50
May 18, 2024 11:00 PM;May 19, 2024 12:00 AM;4,296.25;2,596.75;1,687.75;3,462.00;5.75;102.50;-;5,851.75;788.25;6,304.25;3,187.00;1,988.25
May 19, 2024 12:00 AM;May 19, 2024 1:00 AM;4,179.00;2,559.75;1,213.75;3,325.25;6.50;102.50;-;5,721.75;784.50;5,638.25;1,829.50;1,955.75
May 19, 2024 1:00 AM;May 19, 2024 2:00 AM;4,088.25;2,491.75;1,120.00;3,234.25;5.75;102.75;-;5,902.00;772.00;4,514.00;605.50;1,931.50
May 19, 2024 2:00 AM;May 19, 2024 3:00 AM;4,040.50;2,494.50;1,186.50;3,328.25;3.50;103.00;-;6,065.50;760.75;3,255.00;486.50;1,944.75
May 19, 2024 3:00 AM;May 19, 2024 4:00 AM;3,980.75;2,558.50;1,114.75;3,179.75;2.75;103.25;-;6,046.00;749.00;3,063.75;714.50;1,961.25
May 19, 2024 4:00 AM;May 19, 2024 5:00 AM;4,051.75;2,410.00;1,190.50;3,181.25;4.00;104.50;-;5,842.75;742.00;2,980.75;615.25;1,902.00
May 19, 2024 5:00 AM;May 19, 2024 6:00 AM;4,090.00;2,398.75;1,108.25;3,418.50;191.25;104.00;-;5,644.25;746.75;2,984.00;420.25;1,907.75
May 19, 2024 6:00 AM;May 19, 2024 7:00 AM;4,166.50;2,376.25;1,141.25;3,290.50;2,164.75;104.00;-;5,239.25;747.50;3,018.25;275.25;1,925.00
May 19, 2024 7:00 AM;May 19, 2024 8:00 AM;4,174.00;2,311.25;1,156.00;2,506.75;6,924.00;102.75;-;4,480.50;762.50;2,880.50;557.75;1,919.75
May 19, 2024 8:00 AM;May 19, 2024 9:00 AM;4,126.50;2,257.25;1,044.25;1,874.50;13,779.25;101.75;-;3,615.75;766.00;2,370.75;38.75;1,894.00
May 19, 2024 9:00 AM;May 19, 2024 10:00 AM;4,049.00;2,264.25;979.25;1,915.50;20,502.00;101.75;-;3,423.75;761.00;2,175.00;158.25;1,892.25
May 19, 2024 10:00 AM;May 19, 2024 11:00 AM;3,979.25;2,288.50;772.25;2,384.00;25,004.50;100.75;-;3,438.00;769.25;2,190.75;272.00;1,924.50
May 19, 2024 11:00 AM;May 19, 2024 12:00 PM;3,902.00;2,131.50;898.00;2,488.50;27,626.75;98.50;-;3,348.00;871.75;2,158.50;102.50;1,953.25
May 19, 2024 12:00 PM;May 19, 2024 1:00 PM;3,825.25;2,122.50;782.50;2,575.50;28,862.50;99.00;-;3,362.00;940.50;2,125.50;2.75;1,946.00
May 19, 2024 1:00 PM;May 19, 2024 2:00 PM;3,797.25;2,174.75;765.00;2,752.75;28,948.25;98.00;-;3,375.00;841.25;2,135.25;5.25;1,957.00
May 19, 2024 2:00 PM;May 19, 2024 3:00 PM;3,698.00;2,167.25;900.00;3,544.50;28,031.50;98.50;-;3,376.50;836.50;2,117.50;23.00;1,937.50
May 19, 2024 3:00 PM;May 19, 2024 4:00 PM;3,647.75;2,102.75;1,230.50;4,655.75;26,010.50;99.00;-;3,395.25;770.00;2,077.25;66.00;1,878.50
May 19, 2024 4:00 PM;May 19, 2024 5:00 PM;3,707.75;2,199.00;2,234.75;5,124.50;22,449.00;93.50;-;3,489.75;792.00;2,139.75;20.50;1,886.25
May 19, 2024 5:00 PM;May 19, 2024 6:00 PM;3,882.50;2,248.00;3,039.50;4,280.25;17,022.25;90.25;-;3,655.50;930.25;2,195.50;83.75;1,865.75
May 19, 2024 6:00 PM;May 19, 2024 7:00 PM;4,290.00;2,471.50;3,967.00;4,234.50;10,795.00;90.00;-;4,632.00;1,133.75;2,693.25;809.00;1,851.50
May 19, 2024 7:00 PM;May 19, 2024 8:00 PM;4,509.75;2,582.25;3,987.25;3,356.50;4,503.75;92.00;-;6,021.00;1,228.00;4,139.25;3,083.00;1,912.50
May 19, 2024 8:00 PM;May 19, 2024 9:00 PM;4,586.75;2,628.00;3,825.50;2,799.25;923.50;95.50;-;6,305.25;1,236.50;4,881.25;4,154.25;1,936.25
May 19, 2024 9:00 PM;May 19, 2024 10:00 PM;4,562.75;2,689.00;3,885.75;2,388.75;22.50;98.50;-;6,375.25;1,239.75;4,929.75;5,013.75;1,944.00
May 19, 2024 10:00 PM;May 19, 2024 11:00 PM;4,454.25;2,629.75;3,696.25;2,064.00;6.50;97.75;-;6,375.75;1,227.25;4,929.75;4,679.50;1,931.75
May 19, 2024 11:00 PM;May 20, 2024 12:00 AM;4,294.00;2,567.25;3,381.50;1,823.75;4.00;100.00;-;6,316.50;1,200.50;4,791.00;3,745.00;1,879.75
May 20, 2024 12:00 AM;May 20, 2024 1:00 AM;4,140.75;2,568.00;3,054.25;1,643.25;3.25;100.75;-;6,051.75;1,184.50;4,274.25;1,994.25;1,941.50
May 20, 2024 1:00 AM;May 20, 2024 2:00 AM;4,068.50;2,451.00;2,655.75;1,735.75;3.00;101.00;-;6,079.00;1,043.75;3,578.50;1,007.50;1,905.50
May 20, 2024 2:00 AM;May 20, 2024 3:00 AM;4,025.00;2,487.00;2,317.75;1,875.50;4.00;102.00;-;6,077.50;851.75;3,286.25;665.75;1,837.50
May 20, 2024 3:00 AM;May 20, 2024 4:00 AM;4,014.50;2,595.25;1,956.75;1,688.50;3.50;103.00;-;6,097.75;754.75;2,864.00;582.00;1,781.25
May 20, 2024 4:00 AM;May 20, 2024 5:00 AM;4,092.75;2,629.75;1,784.00;1,462.25;4.00;101.00;-;6,123.75;748.25;2,915.00;1,199.00;1,813.75
May 20, 2024 5:00 AM;May 20, 2024 6:00 AM;4,215.75;2,486.00;1,601.00;1,401.25;262.00;101.75;-;6,145.75;750.25;2,947.75;2,015.50;1,807.00
May 20, 2024 6:00 AM;May 20, 2024 7:00 AM;4,334.25;2,508.00;1,435.25;1,279.00;2,793.75;103.00;-;6,123.75;768.25;2,934.00;2,596.25;1,781.50
May 20, 2024 7:00 AM;May 20, 2024 8:00 AM;4,311.25;2,429.00;1,288.75;713.00;9,074.00;102.25;-;6,086.50;781.50;2,611.25;1,446.00;1,781.25
May 20, 2024 8:00 AM;May 20, 2024 9:00 AM;4,155.00;2,198.00;1,125.75;456.50;18,086.25;100.75;-;5,146.00;776.00;2,352.75;401.00;1,762.00
May 20, 2024 9:00 AM;May 20, 2024 10:00 AM;4,042.25;2,157.00;976.50;684.25;26,332.00;100.00;-;3,410.00;764.00;2,156.25;91.00;1,765.75
May 20, 2024 10:00 AM;May 20, 2024 11:00 AM;3,961.50;2,097.25;916.50;923.00;33,591.25;99.00;-;3,245.50;748.50;2,033.75;42.25;1,749.00
May 20, 2024 11:00 AM;May 20, 2024 12:00 PM;3,898.75;2,088.50;958.50;1,230.75;37,542.00;98.25;-;3,218.50;750.50;1,997.25;82.00;1,750.50
May 20, 2024 12:00 PM;May 20, 2024 1:00 PM;3,830.50;2,087.00;1,081.25;1,425.25;39,081.75;97.25;-;3,219.25;753.75;1,969.75;76.00;1,755.00
May 20, 2024 1:00 PM;May 20, 2024 2:00 PM;3,805.50;2,061.00;1,033.00;1,660.25;38,723.00;96.50;-;3,201.25;727.25;1,948.75;42.00;1,758.00
May 20, 2024 2:00 PM;May 20, 2024 3:00 PM;3,782.00;2,080.00;1,076.00;2,228.50;36,602.50;96.00;-;3,204.25;709.25;1,987.50;55.00;1,785.50
May 20, 2024 3:00 PM;May 20, 2024 4:00 PM;3,795.50;2,164.75;1,315.25;3,149.75;32,949.25;96.00;-;3,216.25;717.50;2,023.50;87.50;1,775.00
May 20, 2024 4:00 PM;May 20, 2024 5:00 PM;3,871.50;2,055.75;1,622.25;3,704.25;27,901.50;95.25;-;3,526.50;735.75;2,121.50;315.25;1,768.50
May 20, 2024 5:00 PM;May 20, 2024 6:00 PM;4,000.00;2,269.75;2,119.25;3,656.75;21,104.75;95.75;-;4,809.75;794.25;2,617.00;97.75;1,770.00
May 20, 2024 6:00 PM;May 20, 2024 7:00 PM;4,273.25;2,520.00;2,363.00;3,494.75;12,612.25;96.25;-;5,830.75;865.00;3,827.00;1,551.50;1,536.75
May 20, 2024 7:00 PM;May 20, 2024 8:00 PM;4,430.25;2,717.00;2,028.00;3,893.25;5,285.00;96.25;-;6,201.00;1,042.75;4,761.50;4,419.25;1,533.25
May 20, 2024 8:00 PM;May 20, 2024 9:00 PM;4,545.50;2,725.50;2,088.00;4,464.50;1,179.25;94.50;-;6,437.50;1,166.75;5,127.25;4,772.00;1,547.25
May 20, 2024 9:00 PM;May 20, 2024 10:00 PM;4,468.50;2,713.00;2,576.50;6,326.00;29.50;97.50;-;6,518.75;1,224.00;5,277.00;4,675.75;1,531.75
May 20, 2024 10:00 PM;May 20, 2024 11:00 PM;4,335.00;2,541.75;3,000.50;9,510.75;5.50;97.00;-;6,437.00;1,155.00;5,412.25;3,482.25;1,558.00
May 20, 2024 11:00 PM;May 21, 2024 12:00 AM;4,091.25;2,283.75;3,386.00;11,561.25;3.25;97.75;-;6,184.25;1,093.25;4,689.50;1,235.75;1,569.75
May 21, 2024 12:00 AM;May 21, 2024 1:00 AM;3,950.25;2,234.00;4,109.25;12,299.75;3.00;96.00;-;5,869.25;1,012.00;3,927.00;341.00;1,437.75
May 21, 2024 1:00 AM;May 21, 2024 2:00 AM;3,897.75;2,223.00;4,504.50;12,482.50;3.00;95.25;-;5,640.25;928.75;3,530.25;285.25;1,462.00
May 21, 2024 2:00 AM;May 21, 2024 3:00 AM;3,816.75;2,247.75;4,294.75;11,866.50;3.00;96.50;-;5,470.50;938.00;3,586.50;177.00;1,468.50
May 21, 2024 3:00 AM;May 21, 2024 4:00 AM;3,895.25;2,236.25;4,610.75;11,397.00;3.00;98.50;-;5,499.00;941.25;3,569.00;170.25;1,442.25
May 21, 2024 4:00 AM;May 21, 2024 5:00 AM;3,955.00;2,147.25;4,833.75;11,593.25;4.50;98.00;-;5,524.50;956.50;3,591.50;261.50;1,433.00
May 21, 2024 5:00 AM;May 21, 2024 6:00 AM;4,083.50;2,190.50;4,432.75;11,760.50;286.75;100.00;-;5,951.25;1,026.50;4,111.00;357.50;1,454.75
May 21, 2024 6:00 AM;May 21, 2024 7:00 AM;4,333.00;2,441.75;4,191.25;11,011.25;2,560.25;100.00;-;6,676.25;1,084.75;4,651.75;3,712.25;1,444.50
May 21, 2024 7:00 AM;May 21, 2024 8:00 AM;4,442.50;2,649.75;3,923.75;8,907.50;7,709.75;98.00;-;6,639.00;1,111.25;4,576.75;5,375.75;1,437.00
May 21, 2024 8:00 AM;May 21, 2024 9:00 AM;4,409.75;2,521.25;3,937.50;7,057.75;14,360.75;97.25;-;6,389.00;991.50;4,720.50;3,981.25;1,424.25
May 21, 2024 9:00 AM;May 21, 2024 10:00 AM;4,166.25;2,437.00;3,983.25;7,070.00;20,805.00;96.00;-;5,810.00;1,176.25;4,745.00;1,537.50;1,388.50
May 21, 2024 10:00 AM;May 21, 2024 11:00 AM;3,963.75;2,393.00;3,184.00;9,567.00;25,845.25;94.75;-;6,071.00;1,283.50;4,799.00;818.00;1,393.25
May 21, 2024 11:00 AM;May 21, 2024 12:00 PM;3,853.25;2,470.25;1,868.00;11,773.50;28,542.25;94.25;-;5,967.25;1,743.00;4,862.00;56.50;1,405.50
May 21, 2024 12:00 PM;May 21, 2024 1:00 PM;3,766.75;2,419.75;865.75;13,253.50;28,558.75;95.00;-;5,894.75;1,852.00;5,227.00;40.75;1,428.00
May 21, 2024 1:00 PM;May 21, 2024 2:00 PM;3,665.25;2,338.00;775.50;13,879.00;25,986.25;94.50;-;6,340.50;1,960.25;5,487.50;142.25;1,468.75
May 21, 2024 2:00 PM;May 21, 2024 3:00 PM;3,705.25;2,474.25;858.25;14,879.50;22,404.50;97.25;-;6,540.00;1,985.25;5,966.50;693.25;1,496.00
May 21, 2024 3:00 PM;May 21, 2024 4:00 PM;3,797.25;2,406.50;2,419.00;16,676.25;18,533.75;96.25;-;6,049.75;1,894.50;6,191.75;96.25;1,493.50
May 21, 2024 4:00 PM;May 21, 2024 5:00 PM;3,924.00;2,192.75;3,244.50;18,075.25;13,980.25;99.00;-;5,902.75;1,867.50;6,523.00;190.25;1,514.50
May 21, 2024 5:00 PM;May 21, 2024 6:00 PM;4,117.75;2,435.25;3,172.00;18,812.25;9,233.75;99.75;-;6,057.75;1,855.25;7,491.00;766.75;1,521.00
May 21, 2024 6:00 PM;May 21, 2024 7:00 PM;4,380.75;2,503.50;3,046.25;18,958.75;5,147.75;102.25;-;6,263.75;1,847.50;8,053.00;3,557.00;1,506.50
May 21, 2024 7:00 PM;May 21, 2024 8:00 PM;4,476.75;2,389.00;3,745.00;19,540.25;2,247.75;102.25;-;6,184.75;1,868.00;8,060.25;3,551.50;1,484.25
May 21, 2024 8:00 PM;May 21, 2024 9:00 PM;4,474.25;2,528.50;3,741.75;19,981.00;478.50;103.00;-;6,132.00;1,882.25;8,115.50;2,944.25;1,463.50
May 21, 2024 9:00 PM;May 21, 2024 10:00 PM;4,383.50;2,586.25;2,994.75;20,380.75;9.50;100.25;-;6,495.50;1,820.00;7,454.00;2,311.50;1,424.25
May 21, 2024 10:00 PM;May 21, 2024 11:00 PM;4,257.25;2,411.00;3,098.25;19,605.50;2.25;103.75;-;6,087.00;1,780.50;6,980.00;1,624.25;1,447.75
May 21, 2024 11:00 PM;May 22, 2024 12:00 AM;4,034.75;2,332.50;2,840.50;19,434.25;3.25;102.50;-;5,802.50;1,762.25;6,541.50;429.75;1,486.50
May 22, 2024 12:00 AM;May 22, 2024 1:00 AM;3,893.75;2,321.25;3,719.50;19,488.00;2.25;102.50;-;5,934.75;1,689.75;6,927.00;187.25;1,788.75
May 22, 2024 1:00 AM;May 22, 2024 2:00 AM;3,836.00;2,214.00;3,478.25;19,169.25;2.00;104.50;-;5,970.25;1,652.25;6,907.25;39.25;1,784.75
May 22, 2024 2:00 AM;May 22, 2024 3:00 AM;3,822.00;2,208.75;3,577.25;19,072.75;2.00;104.00;-;5,808.75;1,704.50;6,783.25;83.50;1,780.50
May 22, 2024 3:00 AM;May 22, 2024 4:00 AM;3,809.50;2,239.50;3,565.75;18,861.00;2.00;103.25;-;5,764.75;1,709.25;6,662.75;48.00;1,744.25
May 22, 2024 4:00 AM;May 22, 2024 5:00 AM;3,837.00;2,226.00;3,379.75;17,441.50;3.50;100.75;-;5,975.75;1,726.00;6,810.75;133.00;1,731.25
May 22, 2024 5:00 AM;May 22, 2024 6:00 AM;3,938.00;2,274.50;4,214.00;16,490.25;186.25;102.50;-;6,177.75;1,782.25;7,026.25;95.50;1,702.25
May 22, 2024 6:00 AM;May 22, 2024 7:00 AM;4,187.50;2,490.50;4,905.75;16,117.75;1,584.00;101.50;-;6,747.50;1,859.75;6,704.00;959.25;1,674.75
May 22, 2024 7:00 AM;May 22, 2024 8:00 AM;4,364.25;2,682.50;4,903.75;14,121.50;4,483.50;98.75;-;7,037.00;1,915.75;6,745.75;3,185.75;1,675.25
May 22, 2024 8:00 AM;May 22, 2024 9:00 AM;4,330.50;2,415.75;5,243.25;12,044.00;8,686.00;96.00;-;7,104.75;1,943.00;6,713.75;3,070.50;1,667.25
May 22, 2024 9:00 AM;May 22, 2024 10:00 AM;4,149.25;2,396.50;6,019.75;10,989.25;13,137.75;95.25;-;6,846.25;1,701.00;5,593.00;1,693.25;1,660.00
May 22, 2024 10:00 AM;May 22, 2024 11:00 AM;3,965.25;2,239.75;6,379.25;10,762.75;17,113.00;96.00;-;6,279.50;1,088.00;4,502.00;366.00;1,685.25
May 22, 2024 11:00 AM;May 22, 2024 12:00 PM;3,824.25;2,344.00;4,984.25;10,747.50;19,898.00;96.25;-;6,256.25;1,079.00;4,243.25;635.50;1,721.00
May 22, 2024 12:00 PM;May 22, 2024 1:00 PM;3,660.50;2,331.25;3,607.25;10,775.75;21,081.50;96.75;-;6,519.00;1,102.75;3,875.75;670.00;1,697.25
May 22, 2024 1:00 PM;May 22, 2024 2:00 PM;3,639.50;2,255.75;2,615.50;10,935.00;22,012.75;97.25;-;6,547.00;939.50;3,626.75;167.25;1,684.75
May 22, 2024 2:00 PM;May 22, 2024 3:00 PM;3,620.25;2,243.00;2,310.25;11,268.50;21,507.75;97.25;-;5,753.25;867.00;3,327.50;129.00;1,727.25
May 22, 2024 3:00 PM;May 22, 2024 4:00 PM;3,660.75;2,210.50;2,199.00;11,877.50;20,544.50;97.75;-;5,516.25;896.50;3,384.75;76.00;1,737.25
May 22, 2024 4:00 PM;May 22, 2024 5:00 PM;3,811.75;2,245.00;2,074.00;11,635.75;18,631.00;99.25;-;6,599.25;1,156.75;3,654.25;33.75;1,761.75
May 22, 2024 5:00 PM;May 22, 2024 6:00 PM;3,967.25;2,324.25;2,086.00;10,914.50;15,321.75;99.50;-;7,762.50;1,559.25;5,662.50;206.25;1,769.75
May 22, 2024 6:00 PM;May 22, 2024 7:00 PM;4,157.25;2,459.00;1,730.00;9,337.75;9,713.00;117.00;-;8,222.25;1,689.50;6,653.25;1,336.75;1,762.75
May 22, 2024 7:00 PM;May 22, 2024 8:00 PM;4,343.75;2,610.75;1,546.75;7,432.00;4,220.75;119.50;-;9,625.75;1,866.00;7,723.50;3,618.75;1,749.00
May 22, 2024 8:00 PM;May 22, 2024 9:00 PM;4,389.50;2,764.50;1,435.75;5,440.75;919.50;120.00;-;9,976.25;2,123.00;8,355.50;4,339.50;1,738.00
May 22, 2024 9:00 PM;May 22, 2024 10:00 PM;4,331.25;2,758.50;1,440.00;4,358.50;17.50;121.00;-;10,104.00;2,282.00;8,393.00;4,768.50;1,644.00
May 22, 2024 10:00 PM;May 22, 2024 11:00 PM;4,133.25;2,608.50;1,410.50;4,652.75;4.25;121.00;-;10,234.25;2,199.75;7,953.25;3,373.50;1,610.75
May 22, 2024 11:00 PM;May 23, 2024 12:00 AM;3,946.25;2,480.25;1,099.25;5,812.00;2.75;122.00;-;9,999.50;1,773.50;6,836.25;1,496.50;1,612.25
May 23, 2024 12:00 AM;May 23, 2024 1:00 AM;3,811.50;2,466.25;902.75;7,146.50;2.25;122.00;-;9,037.25;1,245.50;6,021.25;274.25;1,635.00
May 23, 2024 1:00 AM;May 23, 2024 2:00 AM;3,728.25;2,393.50;841.25;8,476.75;2.00;122.00;-;8,717.00;1,221.00;4,743.00;3.25;1,622.00
May 23, 2024 2:00 AM;May 23, 2024 3:00 AM;3,692.00;2,430.25;853.75;9,300.00;2.00;122.75;-;8,531.00;1,238.25;4,314.25;25.00;1,639.50
May 23, 2024 3:00 AM;May 23, 2024 4:00 AM;3,683.00;2,369.25;862.75;9,779.50;2.00;123.00;-;8,549.50;1,182.75;4,496.50;0.25;1,613.25
May 23, 2024 4:00 AM;May 23, 2024 5:00 AM;3,730.25;2,355.75;942.00;8,891.50;3.25;123.00;-;8,765.00;1,198.00;4,337.00;51.75;1,621.75
May 23, 2024 5:00 AM;May 23, 2024 6:00 AM;3,851.00;2,420.25;930.25;8,308.50;271.25;123.00;-;9,891.75;1,499.50;5,158.75;359.25;1,616.50
May 23, 2024 6:00 AM;May 23, 2024 7:00 AM;4,134.00;2,542.75;1,116.00;7,381.50;2,730.50;122.25;-;10,649.50;2,390.00;5,928.75;2,334.00;1,601.50
May 23, 2024 7:00 AM;May 23, 2024 8:00 AM;4,261.00;2,779.50;1,262.00;5,527.75;8,811.75;120.75;-;10,623.00;2,570.25;6,163.50;4,001.75;1,600.25
May 23, 2024 8:00 AM;May 23, 2024 9:00 AM;4,141.00;2,256.00;978.00;4,639.00;17,361.50;118.25;-;10,401.75;2,155.25;5,811.50;1,412.50;1,623.00
May 23, 2024 9:00 AM;May 23, 2024 10:00 AM;3,920.25;2,237.25;974.00;5,312.00;25,391.75;113.25;-;9,156.75;1,560.50;3,870.00;238.50;1,631.75
May 23, 2024 10:00 AM;May 23, 2024 11:00 AM;3,758.50;2,311.00;1,062.25;5,935.75;30,941.00;109.00;-;7,735.75;1,427.75;3,199.25;91.25;1,614.75
May 23, 2024 11:00 AM;May 23, 2024 12:00 PM;3,665.50;2,337.50;1,002.75;6,246.75;33,781.75;110.25;-;6,519.50;1,402.50;3,075.25;82.50;1,617.75
May 23, 2024 12:00 PM;May 23, 2024 1:00 PM;3,623.75;2,267.50;1,057.00;6,154.25;34,131.00;110.25;-;6,231.75;1,393.50;2,988.75;114.75;1,596.75
May 23, 2024 1:00 PM;May 23, 2024 2:00 PM;3,640.50;2,305.25;1,085.00;5,419.00;33,320.75;111.25;-;6,180.50;1,347.00;2,926.00;110.00;1,597.00
May 23, 2024 2:00 PM;May 23, 2024 3:00 PM;3,634.00;2,118.25;1,090.25;4,957.50;31,944.25;111.75;-;6,145.50;1,268.00;2,811.50;29.25;1,607.00
May 23, 2024 3:00 PM;May 23, 2024 4:00 PM;3,699.50;2,218.75;1,054.00;4,133.25;28,141.25;111.75;-;7,420.25;1,249.50;3,096.50;83.50;1,609.75
May 23, 2024 4:00 PM;May 23, 2024 5:00 PM;3,815.50;2,410.50;1,089.75;3,190.75;23,250.00;114.75;-;8,735.00;1,585.00;4,249.25;151.00;1,599.75
May 23, 2024 5:00 PM;May 23, 2024 6:00 PM;3,936.50;2,500.50;973.25;2,521.00;17,309.50;106.75;-;9,547.50;2,219.00;8,445.75;906.75;1,638.50
May 23, 2024 6:00 PM;May 23, 2024 7:00 PM;4,197.00;2,635.25;908.25;1,840.50;10,304.75;106.00;-;9,994.00;3,012.50;10,371.00;2,269.75;1,634.25
May 23, 2024 7:00 PM;May 23, 2024 8:00 PM;4,362.25;2,730.50;891.75;1,560.25;4,368.75;107.50;-;9,956.75;3,259.50;11,106.25;4,068.25;1,662.75
May 23, 2024 8:00 PM;May 23, 2024 9:00 PM;4,414.00;2,713.00;797.25;1,386.25;1,092.25;109.00;-;9,961.50;3,339.25;11,407.50;5,303.00;1,742.50
May 23, 2024 9:00 PM;May 23, 2024 10:00 PM;4,359.50;2,781.50;661.50;1,532.25;40.25;112.00;-;9,929.75;3,331.50;11,462.75;5,150.50;1,704.00
May 23, 2024 10:00 PM;May 23, 2024 11:00 PM;4,205.25;2,718.25;615.25;1,791.25;3.75;113.00;-;9,915.50;3,265.00;11,242.25;3,754.25;1,665.25
May 23, 2024 11:00 PM;May 24, 2024 12:00 AM;4,008.25;2,486.00;576.25;2,036.50;2.00;114.25;-;9,906.00;2,845.00;10,768.50;1,924.25;1,668.25
May 24, 2024 12:00 AM;May 24, 2024 1:00 AM;3,852.75;2,437.25;588.25;2,120.00;2.50;113.00;-;10,165.75;2,662.00;10,114.50;526.25;1,705.75
May 24, 2024 1:00 AM;May 24, 2024 2:00 AM;3,799.00;2,330.75;541.00;1,841.25;2.00;112.00;-;10,225.25;2,225.00;9,292.00;169.25;1,705.50
May 24, 2024 2:00 AM;May 24, 2024 3:00 AM;3,748.00;2,334.25;398.25;1,621.25;2.00;112.00;-;10,186.75;2,049.50;9,429.00;142.75;1,806.50
May 24, 2024 3:00 AM;May 24, 2024 4:00 AM;3,703.00;2,290.00;251.25;1,712.50;2.00;112.00;-;10,114.75;1,770.00;9,270.50;282.00;1,779.00
May 24, 2024 4:00 AM;May 24, 2024 5:00 AM;3,764.75;2,253.50;206.50;1,890.75;4.25;112.00;-;10,152.50;2,174.00;9,353.50;158.25;1,764.50
May 24, 2024 5:00 AM;May 24, 2024 6:00 AM;3,929.25;2,427.25;288.50;2,250.00;302.00;112.75;-;10,294.00;2,839.25;9,746.25;531.25;1,766.25
May 24, 2024 6:00 AM;May 24, 2024 7:00 AM;4,192.75;2,559.00;299.25;2,640.50;2,263.50;112.00;-;10,321.50;3,062.00;10,200.00;1,903.50;1,739.25
May 24, 2024 7:00 AM;May 24, 2024 8:00 AM;4,270.00;2,684.75;431.25;2,428.25;6,758.50;112.50;-;10,310.25;2,939.75;10,334.75;3,081.25;1,729.00
May 24, 2024 8:00 AM;May 24, 2024 9:00 AM;4,196.25;2,640.25;474.50;1,559.75;13,258.00;110.00;-;10,287.25;2,755.25;10,239.75;2,333.25;1,709.25
May 24, 2024 9:00 AM;May 24, 2024 10:00 AM;3,963.50;2,571.75;353.50;1,471.50;19,909.00;114.50;-;9,964.00;2,678.50;9,105.75;690.00;1,697.75
May 24, 2024 10:00 AM;May 24, 2024 11:00 AM;3,805.00;2,637.75;229.25;1,918.25;25,024.75;114.25;-;9,343.75;2,591.75;6,600.25;330.75;1,643.75
May 24, 2024 11:00 AM;May 24, 2024 12:00 PM;3,740.00;2,628.75;127.50;2,506.75;27,915.25;112.75;-;8,749.75;2,334.25;5,544.50;477.50;1,675.25
May 24, 2024 12:00 PM;May 24, 2024 1:00 PM;3,698.25;2,558.50;106.75;3,184.75;28,566.50;113.75;-;8,561.25;2,178.25;5,486.50;181.50;1,691.50
May 24, 2024 1:00 PM;May 24, 2024 2:00 PM;3,694.25;2,518.50;135.25;3,973.50;28,315.25;116.25;-;8,122.00;2,306.50;5,343.50;187.75;1,630.25
May 24, 2024 2:00 PM;May 24, 2024 3:00 PM;3,675.00;2,413.00;215.25;5,418.75;26,396.00;116.00;-;7,946.00;2,313.00;5,124.25;81.50;1,650.50
May 24, 2024 3:00 PM;May 24, 2024 4:00 PM;3,695.25;2,490.25;403.00;7,346.50;23,206.00;116.25;-;7,550.00;2,222.25;4,716.75;138.25;1,646.50
May 24, 2024 4:00 PM;May 24, 2024 5:00 PM;3,783.00;2,474.75;648.75;8,006.00;19,518.50;116.75;-;6,944.75;1,739.25;4,808.50;451.25;1,627.25
May 24, 2024 5:00 PM;May 24, 2024 6:00 PM;3,957.25;2,514.75;945.50;8,467.50;14,280.25;116.25;-;8,333.00;1,633.75;7,110.75;601.75;1,611.50
May 24, 2024 6:00 PM;May 24, 2024 7:00 PM;4,215.50;2,615.25;1,120.00;8,200.50;8,552.00;116.25;-;9,058.00;2,205.75;9,389.25;1,849.25;1,619.25
May 24, 2024 7:00 PM;May 24, 2024 8:00 PM;4,338.50;2,834.75;1,297.75;6,829.25;3,704.50;116.25;-;9,687.00;2,433.75;10,090.00;4,267.50;1,690.50
May 24, 2024 8:00 PM;May 24, 2024 9:00 PM;4,368.25;2,802.50;1,600.00;5,668.75;863.50;117.00;-;10,023.00;2,462.75;10,288.00;4,140.75;1,751.00
May 24, 2024 9:00 PM;May 24, 2024 10:00 PM;4,316.00;2,868.50;1,950.50;4,661.25;27.50;118.00;-;9,666.00;2,308.50;10,387.25;3,991.75;1,795.50
May 24, 2024 10:00 PM;May 24, 2024 11:00 PM;4,193.50;2,878.00;2,128.50;4,176.25;3.75;118.25;-;9,451.50;2,165.25;10,446.50;2,763.25;1,833.75
May 24, 2024 11:00 PM;May 25, 2024 12:00 AM;4,000.75;2,780.75;2,382.75;4,617.50;3.00;118.00;-;9,542.75;1,868.50;8,688.00;1,055.25;1,794.25
May 25, 2024 12:00 AM;May 25, 2024 1:00 AM;3,890.00;2,643.75;2,373.25;4,550.50;3.75;118.25;-;9,376.75;1,527.50;5,818.00;540.75;1,707.75
May 25, 2024 1:00 AM;May 25, 2024 2:00 AM;3,843.75;2,825.25;2,394.75;4,286.00;6.75;119.25;-;9,271.25;1,313.50;4,736.50;642.50;1,710.00
May 25, 2024 2:00 AM;May 25, 2024 3:00 AM;3,805.75;2,647.50;2,109.50;4,045.75;2.00;119.00;-;9,007.00;1,295.25;4,607.25;289.75;1,731.75
May 25, 2024 3:00 AM;May 25, 2024 4:00 AM;3,785.00;2,550.50;1,762.50;4,185.75;2.00;119.50;-;8,338.75;1,300.50;4,573.00;171.75;1,709.25
May 25, 2024 4:00 AM;May 25, 2024 5:00 AM;3,836.25;2,661.75;1,742.00;4,057.00;4.25;120.00;-;8,317.50;1,276.75;4,591.25;381.75;1,716.00
May 25, 2024 5:00 AM;May 25, 2024 6:00 AM;3,895.25;2,586.25;2,017.25;3,900.50;289.25;119.50;-;8,395.75;1,276.75;4,585.00;158.75;1,709.75
May 25, 2024 6:00 AM;May 25, 2024 7:00 AM;3,986.50;2,303.50;2,270.25;3,715.25;2,422.75;119.75;-;8,104.25;1,164.50;4,470.50;206.75;1,715.25
May 25, 2024 7:00 AM;May 25, 2024 8:00 AM;4,043.50;2,383.75;2,424.00;2,688.25;6,956.50;119.50;-;7,689.00;989.75;4,359.00;451.25;1,717.00
May 25, 2024 8:00 AM;May 25, 2024 9:00 AM;3,981.75;2,456.25;2,423.75;1,921.25;12,978.50;118.75;-;6,916.50;879.00;3,538.25;995.75;1,730.00
May 25, 2024 9:00 AM;May 25, 2024 10:00 AM;3,860.75;2,376.75;2,381.25;1,548.00;19,216.75;118.25;-;5,980.75;876.00;3,478.00;471.75;1,726.75
May 25, 2024 10:00 AM;May 25, 2024 11:00 AM;3,762.00;2,287.75;2,086.00;1,485.50;25,413.75;118.75;-;4,858.75;871.25;3,545.00;99.75;1,742.00
May 25, 2024 11:00 AM;May 25, 2024 12:00 PM;3,685.00;2,264.50;1,540.50;1,521.25;30,173.00;118.00;-;4,551.25;863.00;3,281.25;103.00;1,732.00
May 25, 2024 12:00 PM;May 25, 2024 1:00 PM;3,652.75;2,323.00;1,274.50;1,689.25;33,046.00;117.25;-;4,573.75;849.25;3,170.25;34.25;1,617.50
May 25, 2024 1:00 PM;May 25, 2024 2:00 PM;3,630.25;2,202.75;1,187.75;1,703.00;33,603.75;118.25;-;4,540.50;848.50;2,870.00;13.75;1,609.00
May 25, 2024 2:00 PM;May 25, 2024 3:00 PM;3,630.25;2,173.75;903.75;1,606.00;32,790.75;117.25;-;4,527.00;845.00;2,824.00;34.50;1,639.50
May 25, 2024 3:00 PM;May 25, 2024 4:00 PM;3,665.75;2,229.25;909.25;1,467.75;30,435.25;117.50;-;4,523.75;846.25;2,892.00;21.25;1,656.50
May 25, 2024 4:00 PM;May 25, 2024 5:00 PM;3,769.50;2,246.00;902.50;1,613.25;25,768.00;117.50;-;4,769.25;862.00;2,939.50;31.50;1,667.25
May 25, 2024 5:00 PM;May 25, 2024 6:00 PM;3,888.75;2,292.75;1,363.50;1,828.00;19,502.00;116.25;-;5,971.75;894.25;3,617.00;228.75;1,680.75
May 25, 2024 6:00 PM;May 25, 2024 7:00 PM;4,110.75;2,351.00;1,379.00;1,688.75;12,110.00;116.00;-;7,514.50;943.75;5,066.00;1,087.75;1,624.75
May 25, 2024 7:00 PM;May 25, 2024 8:00 PM;4,313.00;2,586.50;1,437.50;1,714.00;5,623.25;116.25;-;8,067.50;1,023.75;6,598.75;2,746.25;1,623.50
May 25, 2024 8:00 PM;May 25, 2024 9:00 PM;4,385.00;2,655.50;1,718.25;1,438.50;1,448.00;115.75;-;8,186.00;1,037.50;7,284.50;3,946.50;1,593.25
May 25, 2024 9:00 PM;May 25, 2024 10:00 PM;4,360.50;2,549.25;1,735.25;1,346.75;53.75;116.25;-;8,198.25;1,021.00;7,255.50;3,682.25;1,634.25
May 25, 2024 10:00 PM;May 25, 2024 11:00 PM;4,259.25;2,578.75;1,359.00;2,026.00;4.75;117.25;-;8,248.75;920.00;6,973.25;4,087.25;1,655.00
May 25, 2024 11:00 PM;May 26, 2024 12:00 AM;4,094.25;2,357.25;1,318.50;1,962.50;4.50;118.25;-;8,182.75;859.75;5,965.00;2,806.25;1,659.00
May 26, 2024 12:00 AM;May 26, 2024 1:00 AM;3,974.75;2,381.00;1,156.75;1,593.00;9.50;118.50;-;8,214.00;820.25;5,200.75;2,168.25;1,701.75
May 26, 2024 1:00 AM;May 26, 2024 2:00 AM;3,923.00;2,288.50;640.75;1,169.75;5.50;119.00;-;8,116.25;804.75;4,399.00;711.00;1,678.25
May 26, 2024 2:00 AM;May 26, 2024 3:00 AM;3,876.00;2,299.00;554.25;982.50;3.25;117.50;-;7,946.25;810.50;4,167.50;642.50;1,703.50
May 26, 2024 3:00 AM;May 26, 2024 4:00 AM;3,863.25;2,306.00;486.75;958.75;2.25;117.25;-;7,650.50;813.75;4,037.75;313.50;1,709.50
May 26, 2024 4:00 AM;May 26, 2024 5:00 AM;3,875.50;2,271.00;390.25;932.75;5.25;117.75;-;7,461.75;809.00;3,372.50;101.25;1,728.75
May 26, 2024 5:00 AM;May 26, 2024 6:00 AM;3,906.50;2,252.50;211.75;1,246.25;353.75;118.50;-;6,527.00;803.25;3,291.00;223.50;1,770.50
May 26, 2024 6:00 AM;May 26, 2024 7:00 AM;3,964.25;2,264.75;120.50;1,420.50;3,224.00;118.75;-;4,671.50;810.00;3,205.50;265.50;1,851.75
May 26, 2024 7:00 AM;May 26, 2024 8:00 AM;3,973.75;2,195.50;113.50;1,388.50;10,318.50;117.50;-;4,104.25;818.00;3,089.50;333.00;1,829.75
May 26, 2024 8:00 AM;May 26, 2024 9:00 AM;3,914.25;2,151.50;120.75;818.50;20,136.00;116.00;-;3,999.50;830.00;2,484.00;101.00;1,762.25
May 26, 2024 9:00 AM;May 26, 2024 10:00 AM;3,834.75;2,155.75;199.00;786.25;29,932.25;115.50;-;4,037.25;820.25;2,352.75;44.25;1,750.75
May 26, 2024 10:00 AM;May 26, 2024 11:00 AM;3,765.75;1,986.75;283.00;1,089.25;36,398.50;113.75;-;3,897.00;812.25;2,318.00;39.25;1,693.50
May 26, 2024 11:00 AM;May 26, 2024 12:00 PM;3,701.50;2,046.00;255.25;1,494.75;39,028.25;112.00;-;3,881.50;824.50;2,369.25;48.75;1,770.00
May 26, 2024 12:00 PM;May 26, 2024 1:00 PM;3,651.50;2,005.50;391.00;2,256.00;39,018.50;113.25;-;3,963.25;822.00;2,389.25;84.25;1,777.50
May 26, 2024 1:00 PM;May 26, 2024 2:00 PM;3,631.25;2,020.25;383.75;2,960.25;36,746.75;114.25;-;4,308.50;800.50;2,368.00;44.50;1,761.25
May 26, 2024 2:00 PM;May 26, 2024 3:00 PM;3,605.75;2,028.00;427.00;3,622.50;32,961.50;114.00;-;4,343.50;807.50;2,377.00;51.75;1,779.00
May 26, 2024 3:00 PM;May 26, 2024 4:00 PM;3,596.75;2,117.00;521.00;4,925.25;28,922.25;113.50;-;4,406.50;820.50;2,354.25;63.00;1,778.50
May 26, 2024 4:00 PM;May 26, 2024 5:00 PM;3,699.50;2,171.75;840.50;5,791.00;23,812.75;113.25;-;4,670.00;878.00;2,467.50;180.75;1,795.00
May 26, 2024 5:00 PM;May 26, 2024 6:00 PM;3,805.75;2,255.25;2,739.00;6,454.00;17,813.25;112.00;-;4,796.00;911.25;2,601.00;249.75;1,795.25
May 26, 2024 6:00 PM;May 26, 2024 7:00 PM;4,005.00;2,345.25;2,274.50;8,684.50;10,850.50;112.50;-;5,777.50;955.75;3,847.50;702.50;1,813.00
May 26, 2024 7:00 PM;May 26, 2024 8:00 PM;4,231.25;2,616.50;1,275.50;9,273.75;4,855.25;113.75;-;7,855.25;1,041.50;5,104.75;2,450.50;1,792.50
May 26, 2024 8:00 PM;May 26, 2024 9:00 PM;4,308.50;2,660.00;1,594.50;9,406.00;1,162.50;114.25;-;8,551.00;1,194.75;5,343.25;2,623.75;1,804.50
May 26, 2024 9:00 PM;May 26, 2024 10:00 PM;4,247.25;2,649.50;1,199.75;9,956.50;31.75;114.25;-;8,463.25;1,399.00;5,346.25;2,289.75;1,827.00
May 26, 2024 10:00 PM;May 26, 2024 11:00 PM;4,156.00;2,848.50;1,616.75;9,817.75;4.50;115.75;-;8,448.00;1,398.75;5,605.25;2,764.00;1,851.00
May 26, 2024 11:00 PM;May 27, 2024 12:00 AM;3,981.25;2,349.50;1,955.50;9,973.75;3.00;116.50;-;8,019.00;1,302.50;5,114.75;482.50;1,869.00
May 27, 2024 12:00 AM;May 27, 2024 1:00 AM;3,787.75;2,488.00;1,890.50;8,629.75;4.25;117.00;-;7,613.25;1,301.50;4,765.25;771.75;1,853.75
May 27, 2024 1:00 AM;May 27, 2024 2:00 AM;3,678.75;2,323.75;2,083.00;7,902.50;4.00;117.25;-;7,854.25;1,277.75;4,533.00;49.50;1,879.50
May 27, 2024 2:00 AM;May 27, 2024 3:00 AM;3,558.75;2,176.00;2,359.75;7,311.00;3.00;117.50;-;7,763.00;1,156.50;4,299.00;6.00;1,885.00
May 27, 2024 3:00 AM;May 27, 2024 4:00 AM;3,525.50;2,132.25;2,779.00;6,846.75;2.25;117.00;-;8,018.25;1,061.25;4,140.75;2.25;1,866.75
May 27, 2024 4:00 AM;May 27, 2024 5:00 AM;3,579.00;2,131.50;3,393.25;6,403.25;4.00;117.00;-;8,353.25;1,206.50;4,225.00;2.25;1,858.50
May 27, 2024 5:00 AM;May 27, 2024 6:00 AM;3,689.00;2,192.00;3,483.50;5,927.00;313.50;117.50;-;9,046.75;1,492.00;4,669.25;182.50;1,868.00
May 27, 2024 6:00 AM;May 27, 2024 7:00 AM;3,926.50;2,531.75;3,387.75;5,176.00;2,385.50;116.50;-;10,021.25;1,595.50;5,771.75;1,528.75;1,770.00
May 27, 2024 7:00 AM;May 27, 2024 8:00 AM;4,022.75;2,469.75;3,228.00;3,765.00;6,542.00;113.00;-;10,310.00;1,699.75;6,664.50;3,228.75;1,769.25
May 27, 2024 8:00 AM;May 27, 2024 9:00 AM;3,932.75;2,424.25;2,907.00;2,358.25;12,488.00;110.50;-;9,961.50;1,544.25;6,246.00;2,195.50;1,784.25
May 27, 2024 9:00 AM;May 27, 2024 10:00 AM;3,735.75;2,239.50;2,829.75;1,957.00;19,705.00;110.75;-;9,428.50;1,265.50;5,078.00;569.00;1,770.00
May 27, 2024 10:00 AM;May 27, 2024 11:00 AM;3,556.75;2,210.75;2,970.50;2,234.25;25,542.25;109.75;-;7,735.75;1,168.75;3,578.25;212.50;1,770.00
May 27, 2024 11:00 AM;May 27, 2024 12:00 PM;3,506.25;2,203.75;2,478.00;2,470.25;28,897.50;107.25;-;6,218.25;1,062.25;3,237.75;484.50;1,775.25
May 27, 2024 12:00 PM;May 27, 2024 1:00 PM;3,596.00;2,140.25;2,072.75;2,872.00;31,373.25;107.75;-;5,779.00;1,149.25;3,210.50;253.50;1,790.25
May 27, 2024 1:00 PM;May 27, 2024 2:00 PM;3,615.00;2,205.25;1,888.25;2,886.25;31,727.00;109.50;-;5,547.25;1,200.00;3,175.00;163.75;1,789.75
May 27, 2024 2:00 PM;May 27, 2024 3:00 PM;3,632.50;2,176.50;1,717.00;2,484.25;30,936.75;112.00;-;6,945.50;1,256.25;3,307.00;93.50;1,779.50
May 27, 2024 3:00 PM;May 27, 2024 4:00 PM;3,736.00;2,173.50;1,352.75;2,317.75;28,509.50;112.25;-;7,796.75;1,348.25;3,460.25;85.50;1,829.00
May 27, 2024 4:00 PM;May 27, 2024 5:00 PM;3,941.50;2,226.25;1,183.00;2,316.75;22,818.00;112.75;-;8,545.00;1,634.75;4,372.50;439.00;1,824.50
May 27, 2024 5:00 PM;May 27, 2024 6:00 PM;4,144.75;2,523.75;836.25;2,213.00;15,288.50;115.00;-;9,568.75;2,115.25;8,031.00;1,558.25;1,836.00
May 27, 2024 6:00 PM;May 27, 2024 7:00 PM;4,403.75;2,809.75;530.75;2,500.75;8,252.25;116.00;-;10,594.25;2,461.00;10,917.00;3,389.25;1,792.50
May 27, 2024 7:00 PM;May 27, 2024 8:00 PM;4,531.50;3,035.00;277.00;2,592.25;3,383.25;117.25;-;10,656.25;2,795.50;11,734.25;4,344.00;1,778.50
May 27, 2024 8:00 PM;May 27, 2024 9:00 PM;4,552.00;2,970.25;291.50;3,164.75;803.50;120.00;-;10,780.50;2,818.25;11,705.25;4,505.50;1,847.75
May 27, 2024 9:00 PM;May 27, 2024 10:00 PM;4,489.00;2,702.50;235.25;3,704.00;25.50;121.00;-;10,949.00;2,584.50;11,102.75;3,760.00;1,853.25
May 27, 2024 10:00 PM;May 27, 2024 11:00 PM;4,334.50;2,744.50;239.75;3,576.25;4.75;121.25;-;10,824.50;2,378.00;10,990.00;2,954.50;1,810.50
May 27, 2024 11:00 PM;May 28, 2024 12:00 AM;4,147.00;2,669.75;161.75;3,965.50;2.50;122.00;-;10,866.25;2,241.00;9,957.00;1,744.25;1,755.75
May 28, 2024 12:00 AM;May 28, 2024 1:00 AM;3,980.25;2,462.75;34.50;4,664.75;2.75;123.00;-;10,891.75;2,031.75;6,444.75;595.50;1,746.25
May 28, 2024 1:00 AM;May 28, 2024 2:00 AM;3,906.00;2,385.00;29.00;5,634.50;3.25;122.25;-;10,887.25;1,669.00;5,270.50;345.00;1,736.50
May 28, 2024 2:00 AM;May 28, 2024 3:00 AM;3,865.00;2,474.75;203.00;6,531.50;2.00;121.75;-;10,752.75;1,325.50;4,807.00;142.25;1,720.00
May 28, 2024 3:00 AM;May 28, 2024 4:00 AM;3,851.25;2,419.50;296.75;6,865.75;2.00;121.25;-;10,407.50;1,336.00;4,696.75;82.25;1,705.50
May 28, 2024 4:00 AM;May 28, 2024 5:00 AM;3,902.50;2,435.00;491.00;7,434.75;3.25;120.75;-;10,673.00;1,400.50;4,664.50;61.50;1,719.50
May 28, 2024 5:00 AM;May 28, 2024 6:00 AM;4,033.25;2,380.50;495.25;8,321.00;178.25;122.50;-;10,748.25;1,736.75;5,443.00;222.75;1,702.25
May 28, 2024 6:00 AM;May 28, 2024 7:00 AM;4,275.50;2,883.25;568.75;8,399.25;1,857.25;122.00;-;10,777.25;2,538.25;6,032.25;1,892.25;1,677.00
May 28, 2024 7:00 AM;May 28, 2024 8:00 AM;4,370.75;2,982.50;489.25;7,443.00;5,694.25;121.25;-;10,763.50;2,670.75;6,319.00;3,165.50;1,703.00
May 28, 2024 8:00 AM;May 28, 2024 9:00 AM;4,293.00;2,611.00;485.00;7,129.25;11,375.50;121.25;-;10,682.75;2,596.00;6,227.50;1,837.50;1,649.50
May 28, 2024 9:00 AM;May 28, 2024 10:00 AM;4,057.50;2,516.00;479.50;7,337.25;17,740.25;119.50;-;10,251.50;2,161.25;5,381.00;467.00;1,681.75
May 28, 2024 10:00 AM;May 28, 2024 11:00 AM;3,912.00;2,490.00;561.50;7,325.00;22,778.50;120.00;-;9,093.50;1,530.50;3,558.25;159.50;1,667.25
May 28, 2024 11:00 AM;May 28, 2024 12:00 PM;3,865.00;2,464.50;715.50;7,202.75;25,143.50;119.50;-;8,446.75;1,373.00;3,590.25;173.75;1,662.75
May 28, 2024 12:00 PM;May 28, 2024 1:00 PM;3,815.25;2,409.50;1,170.00;6,763.25;26,810.50;118.50;-;8,020.25;1,387.25;3,445.75;9.00;1,662.00
May 28, 2024 1:00 PM;May 28, 2024 2:00 PM;3,790.25;2,404.50;1,363.75;6,051.25;28,663.75;116.50;-;7,985.25;1,349.75;3,306.50;2.50;1,714.75
May 28, 2024 2:00 PM;May 28, 2024 3:00 PM;3,771.25;2,352.25;1,238.25;5,915.00;29,867.75;118.50;-;7,911.50;1,331.75;3,155.00;1.00;1,683.00
May 28, 2024 3:00 PM;May 28, 2024 4:00 PM;3,810.75;2,387.25;1,140.75;5,778.50;28,919.50;119.00;-;7,905.25;1,320.75;3,206.00;16.00;1,672.00
May 28, 2024 4:00 PM;May 28, 2024 5:00 PM;3,937.25;2,478.00;1,086.50;5,628.00;25,810.00;122.00;-;8,798.25;1,317.00;3,371.00;78.00;1,688.25
May 28, 2024 5:00 PM;May 28, 2024 6:00 PM;4,125.50;2,571.00;792.25;5,040.50;19,969.75;121.00;-;10,180.50;1,735.50;4,928.75;676.25;1,698.00
May 28, 2024 6:00 PM;May 28, 2024 7:00 PM;4,385.75;2,519.00;601.25;4,472.75;12,541.00;120.25;-;10,666.25;2,474.25;7,702.50;2,420.00;1,657.50
May 28, 2024 7:00 PM;May 28, 2024 8:00 PM;4,538.75;2,898.25;533.25;4,248.75;5,431.25;121.25;-;10,828.25;2,651.50;8,480.25;3,780.00;1,647.50
May 28, 2024 8:00 PM;May 28, 2024 9:00 PM;4,548.50;2,664.00;1,190.50;4,383.50;1,250.00;117.00;-;10,818.25;2,522.50;8,572.50;4,649.75;1,699.75
May 28, 2024 9:00 PM;May 28, 2024 10:00 PM;4,460.00;2,706.75;2,418.75;5,411.25;34.75;123.00;-;10,779.50;2,506.75;8,267.50;3,614.00;1,707.75
May 28, 2024 10:00 PM;May 28, 2024 11:00 PM;4,241.25;2,489.25;3,358.50;7,488.25;3.50;123.50;-;10,392.50;2,089.25;7,405.50;2,338.25;1,719.50
May 28, 2024 11:00 PM;May 29, 2024 12:00 AM;4,087.75;2,407.25;3,957.50;10,308.25;3.75;123.50;-;9,491.50;1,340.75;5,774.00;672.50;1,744.75
May 29, 2024 12:00 AM;May 29, 2024 1:00 AM;3,923.50;2,368.00;4,529.00;12,561.25;2.50;122.75;-;7,036.25;1,239.50;4,580.75;487.25;1,711.00
May 29, 2024 1:00 AM;May 29, 2024 2:00 AM;3,935.50;2,323.25;4,703.00;13,455.75;3.00;105.25;-;6,360.00;1,282.00;4,479.00;124.50;1,721.00
May 29, 2024 2:00 AM;May 29, 2024 3:00 AM;3,903.75;2,300.50;4,681.25;13,600.00;3.25;105.00;-;5,983.25;1,318.50;4,477.75;1.75;1,702.00
May 29, 2024 3:00 AM;May 29, 2024 4:00 AM;3,858.50;2,249.00;4,567.75;13,857.50;2.25;106.00;-;5,935.75;1,295.00;4,229.50;1.00;1,683.25
May 29, 2024 4:00 AM;May 29, 2024 5:00 AM;3,895.50;2,236.50;4,788.00;14,004.75;4.75;105.00;-;6,373.75;1,431.50;4,070.25;10.00;1,659.25
May 29, 2024 5:00 AM;May 29, 2024 6:00 AM;4,005.75;2,257.25;4,313.00;14,506.75;409.25;101.50;-;6,886.50;1,455.50;4,247.25;20.25;1,583.00
May 29, 2024 6:00 AM;May 29, 2024 7:00 AM;4,273.00;2,392.75;3,671.00;15,721.00;2,794.25;99.25;-;8,023.50;1,482.00;4,427.00;489.50;1,598.00
May 29, 2024 7:00 AM;May 29, 2024 8:00 AM;4,383.25;2,453.00;3,704.75;15,640.25;7,204.75;98.00;-;8,323.50;1,354.25;4,201.50;1,044.75;1,613.00
May 29, 2024 8:00 AM;May 29, 2024 9:00 AM;4,327.75;2,442.50;3,995.25;14,231.75;13,368.00;96.00;-;8,137.50;1,491.25;3,714.50;941.50;1,696.00
May 29, 2024 9:00 AM;May 29, 2024 10:00 AM;4,091.25;2,452.75;3,959.25;14,237.50;19,485.50;95.00;-;6,407.50;1,817.00;3,395.50;246.00;1,681.75
May 29, 2024 10:00 AM;May 29, 2024 11:00 AM;3,936.25;2,429.00;3,185.50;14,944.75;23,641.25;92.75;-;5,778.75;1,905.25;3,377.75;102.00;1,662.25
May 29, 2024 11:00 AM;May 29, 2024 12:00 PM;3,861.75;2,300.75;3,266.25;16,018.25;25,418.50;92.25;-;6,370.25;2,022.00;3,380.50;65.75;1,637.00
May 29, 2024 12:00 PM;May 29, 2024 1:00 PM;3,834.00;2,237.50;3,254.25;16,115.25;25,711.25;91.75;-;6,038.75;2,073.50;3,125.50;108.00;1,635.25
May 29, 2024 1:00 PM;May 29, 2024 2:00 PM;3,816.00;2,247.25;3,317.00;14,887.25;24,576.25;90.00;-;5,739.25;2,145.00;3,174.75;34.75;1,637.25
May 29, 2024 2:00 PM;May 29, 2024 3:00 PM;3,831.50;2,224.50;3,946.00;14,482.25;22,706.50;90.25;-;5,831.75;2,439.00;3,178.00;50.75;1,653.50
May 29, 2024 3:00 PM;May 29, 2024 4:00 PM;3,899.75;2,315.00;4,655.25;13,544.00;20,290.75;89.25;-;5,616.25;1,966.25;3,143.75;284.50;1,663.75
May 29, 2024 4:00 PM;May 29, 2024 5:00 PM;4,011.25;2,307.50;5,120.50;12,257.75;16,578.50;93.50;-;6,628.25;1,838.25;3,266.50;264.25;1,680.75
May 29, 2024 5:00 PM;May 29, 2024 6:00 PM;4,186.25;2,330.75;4,604.50;11,276.00;11,983.25;97.00;-;8,208.00;1,492.00;4,404.75;668.00;1,716.25
May 29, 2024 6:00 PM;May 29, 2024 7:00 PM;4,396.75;2,392.00;4,198.50;9,743.25;7,846.50;98.00;-;9,234.25;1,438.00;6,617.00;965.00;1,718.50
May 29, 2024 7:00 PM;May 29, 2024 8:00 PM;4,560.50;2,745.50;3,995.50;7,869.50;3,854.25;98.50;-;10,005.00;1,492.25;8,167.00;3,255.75;1,741.75
May 29, 2024 8:00 PM;May 29, 2024 9:00 PM;4,611.50;2,930.25;3,559.75;6,565.00;1,049.00;99.00;-;10,238.75;1,244.50;8,387.50;4,967.50;1,741.25
May 29, 2024 9:00 PM;May 29, 2024 10:00 PM;4,579.25;3,078.25;2,671.00;5,960.25;61.00;100.50;-;10,291.75;906.50;8,335.50;5,587.25;1,709.75
May 29, 2024 10:00 PM;May 29, 2024 11:00 PM;4,436.00;3,020.75;1,980.75;5,380.50;7.75;100.50;-;10,307.75;839.75;8,330.00;5,106.25;1,713.25
May 29, 2024 11:00 PM;May 30, 2024 12:00 AM;4,257.25;2,737.25;1,702.00;5,168.25;2.50;101.00;-;10,228.25;644.25;7,994.25;1,851.75;1,709.00
May 30, 2024 12:00 AM;May 30, 2024 1:00 AM;4,095.50;2,702.00;1,735.25;4,270.00;2.75;101.25;-;10,235.75;520.75;7,447.25;961.50;1,686.75
May 30, 2024 1:00 AM;May 30, 2024 2:00 AM;4,008.50;2,626.00;1,812.25;3,445.00;2.25;101.25;-;10,055.25;505.75;6,819.25;1,021.50;1,678.75
May 30, 2024 2:00 AM;May 30, 2024 3:00 AM;3,948.00;2,374.25;2,119.25;2,795.25;2.75;101.75;-;9,838.25;492.25;6,525.75;397.75;1,660.50
May 30, 2024 3:00 AM;May 30, 2024 4:00 AM;3,923.00;2,372.75;1,974.50;2,452.00;2.25;102.25;-;9,719.25;504.25;6,594.50;337.25;1,668.75
May 30, 2024 4:00 AM;May 30, 2024 5:00 AM;3,980.25;2,545.00;1,903.50;2,186.00;5.25;102.25;-;9,758.00;503.50;6,590.00;850.25;1,676.25
May 30, 2024 5:00 AM;May 30, 2024 6:00 AM;4,090.25;2,700.25;1,724.75;1,980.75;302.00;101.75;-;9,724.25;495.75;6,892.25;1,156.25;1,689.00
May 30, 2024 6:00 AM;May 30, 2024 7:00 AM;4,277.00;2,645.00;1,767.25;1,805.25;2,085.00;101.25;-;9,692.75;494.75;7,199.50;1,645.50;1,708.00
May 30, 2024 7:00 AM;May 30, 2024 8:00 AM;4,334.00;2,279.00;1,738.50;1,588.25;5,912.00;101.50;-;9,290.25;507.75;6,883.25;1,037.75;1,637.75
May 30, 2024 8:00 AM;May 30, 2024 9:00 AM;4,244.00;2,588.50;1,512.75;1,461.50;11,661.25;101.00;-;9,240.25;529.75;6,028.25;795.00;1,605.75
May 30, 2024 9:00 AM;May 30, 2024 10:00 AM;4,073.75;2,573.00;1,303.75;1,633.25;18,167.75;101.75;-;8,780.25;522.25;4,177.00;318.75;1,642.50
May 30, 2024 10:00 AM;May 30, 2024 11:00 AM;3,936.00;2,385.75;1,159.75;1,827.75;23,543.25;99.75;-;7,727.25;516.00;3,305.50;83.25;1,658.75
May 30, 2024 11:00 AM;May 30, 2024 12:00 PM;3,898.25;2,522.00;857.75;2,101.00;26,597.75;96.00;-;6,138.50;524.25;3,127.00;256.50;1,673.25
May 30, 2024 12:00 PM;May 30, 2024 1:00 PM;3,821.75;2,667.00;656.50;2,305.00;27,307.50;94.25;-;6,660.00;507.75;3,331.50;147.50;1,660.00
May 30, 2024 1:00 PM;May 30, 2024 2:00 PM;3,800.50;2,711.25;499.75;2,559.00;26,573.00;94.00;-;6,879.75;505.00;3,090.50;119.50;1,657.00
May 30, 2024 2:00 PM;May 30, 2024 3:00 PM;3,809.50;2,473.75;463.50;2,982.25;24,860.25;93.50;-;7,178.75;497.25;3,042.25;3.00;1,674.25
May 30, 2024 3:00 PM;May 30, 2024 4:00 PM;3,809.00;2,621.75;413.25;3,069.75;21,425.25;94.75;-;7,930.00;480.75;3,276.50;171.75;1,658.25
May 30, 2024 4:00 PM;May 30, 2024 5:00 PM;3,890.25;2,560.00;481.00;3,448.75;17,746.25;95.75;-;8,706.50;492.50;3,653.00;474.00;1,666.00
May 30, 2024 5:00 PM;May 30, 2024 6:00 PM;4,034.50;2,667.75;590.00;3,777.25;13,784.50;98.00;-;9,125.50;579.75;5,259.50;273.50;1,611.00
May 30, 2024 6:00 PM;May 30, 2024 7:00 PM;4,326.50;2,792.50;571.00;3,926.00;8,559.25;99.00;-;9,803.00;832.75;7,714.25;2,084.75;1,595.25
May 30, 2024 7:00 PM;May 30, 2024 8:00 PM;4,494.00;2,826.75;469.75;4,141.75;4,031.50;99.00;-;10,052.25;1,144.50;8,512.00;3,965.25;1,640.25
May 30, 2024 8:00 PM;May 30, 2024 9:00 PM;4,497.50;2,680.00;380.50;4,309.50;1,130.25;99.25;-;10,194.50;1,148.25;8,468.75;3,922.25;1,736.25
May 30, 2024 9:00 PM;May 30, 2024 10:00 PM;4,472.25;2,801.00;698.75;4,107.00;67.25;99.25;-;10,289.25;1,115.00;8,567.25;4,701.75;1,691.25
May 30, 2024 10:00 PM;May 30, 2024 11:00 PM;4,334.25;2,643.25;421.00;4,114.50;3.25;99.00;-;10,255.00;1,067.25;8,314.25;2,647.00;1,652.75
May 30, 2024 11:00 PM;May 31, 2024 12:00 AM;4,163.75;2,585.00;219.00;4,347.25;3.25;99.00;-;10,301.00;850.50;7,902.50;1,432.75;1,672.75
May 31, 2024 12:00 AM;May 31, 2024 1:00 AM;3,981.75;2,424.75;467.00;4,897.00;3.00;99.25;-;10,156.25;542.00;5,815.75;321.75;1,702.00
May 31, 2024 1:00 AM;May 31, 2024 2:00 AM;3,874.50;2,255.00;669.25;5,089.00;3.00;100.00;-;9,118.25;478.00;4,777.50;13.50;1,757.25
May 31, 2024 2:00 AM;May 31, 2024 3:00 AM;3,829.75;2,261.50;700.00;5,006.50;2.75;96.25;-;8,353.75;462.50;4,758.75;15.25;1,764.50
May 31, 2024 3:00 AM;May 31, 2024 4:00 AM;3,822.50;2,230.25;890.75;4,862.00;2.25;97.00;-;8,147.75;464.00;4,811.25;25.50;1,751.00
May 31, 2024 4:00 AM;May 31, 2024 5:00 AM;3,901.25;2,237.25;1,192.25;4,850.75;5.75;97.75;-;8,481.75;470.50;4,892.00;43.00;1,748.00
May 31, 2024 5:00 AM;May 31, 2024 6:00 AM;4,005.50;2,300.50;941.75;4,968.50;273.75;98.00;-;9,874.25;488.00;5,340.75;70.50;1,758.75
May 31, 2024 6:00 AM;May 31, 2024 7:00 AM;4,296.50;2,828.00;1,107.25;4,910.50;1,678.25;97.25;-;10,430.25;552.75;5,564.50;1,248.50;1,761.50
May 31, 2024 7:00 AM;May 31, 2024 8:00 AM;4,381.00;3,015.75;1,507.00;4,433.50;4,481.75;96.75;-;10,432.00;593.50;5,096.75;2,636.75;1,711.50
May 31, 2024 8:00 AM;May 31, 2024 9:00 AM;4,335.25;2,967.75;2,016.25;3,953.25;8,124.25;99.25;-;10,426.50;617.50;4,985.75;2,771.00;1,714.50
May 31, 2024 9:00 AM;May 31, 2024 10:00 AM;4,168.00;2,852.50;2,372.75;3,538.75;12,042.25;99.25;-;10,230.75;605.75;4,798.75;1,418.25;1,704.00
May 31, 2024 10:00 AM;May 31, 2024 11:00 AM;4,026.00;2,740.25;2,441.00;3,361.75;15,769.75;99.50;-;10,145.00;584.50;4,272.00;591.25;1,709.25
May 31, 2024 11:00 AM;May 31, 2024 12:00 PM;3,929.00;2,498.50;2,374.50;3,455.50;18,994.00;99.75;-;9,263.25;581.75;3,812.75;193.25;1,677.00
May 31, 2024 12:00 PM;May 31, 2024 1:00 PM;3,830.00;2,365.75;2,815.25;3,627.25;21,027.75;99.25;-;8,095.75;567.00;3,437.00;14.50;1,686.00
May 31, 2024 1:00 PM;May 31, 2024 2:00 PM;3,792.00;2,271.50;3,650.50;3,931.00;21,826.25;100.00;-;7,335.00;548.75;3,401.50;1.00;1,717.00
May 31, 2024 2:00 PM;May 31, 2024 3:00 PM;3,776.75;2,245.00;3,729.50;4,406.25;21,552.00;101.25;-;7,268.75;533.25;3,424.75;25.25;1,766.25
May 31, 2024 3:00 PM;May 31, 2024 4:00 PM;3,818.00;2,242.25;3,996.00;4,525.25;19,658.75;99.50;-;7,116.00;542.00;3,409.25;11.50;1,763.00
May 31, 2024 4:00 PM;May 31, 2024 5:00 PM;3,904.75;2,336.50;4,220.50;4,775.75;16,771.25;99.50;-;7,779.75;541.50;3,542.00;269.00;1,753.75
May 31, 2024 5:00 PM;May 31, 2024 6:00 PM;4,076.00;2,447.50;3,976.75;5,147.75;12,485.25;101.25;-;8,643.25;523.75;4,067.25;751.25;1,740.00
May 31, 2024 6:00 PM;May 31, 2024 7:00 PM;4,365.00;2,801.50;3,187.00;5,588.50;7,578.25;104.00;-;10,077.00;434.75;5,392.75;2,000.00;1,692.25
May 31, 2024 7:00 PM;May 31, 2024 8:00 PM;4,500.50;2,853.75;3,416.25;5,458.50;3,532.00;104.75;-;10,295.00;450.50;5,728.50;3,760.00;1,661.25
May 31, 2024 8:00 PM;May 31, 2024 9:00 PM;4,511.00;2,604.25;4,317.00;5,713.25;960.00;104.25;-;10,272.25;454.75;5,813.25;4,456.25;1,665.50
May 31, 2024 9:00 PM;May 31, 2024 10:00 PM;4,446.75;2,510.00;4,219.25;5,945.00;57.00;104.75;-;10,258.00;449.00;5,691.75;3,341.25;1,617.75
May 31, 2024 10:00 PM;May 31, 2024 11:00 PM;4,311.00;2,337.00;3,785.00;6,415.75;3.00;105.00;-;9,842.50;421.00;5,791.50;2,138.50;1,660.50
May 31, 2024 11:00 PM;Jun 1, 2024 12:00 AM;4,114.25;2,138.25;3,576.75;6,703.00;3.00;105.00;-;8,702.00;377.75;4,723.50;661.50;1,728.50
Jun 1, 2024 12:00 AM;Jun 1, 2024 1:00 AM;4,004.00;2,233.00;3,435.50;6,815.50;2.50;105.00;-;6,926.75;361.50;3,907.50;1,108.50;1,744.75
Jun 1, 2024 1:00 AM;Jun 1, 2024 2:00 AM;3,951.75;2,093.75;3,499.75;6,752.50;3.00;105.00;-;6,104.00;352.00;3,766.50;846.50;1,697.00
Jun 1, 2024 2:00 AM;Jun 1, 2024 3:00 AM;3,912.00;2,042.50;3,866.00;7,183.75;2.75;105.00;-;5,546.75;343.75;3,735.25;176.00;1,726.75
Jun 1, 2024 3:00 AM;Jun 1, 2024 4:00 AM;3,823.50;2,070.25;3,629.75;7,598.50;2.75;105.75;-;4,861.50;342.50;3,646.00;105.00;1,717.00
Jun 1, 2024 4:00 AM;Jun 1, 2024 5:00 AM;3,955.25;2,016.75;3,434.00;7,691.00;6.50;105.50;-;4,796.00;342.25;3,653.25;258.00;1,750.50
Jun 1, 2024 5:00 AM;Jun 1, 2024 6:00 AM;3,995.25;2,024.25;3,514.00;7,791.50;282.50;105.00;-;5,034.25;344.50;3,546.75;253.75;1,723.75
Jun 1, 2024 6:00 AM;Jun 1, 2024 7:00 AM;4,095.50;2,068.50;3,519.25;7,439.75;1,559.25;105.00;-;5,084.75;350.75;3,553.00;258.00;1,707.25
Jun 1, 2024 7:00 AM;Jun 1, 2024 8:00 AM;4,127.75;2,085.00;3,194.25;6,529.00;4,152.00;105.00;-;4,745.25;360.75;3,554.25;548.00;1,761.00
Jun 1, 2024 8:00 AM;Jun 1, 2024 9:00 AM;4,090.75;2,083.25;3,015.00;6,095.25;7,618.25;105.00;-;4,304.75;381.00;3,353.00;1,164.00;1,732.00
Jun 1, 2024 9:00 AM;Jun 1, 2024 10:00 AM;3,994.75;2,025.25;2,926.50;6,322.50;11,891.00;104.50;-;3,660.50;388.75;2,903.75;606.75;1,638.25
Jun 1, 2024 10:00 AM;Jun 1, 2024 11:00 AM;3,898.50;2,025.25;2,877.25;6,784.75;16,828.25;104.25;-;3,553.00;403.00;2,533.00;269.25;1,546.75
Jun 1, 2024 11:00 AM;Jun 1, 2024 12:00 PM;3,836.00;1,965.00;2,964.50;7,382.00;20,995.25;104.75;-;3,509.75;408.75;2,445.75;5.75;1,532.00
Jun 1, 2024 12:00 PM;Jun 1, 2024 1:00 PM;3,774.00;1,893.00;3,353.00;7,513.25;23,112.25;104.00;-;3,498.25;413.25;2,340.50;53.75;1,493.75
Jun 1, 2024 1:00 PM;Jun 1, 2024 2:00 PM;3,766.25;1,903.50;3,476.75;7,954.00;24,029.50;103.75;-;3,584.00;402.25;2,403.00;105.75;1,517.75
Jun 1, 2024 2:00 PM;Jun 1, 2024 3:00 PM;3,738.25;1,897.50;3,334.00;8,701.75;23,458.00;103.25;-;3,795.00;394.75;2,444.75;1.75;1,529.25
Jun 1, 2024 3:00 PM;Jun 1, 2024 4:00 PM;3,753.00;1,857.25;3,808.25;10,781.50;21,369.00;101.25;-;3,818.25;389.25;2,574.25;13.00;1,522.50
Jun 1, 2024 4:00 PM;Jun 1, 2024 5:00 PM;3,798.25;1,867.00;4,016.00;12,887.50;17,503.00;98.25;-;3,923.75;428.50;2,710.75;71.00;1,536.00
Jun 1, 2024 5:00 PM;Jun 1, 2024 6:00 PM;3,922.25;1,855.25;4,143.50;14,737.00;12,671.50;98.00;-;3,976.00;683.75;2,826.00;202.75;1,537.50
Jun 1, 2024 6:00 PM;Jun 1, 2024 7:00 PM;4,142.75;1,883.00;4,151.75;14,927.00;7,500.25;96.00;-;4,490.00;704.50;3,234.00;1,443.00;1,518.00
Jun 1, 2024 7:00 PM;Jun 1, 2024 8:00 PM;4,344.50;2,011.75;4,498.00;13,763.00;3,448.50;96.00;-;4,968.50;710.25;3,659.50;4,258.50;1,510.25
Jun 1, 2024 8:00 PM;Jun 1, 2024 9:00 PM;4,408.75;2,206.00;4,522.75;12,970.75;1,035.75;96.00;-;5,229.00;710.00;3,709.25;5,517.25;1,549.00
Jun 1, 2024 9:00 PM;Jun 1, 2024 10:00 PM;4,362.75;2,060.75;4,465.75;13,165.00;70.00;96.50;-;5,554.50;806.50;3,816.25;5,352.75;1,511.25
Jun 1, 2024 10:00 PM;Jun 1, 2024 11:00 PM;4,259.00;1,913.50;4,306.50;13,431.00;3.75;97.75;-;5,118.50;1,072.25;3,713.00;4,716.50;1,515.00
Jun 1, 2024 11:00 PM;Jun 2, 2024 12:00 AM;4,108.25;1,836.25;3,906.25;13,426.00;2.50;100.50;-;4,898.00;1,087.00;3,425.25;3,133.25;1,634.00
Jun 2, 2024 12:00 AM;Jun 2, 2024 1:00 AM;3,979.50;1,881.00;4,090.75;13,275.25;3.00;101.00;-;4,552.00;987.00;3,207.75;1,225.25;1,660.25
Jun 2, 2024 1:00 AM;Jun 2, 2024 2:00 AM;3,923.50;1,759.25;4,354.75;12,986.50;3.00;101.25;-;4,111.25;870.25;3,029.25;395.75;1,601.00
Jun 2, 2024 2:00 AM;Jun 2, 2024 3:00 AM;3,884.25;1,764.50;4,768.25;12,511.00;3.00;101.00;-;3,864.75;690.75;2,821.25;391.75;1,599.50
Jun 2, 2024 3:00 AM;Jun 2, 2024 4:00 AM;3,842.50;1,761.75;4,906.25;12,410.50;2.50;101.00;-;3,851.00;637.00;2,689.00;229.50;1,589.75
Jun 2, 2024 4:00 AM;Jun 2, 2024 5:00 AM;3,844.50;1,767.50;5,087.00;12,855.00;6.25;98.75;-;3,693.00;686.25;2,771.25;114.50;1,603.00
Jun 2, 2024 5:00 AM;Jun 2, 2024 6:00 AM;3,800.75;1,782.50;5,091.00;12,514.50;315.50;98.25;-;3,648.25;647.25;2,725.25;129.25;1,611.00
Jun 2, 2024 6:00 AM;Jun 2, 2024 7:00 AM;3,854.25;1,734.50;5,415.25;12,507.00;1,717.25;98.50;-;3,327.25;642.00;2,687.25;283.00;1,577.75
Jun 2, 2024 7:00 AM;Jun 2, 2024 8:00 AM;3,911.50;1,714.00;5,331.25;12,117.75;4,225.50;99.00;-;3,341.00;640.75;2,541.50;714.00;1,561.00
Jun 2, 2024 8:00 AM;Jun 2, 2024 9:00 AM;3,916.25;1,729.00;5,602.75;12,228.75;7,417.50;98.50;-;3,453.25;339.00;2,183.25;542.50;1,529.00
Jun 2, 2024 9:00 AM;Jun 2, 2024 10:00 AM;3,874.50;1,743.00;5,168.00;12,417.00;10,888.75;98.00;-;3,444.00;362.50;2,125.25;875.00;1,525.50
Jun 2, 2024 10:00 AM;Jun 2, 2024 11:00 AM;3,849.25;1,831.00;5,229.75;12,289.50;14,233.25;97.00;-;3,533.00;378.50;2,083.25;485.00;1,538.50
Jun 2, 2024 11:00 AM;Jun 2, 2024 12:00 PM;3,758.50;1,861.25;5,020.00;12,871.75;17,733.50;97.00;-;3,514.75;391.75;2,087.75;223.25;1,551.00
Jun 2, 2024 12:00 PM;Jun 2, 2024 1:00 PM;3,680.75;1,906.00;4,018.50;12,921.50;21,031.00;96.25;-;3,274.50;378.00;2,075.75;23.25;1,535.00
Jun 2, 2024 1:00 PM;Jun 2, 2024 2:00 PM;3,705.50;1,897.25;3,746.25;12,810.00;22,770.00;97.25;-;3,221.25;373.00;2,084.75;43.50;1,539.25
Jun 2, 2024 2:00 PM;Jun 2, 2024 3:00 PM;3,707.00;1,880.50;3,214.25;13,005.75;23,177.25;97.00;-;3,269.00;368.50;2,103.75;99.00;1,540.00
Jun 2, 2024 3:00 PM;Jun 2, 2024 4:00 PM;3,719.75;1,872.50;3,091.75;13,928.75;21,703.25;91.75;-;3,269.25;363.25;2,324.25;43.00;1,524.00
Jun 2, 2024 4:00 PM;Jun 2, 2024 5:00 PM;3,760.50;1,870.75;3,638.25;15,248.00;18,795.50;97.25;-;3,263.25;365.50;2,472.75;70.25;1,546.00
Jun 2, 2024 5:00 PM;Jun 2, 2024 6:00 PM;3,856.00;1,851.00;3,762.50;15,863.25;14,228.75;96.00;-;3,310.50;367.75;2,601.00;110.00;1,603.50
Jun 2, 2024 6:00 PM;Jun 2, 2024 7:00 PM;4,067.75;1,967.75;4,409.50;16,463.00;8,844.50;95.50;-;4,418.50;392.00;2,711.00;337.00;1,639.25
Jun 2, 2024 7:00 PM;Jun 2, 2024 8:00 PM;4,252.25;2,114.00;4,458.25;15,284.75;4,298.50;94.50;-;6,979.25;399.25;3,048.25;1,079.00;1,676.00
Jun 2, 2024 8:00 PM;Jun 2, 2024 9:00 PM;4,317.25;2,118.50;4,439.75;13,871.75;1,253.00;95.00;-;7,658.50;422.75;3,558.50;2,462.50;1,685.00
Jun 2, 2024 9:00 PM;Jun 2, 2024 10:00 PM;4,338.75;2,320.00;4,493.75;12,992.25;70.50;96.00;-;8,319.00;407.00;3,700.25;3,005.75;1,647.00
Jun 2, 2024 10:00 PM;Jun 2, 2024 11:00 PM;4,252.50;2,197.75;4,156.00;11,577.50;3.25;96.75;-;8,702.25;390.00;3,509.50;3,068.50;1,626.50
Jun 2, 2024 11:00 PM;Jun 3, 2024 12:00 AM;4,114.75;2,068.00;3,599.50;10,854.50;3.25;98.25;-;8,735.75;389.50;3,600.25;2,394.00;1,607.75
Jun 3, 2024 12:00 AM;Jun 3, 2024 1:00 AM;3,861.25;1,824.00;3,382.50;9,855.00;3.00;98.75;-;8,637.75;425.50;3,561.00;429.25;1,628.75
Jun 3, 2024 1:00 AM;Jun 3, 2024 2:00 AM;3,798.00;1,987.00;3,560.00;8,852.75;3.25;98.50;-;8,666.00;463.00;3,829.25;355.50;1,645.75
Jun 3, 2024 2:00 AM;Jun 3, 2024 3:00 AM;3,764.50;1,867.50;3,393.25;8,089.25;3.00;97.50;-;8,426.00;573.75;3,773.75;96.25;1,644.00
Jun 3, 2024 3:00 AM;Jun 3, 2024 4:00 AM;3,761.75;1,833.75;3,215.25;7,630.50;2.75;96.75;-;8,393.00;480.25;4,114.50;59.75;1,673.50
Jun 3, 2024 4:00 AM;Jun 3, 2024 5:00 AM;3,803.25;1,916.50;3,409.75;7,576.50;6.00;96.25;-;9,034.50;708.75;4,648.00;278.50;1,708.50
Jun 3, 2024 5:00 AM;Jun 3, 2024 6:00 AM;3,910.25;1,912.25;3,356.25;7,304.25;254.25;96.00;-;9,416.50;1,060.00;6,014.25;468.00;1,719.25
Jun 3, 2024 6:00 AM;Jun 3, 2024 7:00 AM;4,223.00;2,217.00;2,870.50;6,473.25;1,480.50;96.25;-;9,664.25;1,615.25;7,773.75;2,895.00;1,653.25
Jun 3, 2024 7:00 AM;Jun 3, 2024 8:00 AM;4,377.50;2,523.75;2,390.75;5,598.00;3,884.00;95.25;-;9,685.50;1,738.25;8,847.75;5,432.50;1,860.25
Jun 3, 2024 8:00 AM;Jun 3, 2024 9:00 AM;4,370.75;2,641.00;2,151.75;4,892.25;7,066.75;91.00;-;9,805.50;1,753.25;9,174.00;5,422.75;2,037.00
Jun 3, 2024 9:00 AM;Jun 3, 2024 10:00 AM;4,245.50;2,557.00;1,946.25;4,745.75;10,606.75;88.50;-;9,772.75;1,750.50;9,335.00;5,308.25;2,156.00
Jun 3, 2024 10:00 AM;Jun 3, 2024 11:00 AM;4,087.00;2,098.00;1,978.75;4,655.75;14,077.75;88.75;-;9,764.00;1,755.50;9,209.75;3,118.50;2,175.25
Jun 3, 2024 11:00 AM;Jun 3, 2024 12:00 PM;3,969.50;2,136.75;2,045.25;4,573.75;17,801.25;90.00;-;9,712.00;1,708.00;9,191.00;1,665.00;1,982.75
Jun 3, 2024 12:00 PM;Jun 3, 2024 1:00 PM;3,743.25;2,019.00;2,294.00;4,853.75;21,020.75;90.00;-;9,199.00;1,658.50;8,717.75;690.25;1,923.00
Jun 3, 2024 1:00 PM;Jun 3, 2024 2:00 PM;3,681.75;2,063.00;2,366.25;5,361.25;22,711.50;90.25;-;8,741.25;1,452.50;8,157.50;445.00;1,922.25
Jun 3, 2024 2:00 PM;Jun 3, 2024 3:00 PM;3,682.50;2,140.25;2,315.00;5,754.50;22,847.25;90.75;-;8,561.50;1,214.25;8,031.50;385.50;1,717.75
Jun 3, 2024 3:00 PM;Jun 3, 2024 4:00 PM;3,687.50;2,153.00;2,205.50;5,835.75;21,540.75;90.50;-;9,006.75;1,292.75;8,610.75;478.75;1,681.75
Jun 3, 2024 4:00 PM;Jun 3, 2024 5:00 PM;3,795.25;2,015.00;2,129.75;5,850.75;18,350.00;92.75;-;9,515.00;1,668.25;8,969.25;442.25;1,692.25
Jun 3, 2024 5:00 PM;Jun 3, 2024 6:00 PM;4,011.00;2,063.00;1,867.25;5,543.00;13,763.25;95.25;-;9,946.50;1,924.75;9,248.75;825.25;1,728.75
Jun 3, 2024 6:00 PM;Jun 3, 2024 7:00 PM;4,256.25;2,232.50;1,814.75;5,384.00;8,657.75;95.00;-;10,221.00;2,069.25;10,110.00;1,918.75;1,766.25
Jun 3, 2024 7:00 PM;Jun 3, 2024 8:00 PM;4,450.50;2,345.75;1,561.00;4,966.25;4,058.00;95.00;-;10,576.75;2,094.00;10,512.50;2,867.75;1,798.75
Jun 3, 2024 8:00 PM;Jun 3, 2024 9:00 PM;4,489.75;2,336.75;1,128.00;4,232.75;1,117.00;96.00;-;10,655.50;2,122.25;10,608.75;3,924.50;1,797.50
Jun 3, 2024 9:00 PM;Jun 3, 2024 10:00 PM;4,405.75;2,282.25;902.25;3,598.75;50.25;96.75;-;10,667.25;2,157.00;10,423.25;3,364.75;1,784.25
Jun 3, 2024 10:00 PM;Jun 3, 2024 11:00 PM;4,247.25;2,168.25;911.00;3,440.25;3.25;97.00;-;10,717.00;2,064.00;10,199.00;2,774.00;1,753.75
Jun 3, 2024 11:00 PM;Jun 4, 2024 12:00 AM;4,037.00;1,848.00;903.00;3,349.50;3.00;97.00;-;10,207.75;1,942.25;9,240.75;864.25;1,680.00
Jun 4, 2024 12:00 AM;Jun 4, 2024 1:00 AM;3,874.25;1,788.50;821.25;2,979.00;3.00;96.00;-;10,392.75;1,821.75;8,531.75;115.75;1,747.00
Jun 4, 2024 1:00 AM;Jun 4, 2024 2:00 AM;3,812.50;1,825.00;760.50;2,471.75;3.00;96.00;-;10,600.00;1,538.75;8,622.75;126.75;1,753.50
Jun 4, 2024 2:00 AM;Jun 4, 2024 3:00 AM;3,770.00;1,871.50;687.50;1,912.75;3.00;96.00;-;10,715.75;1,357.00;8,553.25;164.50;1,771.25
Jun 4, 2024 3:00 AM;Jun 4, 2024 4:00 AM;3,764.75;1,827.75;617.00;1,437.00;4.00;96.00;-;10,838.25;1,444.00;8,547.75;149.25;1,757.50
Jun 4, 2024 4:00 AM;Jun 4, 2024 5:00 AM;3,824.00;1,790.25;649.50;1,126.75;10.00;94.75;-;10,951.75;1,474.75;8,892.75;443.75;1,734.50
Jun 4, 2024 5:00 AM;Jun 4, 2024 6:00 AM;3,925.00;1,880.25;639.50;1,101.50;381.75;94.75;-;10,888.00;1,602.75;8,924.00;448.00;1,775.75
Jun 4, 2024 6:00 AM;Jun 4, 2024 7:00 AM;4,188.50;1,926.75;631.00;950.50;2,659.25;94.50;-;11,006.50;1,977.00;9,451.75;1,649.75;1,688.00
Jun 4, 2024 7:00 AM;Jun 4, 2024 8:00 AM;4,277.00;1,972.50;630.25;633.50;7,487.75;92.75;-;11,030.75;1,808.50;9,499.75;3,174.50;1,651.75
Jun 4, 2024 8:00 AM;Jun 4, 2024 9:00 AM;4,196.75;1,825.75;646.75;514.75;14,551.00;85.50;-;10,904.50;1,717.00;9,157.25;2,440.00;1,661.50
Jun 4, 2024 9:00 AM;Jun 4, 2024 10:00 AM;4,003.50;1,983.00;924.25;620.25;21,679.25;82.50;-;10,239.50;1,426.75;7,708.75;2,045.25;1,663.00
Jun 4, 2024 10:00 AM;Jun 4, 2024 11:00 AM;3,853.00;1,791.00;1,364.50;913.00;26,317.75;80.00;-;9,388.50;1,034.75;4,307.75;1,801.50;1,562.50
Jun 4, 2024 11:00 AM;Jun 4, 2024 12:00 PM;3,761.00;1,763.75;1,772.50;1,303.25;29,421.75;80.50;-;8,038.00;802.00;3,331.50;713.25;1,598.00
Jun 4, 2024 12:00 PM;Jun 4, 2024 1:00 PM;3,698.00;1,737.50;2,380.25;1,755.00;32,349.25;82.25;-;6,330.50;807.00;3,162.75;76.25;1,593.00
Jun 4, 2024 1:00 PM;Jun 4, 2024 2:00 PM;3,602.50;1,792.00;2,714.00;2,182.25;33,715.00;83.50;-;6,036.25;816.25;3,035.25;99.00;1,575.75
Jun 4, 2024 2:00 PM;Jun 4, 2024 3:00 PM;3,692.50;1,791.75;2,840.75;2,749.00;34,090.00;84.50;-;5,890.00;801.00;3,060.25;343.25;1,616.25
Jun 4, 2024 3:00 PM;Jun 4, 2024 4:00 PM;3,723.25;1,850.50;3,001.75;3,313.25;32,413.00;83.00;-;5,892.75;804.50;3,054.75;288.75;1,575.00
Jun 4, 2024 4:00 PM;Jun 4, 2024 5:00 PM;3,803.50;1,814.00;2,843.75;3,390.50;27,988.00;82.25;-;6,129.50;794.25;3,201.75;245.00;1,637.75
Jun 4, 2024 5:00 PM;Jun 4, 2024 6:00 PM;3,995.00;1,936.75;3,076.50;3,936.00;21,930.25;86.00;-;8,461.50;930.75;4,722.25;1,046.50;1,668.75
Jun 4, 2024 6:00 PM;Jun 4, 2024 7:00 PM;4,226.00;1,765.25;3,588.00;4,252.00;14,038.25;88.50;-;10,539.00;1,425.25;7,698.50;1,732.25;1,639.50
Jun 4, 2024 7:00 PM;Jun 4, 2024 8:00 PM;4,441.00;2,001.75;3,825.25;4,271.75;6,479.75;90.75;-;10,975.25;1,990.25;8,929.75;3,551.50;1,658.75
Jun 4, 2024 8:00 PM;Jun 4, 2024 9:00 PM;4,498.75;2,121.25;4,642.25;4,601.00;1,761.50;92.50;-;10,998.75;2,022.50;9,416.75;4,516.00;1,779.50
Jun 4, 2024 9:00 PM;Jun 4, 2024 10:00 PM;4,413.25;2,063.75;4,730.75;6,119.00;81.25;92.25;-;10,973.75;2,035.25;9,426.50;3,556.75;1,798.25
Jun 4, 2024 10:00 PM;Jun 4, 2024 11:00 PM;4,226.00;2,088.50;3,704.00;8,502.75;4.25;93.25;-;10,766.50;1,971.50;8,934.75;2,639.50;1,738.75
Jun 4, 2024 11:00 PM;Jun 5, 2024 12:00 AM;4,034.25;1,907.00;3,111.50;11,907.75;3.25;93.50;-;9,315.50;1,765.25;7,275.75;1,684.75;1,663.75
Jun 5, 2024 12:00 AM;Jun 5, 2024 1:00 AM;3,847.50;1,784.50;3,392.75;14,509.50;3.00;93.00;-;7,299.25;1,350.00;4,677.25;1,522.50;1,605.50
Jun 5, 2024 1:00 AM;Jun 5, 2024 2:00 AM;3,772.50;1,758.25;4,385.00;17,783.75;3.00;94.00;-;6,321.50;1,129.25;3,764.00;890.50;1,508.00
Jun 5, 2024 2:00 AM;Jun 5, 2024 3:00 AM;3,734.75;1,932.25;3,741.25;19,027.00;3.00;94.50;-;6,008.00;654.75;3,613.00;1,526.25;1,529.75
Jun 5, 2024 3:00 AM;Jun 5, 2024 4:00 AM;3,725.00;1,712.50;3,448.00;20,420.00;3.00;94.00;-;6,028.50;673.25;3,567.25;1,314.50;1,521.00
Jun 5, 2024 4:00 AM;Jun 5, 2024 5:00 AM;3,774.50;1,779.00;3,513.25;21,132.50;7.50;94.00;-;6,133.00;682.75;3,695.25;1,249.75;1,538.75
Jun 5, 2024 5:00 AM;Jun 5, 2024 6:00 AM;3,866.25;1,831.50;4,164.50;18,857.50;487.00;94.00;-;6,382.25;694.75;3,962.50;1,704.50;1,558.50
Jun 5, 2024 6:00 AM;Jun 5, 2024 7:00 AM;4,139.75;1,875.75;4,872.50;17,430.25;3,064.00;93.25;-;7,908.50;936.75;4,356.75;2,685.25;1,547.00
Jun 5, 2024 7:00 AM;Jun 5, 2024 8:00 AM;4,245.00;1,925.50;4,714.75;14,243.00;8,027.00;91.50;-;7,818.25;1,165.50;4,092.25;3,956.50;1,632.00
Jun 5, 2024 8:00 AM;Jun 5, 2024 9:00 AM;4,179.25;1,960.75;4,940.50;12,379.25;14,846.50;91.25;-;7,740.75;946.00;4,022.75;3,492.75;1,492.75
Jun 5, 2024 9:00 AM;Jun 5, 2024 10:00 AM;3,987.00;1,935.25;3,008.00;11,977.50;21,142.00;90.50;-;6,525.75;769.50;3,780.50;1,901.50;1,515.75
Jun 5, 2024 10:00 AM;Jun 5, 2024 11:00 AM;3,853.50;1,973.00;2,076.50;11,386.75;25,444.50;87.50;-;6,219.75;674.50;3,489.75;1,491.50;1,458.50
Jun 5, 2024 11:00 AM;Jun 5, 2024 12:00 PM;3,792.50;2,098.50;1,820.00;10,898.75;26,765.25;85.50;-;6,327.00;697.75;3,409.50;1,523.25;1,466.25
Jun 5, 2024 12:00 PM;Jun 5, 2024 1:00 PM;3,732.50;2,116.00;1,719.25;10,863.00;26,637.75;85.25;-;6,780.25;792.00;3,197.25;1,522.00;1,497.25
Jun 5, 2024 1:00 PM;Jun 5, 2024 2:00 PM;3,701.00;1,909.50;2,174.25;11,117.75;26,586.75;86.00;-;7,249.25;905.50;3,161.50;1,522.00;1,511.25
Jun 5, 2024 2:00 PM;Jun 5, 2024 3:00 PM;3,699.00;1,892.25;2,404.50;10,772.50;26,487.50;87.00;-;6,389.50;925.75;3,300.75;1,556.50;1,579.75
Jun 5, 2024 3:00 PM;Jun 5, 2024 4:00 PM;3,744.25;1,873.50;2,540.75;10,494.00;25,015.75;87.50;-;6,486.25;928.50;3,435.00;438.00;1,601.00
Jun 5, 2024 4:00 PM;Jun 5, 2024 5:00 PM;3,810.50;1,995.75;2,526.25;10,471.50;21,606.00;89.25;-;7,643.50;1,000.00;3,417.25;165.25;1,600.50
Jun 5, 2024 5:00 PM;Jun 5, 2024 6:00 PM;3,947.75;2,011.50;2,485.25;10,229.25;16,200.00;89.50;-;10,006.25;1,165.75;4,047.25;357.00;1,628.00
Jun 5, 2024 6:00 PM;Jun 5, 2024 7:00 PM;4,155.25;1,991.50;3,787.00;10,107.75;10,129.50;89.75;-;11,244.25;1,408.50;6,408.00;874.00;1,611.75
Jun 5, 2024 7:00 PM;Jun 5, 2024 8:00 PM;4,318.25;1,997.50;4,061.50;9,277.50;4,943.25;89.50;-;11,479.00;1,671.00;8,440.75;1,611.00;1,625.00
Jun 5, 2024 8:00 PM;Jun 5, 2024 9:00 PM;4,394.25;2,147.75;4,035.00;7,507.00;1,522.75;91.00;-;11,604.50;1,662.25;8,687.75;3,295.00;1,623.50
Jun 5, 2024 9:00 PM;Jun 5, 2024 10:00 PM;4,396.25;2,250.50;4,103.75;6,534.25;112.50;91.75;-;11,601.50;1,617.50;8,697.00;3,512.00;1,585.25
Jun 5, 2024 10:00 PM;Jun 5, 2024 11:00 PM;4,257.75;2,228.25;4,468.25;6,095.00;3.75;92.00;-;11,597.00;1,550.50;8,677.50;3,209.00;1,556.50
Jun 5, 2024 11:00 PM;Jun 6, 2024 12:00 AM;4,074.00;2,071.75;4,330.75;5,997.00;3.25;93.00;-;11,460.75;1,434.25;8,000.00;1,545.00;1,541.75
Jun 6, 2024 12:00 AM;Jun 6, 2024 1:00 AM;3,921.75;2,066.25;3,991.50;5,966.00;3.75;93.25;-;11,520.50;1,407.00;7,427.25;814.00;1,562.25
Jun 6, 2024 1:00 AM;Jun 6, 2024 2:00 AM;3,822.00;1,841.50;3,890.75;5,140.25;3.00;93.00;-;11,488.25;1,263.75;7,100.25;474.50;1,515.00
Jun 6, 2024 2:00 AM;Jun 6, 2024 3:00 AM;3,805.25;1,875.50;4,119.25;4,816.25;4.75;93.00;-;11,537.50;1,238.50;6,939.00;199.25;1,523.50
Jun 6, 2024 3:00 AM;Jun 6, 2024 4:00 AM;3,786.25;1,934.50;4,021.25;4,888.50;3.00;91.75;-;10,927.50;1,233.00;7,055.00;155.75;1,658.75
Jun 6, 2024 4:00 AM;Jun 6, 2024 5:00 AM;3,869.50;1,939.00;4,300.50;5,322.50;10.75;90.75;-;10,947.00;1,238.50;7,402.75;170.25;1,657.50
Jun 6, 2024 5:00 AM;Jun 6, 2024 6:00 AM;3,989.75;2,054.75;4,289.25;5,454.25;594.00;91.25;-;11,431.75;1,230.25;7,758.25;332.00;1,632.00
Jun 6, 2024 6:00 AM;Jun 6, 2024 7:00 AM;4,277.25;2,157.50;4,517.00;4,795.00;3,812.75;106.50;-;11,623.25;1,260.75;8,053.75;2,002.50;1,630.00
Jun 6, 2024 7:00 AM;Jun 6, 2024 8:00 AM;4,352.75;2,194.50;4,198.75;3,875.75;10,570.50;111.25;-;11,896.25;1,243.50;8,020.75;2,452.00;1,629.75
Jun 6, 2024 8:00 AM;Jun 6, 2024 9:00 AM;4,230.75;1,931.75;3,824.25;3,548.25;19,274.50;111.00;-;10,974.50;918.75;6,017.25;792.75;1,520.75
Jun 6, 2024 9:00 AM;Jun 6, 2024 10:00 AM;3,982.50;2,011.25;3,474.00;3,698.50;27,842.75;111.25;-;8,361.25;656.75;4,177.75;88.25;1,534.25
Jun 6, 2024 10:00 AM;Jun 6, 2024 11:00 AM;3,841.50;2,087.50;3,226.50;4,628.00;34,023.25;109.50;-;6,799.00;591.75;3,388.50;74.50;1,539.25
Jun 6, 2024 11:00 AM;Jun 6, 2024 12:00 PM;3,784.25;2,009.00;2,939.25;5,830.75;37,763.25;108.50;-;6,310.25;611.25;2,923.25;73.25;1,539.00
Jun 6, 2024 12:00 PM;Jun 6, 2024 1:00 PM;3,735.00;2,097.00;2,650.00;6,745.50;39,290.75;109.75;-;6,150.00;620.75;2,826.75;114.25;1,562.50
Jun 6, 2024 1:00 PM;Jun 6, 2024 2:00 PM;3,737.50;2,212.00;2,252.75;7,161.00;38,407.00;110.00;-;6,168.00;647.00;2,811.25;173.50;1,575.75
Jun 6, 2024 2:00 PM;Jun 6, 2024 3:00 PM;3,745.75;1,954.50;2,453.00;6,576.50;37,067.75;109.75;-;6,202.50;605.00;2,813.00;58.50;1,561.25
Jun 6, 2024 3:00 PM;Jun 6, 2024 4:00 PM;3,784.75;2,053.50;2,646.75;6,555.25;34,224.00;109.50;-;6,160.50;596.75;2,929.75;58.50;1,580.00
Jun 6, 2024 4:00 PM;Jun 6, 2024 5:00 PM;3,860.25;2,175.00;2,071.75;5,826.75;28,860.75;113.50;-;6,737.75;620.25;3,283.50;192.00;1,610.25
Jun 6, 2024 5:00 PM;Jun 6, 2024 6:00 PM;4,001.75;2,277.75;1,513.00;5,158.25;22,079.50;113.50;-;8,965.50;620.50;4,267.25;561.00;1,598.50
Jun 6, 2024 6:00 PM;Jun 6, 2024 7:00 PM;4,204.25;2,231.75;1,459.25;4,415.25;13,679.25;113.50;-;11,271.50;841.00;7,168.25;837.25;1,578.75
Jun 6, 2024 7:00 PM;Jun 6, 2024 8:00 PM;4,418.00;2,450.75;1,378.75;3,795.75;6,321.50;114.50;-;11,815.50;1,246.75;9,139.75;2,719.75;1,593.75
Jun 6, 2024 8:00 PM;Jun 6, 2024 9:00 PM;4,494.75;2,610.75;1,003.00;3,310.50;1,849.75;114.50;-;11,909.25;1,469.75;9,820.00;3,949.25;1,729.25
Jun 6, 2024 9:00 PM;Jun 6, 2024 10:00 PM;4,465.75;2,579.75;763.00;3,158.00;150.00;115.00;-;11,574.50;1,502.75;10,018.50;4,649.50;1,726.50
Jun 6, 2024 10:00 PM;Jun 6, 2024 11:00 PM;4,327.00;2,464.00;717.50;3,227.50;4.00;116.00;-;11,532.50;1,545.00;9,961.50;3,568.75;1,686.50
Jun 6, 2024 11:00 PM;Jun 7, 2024 12:00 AM;4,118.00;2,386.25;869.00;3,283.00;3.00;116.75;-;11,249.75;1,515.50;9,626.00;1,319.25;1,736.00
Jun 7, 2024 12:00 AM;Jun 7, 2024 1:00 AM;3,948.50;2,286.25;931.75;2,914.00;3.00;114.50;-;10,742.50;1,401.75;8,696.00;478.00;1,756.25
Jun 7, 2024 1:00 AM;Jun 7, 2024 2:00 AM;3,902.50;2,432.75;877.50;2,547.25;3.00;112.75;-;10,826.25;1,294.75;8,554.50;260.00;1,723.00
Jun 7, 2024 2:00 AM;Jun 7, 2024 3:00 AM;3,855.00;2,185.25;1,001.25;2,196.25;2.75;113.75;-;10,821.00;1,272.75;8,581.25;219.25;1,705.00
Jun 7, 2024 3:00 AM;Jun 7, 2024 4:00 AM;3,821.25;2,057.75;1,445.75;1,987.50;3.00;113.50;-;10,660.50;1,276.50;8,465.25;76.75;1,703.75
Jun 7, 2024 4:00 AM;Jun 7, 2024 5:00 AM;3,877.00;2,116.00;1,496.25;1,967.00;9.50;112.25;-;10,680.00;1,096.00;8,435.75;215.50;1,709.25
Jun 7, 2024 5:00 AM;Jun 7, 2024 6:00 AM;4,023.00;2,425.50;1,388.00;1,769.50;539.75;113.00;-;10,806.25;980.25;8,782.75;1,293.50;1,665.00
Jun 7, 2024 6:00 AM;Jun 7, 2024 7:00 AM;4,299.50;2,523.50;1,626.25;1,622.75;3,520.00;112.25;-;10,881.25;1,153.25;8,897.00;3,612.25;1,663.00
Jun 7, 2024 7:00 AM;Jun 7, 2024 8:00 AM;4,295.75;2,446.25;1,705.25;1,382.00;9,710.00;111.75;-;10,945.25;1,183.75;9,086.50;3,256.25;1,680.75
Jun 7, 2024 8:00 AM;Jun 7, 2024 9:00 AM;4,147.75;2,240.50;2,000.25;1,153.00;18,299.75;108.75;-;10,410.75;1,078.50;7,441.25;949.25;1,717.75
Jun 7, 2024 9:00 AM;Jun 7, 2024 10:00 AM;3,902.75;2,047.00;2,374.75;1,891.25;27,671.00;107.50;-;8,382.25;1,063.75;4,879.75;331.50;1,727.50
Jun 7, 2024 10:00 AM;Jun 7, 2024 11:00 AM;3,791.25;2,028.75;2,435.25;3,550.75;34,340.00;111.75;-;5,151.00;1,006.00;3,574.75;125.25;1,698.50
Jun 7, 2024 11:00 AM;Jun 7, 2024 12:00 PM;3,725.25;2,012.75;2,717.00;4,387.00;38,269.00;112.75;-;4,631.50;898.50;3,188.25;142.50;1,721.75
Jun 7, 2024 12:00 PM;Jun 7, 2024 1:00 PM;3,691.75;2,142.00;2,751.25;5,512.50;39,372.25;117.25;-;4,630.75;768.75;3,096.75;181.50;1,721.00
Jun 7, 2024 1:00 PM;Jun 7, 2024 2:00 PM;3,680.00;2,038.50;2,795.50;6,580.00;38,575.50;117.00;-;4,603.25;761.25;2,969.75;191.00;1,691.25
Jun 7, 2024 2:00 PM;Jun 7, 2024 3:00 PM;3,675.25;2,026.50;3,142.00;7,088.00;36,508.25;117.25;-;4,560.75;759.00;3,023.00;58.50;1,706.50
Jun 7, 2024 3:00 PM;Jun 7, 2024 4:00 PM;3,690.25;2,007.00;3,617.75;6,961.75;33,164.25;118.00;-;4,579.75;753.75;2,946.50;54.00;1,710.25
Jun 7, 2024 4:00 PM;Jun 7, 2024 5:00 PM;3,785.75;2,215.50;3,709.25;6,477.00;28,387.00;118.75;-;4,712.25;747.50;2,789.50;199.25;1,691.00
Jun 7, 2024 5:00 PM;Jun 7, 2024 6:00 PM;3,919.00;2,238.00;3,804.50;5,500.00;21,984.75;118.75;-;5,759.75;801.25;3,088.50;251.00;1,703.75
Jun 7, 2024 6:00 PM;Jun 7, 2024 7:00 PM;4,138.75;2,252.00;3,383.75;4,340.00;14,267.00;118.50;-;7,621.25;1,036.50;5,223.50;1,763.00;1,703.50
Jun 7, 2024 7:00 PM;Jun 7, 2024 8:00 PM;4,372.25;2,396.75;3,102.50;3,469.25;6,662.75;118.00;-;8,047.75;1,305.75;8,555.00;3,539.75;1,700.50
Jun 7, 2024 8:00 PM;Jun 7, 2024 9:00 PM;4,477.50;2,552.50;2,722.00;2,711.00;1,908.00;118.00;-;8,149.50;1,325.00;9,212.00;5,087.25;1,747.00
Jun 7, 2024 9:00 PM;Jun 7, 2024 10:00 PM;4,430.25;2,644.25;2,742.00;2,167.00;130.50;120.00;-;8,180.75;1,328.50;9,320.25;4,675.25;1,752.75
Jun 7, 2024 10:00 PM;Jun 7, 2024 11:00 PM;4,269.50;2,461.50;2,945.00;2,190.75;3.75;120.00;-;8,184.50;1,298.00;8,689.75;4,229.25;1,753.00
Jun 7, 2024 11:00 PM;Jun 8, 2024 12:00 AM;4,141.50;2,304.00;3,612.75;2,594.50;3.25;119.75;-;8,136.75;1,197.50;7,798.50;3,230.75;1,765.25
Jun 8, 2024 12:00 AM;Jun 8, 2024 1:00 AM;3,999.50;2,056.75;4,129.25;2,879.00;3.00;120.00;-;7,972.25;893.25;6,961.25;2,321.50;1,723.25
Jun 8, 2024 1:00 AM;Jun 8, 2024 2:00 AM;3,928.75;2,067.25;3,973.50;3,032.00;3.00;120.25;-;7,872.75;789.75;5,867.50;1,802.25;1,740.00
Jun 8, 2024 2:00 AM;Jun 8, 2024 3:00 AM;3,881.00;2,031.25;5,286.25;3,652.00;3.00;120.50;-;7,758.25;783.00;5,387.50;1,314.00;1,738.00
Jun 8, 2024 3:00 AM;Jun 8, 2024 4:00 AM;3,901.75;2,066.25;4,846.50;4,740.00;3.00;120.00;-;7,688.00;785.50;4,429.50;1,169.75;1,673.75
Jun 8, 2024 4:00 AM;Jun 8, 2024 5:00 AM;3,940.50;2,019.75;4,684.75;5,353.25;9.25;120.50;-;7,361.75;781.00;3,747.00;836.75;1,684.50
Jun 8, 2024 5:00 AM;Jun 8, 2024 6:00 AM;4,033.25;2,238.75;3,779.50;5,431.25;611.75;121.00;-;7,013.75;781.75;3,355.00;1,149.75;1,680.00
Jun 8, 2024 6:00 AM;Jun 8, 2024 7:00 AM;4,122.50;2,061.75;3,683.75;5,891.75;3,940.50;120.25;-;6,740.75;779.50;3,241.25;1,568.50;1,649.50
Jun 8, 2024 7:00 AM;Jun 8, 2024 8:00 AM;4,122.00;2,015.75;3,430.50;5,848.00;11,458.50;120.00;-;4,541.50;774.75;3,154.25;515.75;1,656.50
Jun 8, 2024 8:00 AM;Jun 8, 2024 9:00 AM;4,070.25;2,157.75;3,540.75;4,322.50;21,690.00;119.50;-;3,495.00;731.50;2,654.75;498.25;1,664.50
Jun 8, 2024 9:00 AM;Jun 8, 2024 10:00 AM;3,988.00;2,087.00;3,794.50;4,792.00;31,317.25;119.00;-;3,457.00;708.25;2,375.25;374.00;1,692.00
Jun 8, 2024 10:00 AM;Jun 8, 2024 11:00 AM;3,880.75;2,083.00;2,272.25;6,487.50;37,638.00;118.00;-;3,061.75;691.25;2,366.50;188.25;1,711.00
Jun 8, 2024 11:00 AM;Jun 8, 2024 12:00 PM;3,815.00;2,107.50;2,447.50;8,888.50;40,566.00;115.50;-;2,964.25;688.50;2,388.50;126.00;1,757.00
Jun 8, 2024 12:00 PM;Jun 8, 2024 1:00 PM;3,737.50;2,125.25;2,305.50;10,486.50;40,285.00;115.75;-;2,924.75;685.50;2,379.50;117.75;1,767.00
Jun 8, 2024 1:00 PM;Jun 8, 2024 2:00 PM;3,705.50;1,969.25;2,078.00;11,432.25;38,433.50;115.25;-;2,908.75;677.00;2,348.75;89.25;1,736.75
Jun 8, 2024 2:00 PM;Jun 8, 2024 3:00 PM;3,700.50;1,991.50;1,780.25;10,992.75;34,464.00;115.00;-;2,921.25;657.50;2,314.00;60.00;1,722.50
Jun 8, 2024 3:00 PM;Jun 8, 2024 4:00 PM;3,717.75;1,970.25;1,817.00;13,118.25;29,149.00;114.00;-;2,935.25;685.00;2,465.75;59.75;1,716.75
Jun 8, 2024 4:00 PM;Jun 8, 2024 5:00 PM;3,780.50;2,076.00;1,591.00;15,101.25;22,932.50;115.00;-;2,964.50;928.25;3,055.00;342.00;1,690.25
Jun 8, 2024 5:00 PM;Jun 8, 2024 6:00 PM;3,888.50;2,143.75;2,946.25;15,193.25;16,541.25;115.75;-;3,664.75;1,022.25;3,690.25;552.50;1,676.50
Jun 8, 2024 6:00 PM;Jun 8, 2024 7:00 PM;4,115.00;2,186.50;2,632.50;14,516.75;10,021.00;116.75;-;4,659.50;1,052.00;4,292.50;1,561.50;1,633.00
Jun 8, 2024 7:00 PM;Jun 8, 2024 8:00 PM;4,328.75;2,254.75;3,158.25;14,219.75;4,856.50;116.75;-;4,952.50;1,197.00;4,850.75;2,891.25;1,632.50
Jun 8, 2024 8:00 PM;Jun 8, 2024 9:00 PM;4,373.25;2,264.75;3,925.25;14,167.50;1,543.25;117.00;-;4,767.50;1,414.25;5,219.75;3,839.25;1,654.75
Jun 8, 2024 9:00 PM;Jun 8, 2024 10:00 PM;4,324.00;2,230.00;4,354.50;13,567.00;134.25;116.50;-;3,668.00;1,582.00;4,974.75;3,989.50;1,663.50
Jun 8, 2024 10:00 PM;Jun 8, 2024 11:00 PM;4,247.50;2,378.50;4,720.25;12,882.25;7.00;116.00;-;3,516.25;1,567.75;5,016.50;4,364.25;1,664.50
Jun 8, 2024 11:00 PM;Jun 9, 2024 12:00 AM;4,108.75;2,175.25;4,530.75;12,331.75;3.00;114.50;-;3,613.50;1,670.00;4,841.00;2,931.00;1,655.25
Jun 9, 2024 12:00 AM;Jun 9, 2024 1:00 AM;3,951.75;1,983.25;4,973.75;11,175.00;3.00;114.00;-;3,751.50;1,676.50;4,508.00;1,954.50;1,649.25
Jun 9, 2024 1:00 AM;Jun 9, 2024 2:00 AM;3,858.25;1,969.75;4,397.75;10,950.00;3.00;95.00;-;3,913.75;1,674.00;4,456.50;697.75;1,661.25
Jun 9, 2024 2:00 AM;Jun 9, 2024 3:00 AM;3,775.25;2,018.75;4,260.25;10,959.25;3.00;92.75;-;4,054.00;1,656.50;4,417.75;451.75;1,713.00
Jun 9, 2024 3:00 AM;Jun 9, 2024 4:00 AM;3,790.75;2,020.00;4,029.00;10,467.75;3.00;93.00;-;4,325.25;1,599.00;4,216.25;283.50;1,713.75
Jun 9, 2024 4:00 AM;Jun 9, 2024 5:00 AM;3,820.50;1,985.00;4,001.00;10,116.50;11.25;93.00;-;4,368.00;1,442.00;4,227.25;285.25;1,684.50
Jun 9, 2024 5:00 AM;Jun 9, 2024 6:00 AM;3,855.75;2,069.50;3,682.50;9,945.75;540.00;93.00;-;4,371.00;1,453.25;4,261.00;340.00;1,706.00
Jun 9, 2024 6:00 AM;Jun 9, 2024 7:00 AM;3,919.50;1,960.50;3,789.75;9,500.00;3,469.50;93.00;-;4,115.00;1,454.50;4,226.00;352.00;1,651.50
Jun 9, 2024 7:00 AM;Jun 9, 2024 8:00 AM;3,934.00;1,981.25;4,108.00;7,141.50;10,316.50;93.75;-;3,581.50;1,458.00;3,651.25;453.25;1,639.75
Jun 9, 2024 8:00 AM;Jun 9, 2024 9:00 AM;3,898.50;2,016.00;2,446.00;6,857.50;19,366.75;93.25;-;3,439.50;1,433.00;3,267.50;571.00;1,605.00
Jun 9, 2024 9:00 AM;Jun 9, 2024 10:00 AM;3,839.00;2,013.50;1,928.00;8,144.75;27,288.50;93.25;-;3,090.25;1,427.75;3,301.00;465.75;1,618.50
Jun 9, 2024 10:00 AM;Jun 9, 2024 11:00 AM;3,779.75;1,996.50;1,481.50;8,078.25;32,307.25;92.00;-;2,920.00;1,425.75;3,302.00;52.25;1,618.25
Jun 9, 2024 11:00 AM;Jun 9, 2024 12:00 PM;3,739.25;2,013.50;1,507.75;8,379.00;34,622.75;93.75;-;2,633.25;1,312.00;3,227.00;144.25;1,650.25
Jun 9, 2024 12:00 PM;Jun 9, 2024 1:00 PM;3,680.75;1,824.00;1,351.25;7,581.50;34,855.50;95.00;-;2,641.25;1,072.75;3,065.00;200.00;1,655.50
Jun 9, 2024 1:00 PM;Jun 9, 2024 2:00 PM;3,653.50;1,796.25;1,070.50;7,335.00;34,591.25;94.50;-;2,718.25;986.75;2,850.50;217.75;1,632.00
Jun 9, 2024 2:00 PM;Jun 9, 2024 3:00 PM;3,659.75;1,801.25;1,147.75;7,453.25;32,570.50;94.00;-;2,712.00;993.50;2,853.75;194.00;1,640.50
Jun 9, 2024 3:00 PM;Jun 9, 2024 4:00 PM;3,676.75;1,878.75;1,308.75;8,922.25;29,776.50;94.00;-;2,709.00;1,028.75;2,971.75;55.00;1,643.75
Jun 9, 2024 4:00 PM;Jun 9, 2024 5:00 PM;3,749.00;2,081.75;1,436.75;11,355.50;25,630.50;94.00;-;2,886.50;1,201.75;3,070.00;154.00;1,601.50
Jun 9, 2024 5:00 PM;Jun 9, 2024 6:00 PM;3,841.75;2,206.50;1,578.75;12,762.75;19,724.50;94.00;-;3,090.00;1,202.75;3,609.50;292.00;1,611.25
Jun 9, 2024 6:00 PM;Jun 9, 2024 7:00 PM;4,011.75;2,375.00;3,533.50;13,459.00;12,525.25;95.25;-;3,604.00;1,384.75;4,864.00;745.75;1,613.00
Jun 9, 2024 7:00 PM;Jun 9, 2024 8:00 PM;4,237.25;2,268.75;3,714.00;11,717.50;5,959.75;95.25;-;4,750.50;1,444.00;6,023.75;1,965.25;1,678.50
Jun 9, 2024 8:00 PM;Jun 9, 2024 9:00 PM;4,390.25;2,351.75;5,044.75;9,708.75;1,918.75;95.25;-;5,038.00;1,369.75;6,863.00;4,282.25;1,750.25
Jun 9, 2024 9:00 PM;Jun 9, 2024 10:00 PM;4,352.25;2,229.25;5,258.00;9,069.00;152.25;95.00;-;5,350.50;1,215.00;7,044.00;4,775.00;1,748.75
Jun 9, 2024 10:00 PM;Jun 9, 2024 11:00 PM;4,239.00;2,303.00;5,901.50;8,448.50;3.00;95.00;-;5,799.25;1,078.25;6,890.50;3,392.75;1,764.00
Jun 9, 2024 11:00 PM;Jun 10, 2024 12:00 AM;4,115.25;2,070.75;5,900.00;8,289.00;3.00;95.00;-;6,073.00;1,136.00;6,747.25;1,395.25;1,763.50
Jun 10, 2024 12:00 AM;Jun 10, 2024 1:00 AM;3,822.50;1,910.25;5,066.25;8,693.00;3.00;95.50;-;5,767.00;954.75;6,349.75;220.25;1,717.25
Jun 10, 2024 1:00 AM;Jun 10, 2024 2:00 AM;3,734.50;1,990.75;4,521.75;8,920.50;3.00;96.50;-;6,002.75;987.00;5,825.00;87.50;1,721.25
Jun 10, 2024 2:00 AM;Jun 10, 2024 3:00 AM;3,696.00;1,989.00;4,105.50;8,843.50;3.00;96.00;-;6,428.25;1,025.50;5,339.25;4.00;1,725.00
Jun 10, 2024 3:00 AM;Jun 10, 2024 4:00 AM;3,664.00;1,965.75;3,757.75;8,357.00;3.00;96.50;-;6,498.00;1,031.25;5,549.00;0.00;1,678.00
Jun 10, 2024 4:00 AM;Jun 10, 2024 5:00 AM;3,732.25;2,003.50;3,457.25;7,817.75;10.75;97.00;-;7,127.25;1,231.75;6,651.75;0.25;1,708.75
Jun 10, 2024 5:00 AM;Jun 10, 2024 6:00 AM;3,876.25;2,097.25;3,098.50;7,222.25;516.75;97.00;-;7,652.00;1,455.50;7,215.00;202.50;1,718.00
Jun 10, 2024 6:00 AM;Jun 10, 2024 7:00 AM;4,199.50;2,320.25;2,863.50;5,695.25;3,063.75;97.00;-;8,129.00;1,732.50;8,734.75;2,731.25;1,763.25
Jun 10, 2024 7:00 AM;Jun 10, 2024 8:00 AM;4,396.75;2,291.50;2,299.25;3,934.50;8,687.00;96.25;-;8,355.00;2,021.75;9,132.50;5,156.25;1,719.75
Jun 10, 2024 8:00 AM;Jun 10, 2024 9:00 AM;4,351.00;2,204.50;1,787.25;3,349.75;16,734.75;93.25;-;8,415.50;2,274.00;9,062.75;3,989.25;1,770.25
Jun 10, 2024 9:00 AM;Jun 10, 2024 10:00 AM;4,138.00;2,026.50;1,542.25;3,698.50;25,071.50;91.50;-;7,874.75;2,249.75;8,133.75;1,628.25;1,773.50
Jun 10, 2024 10:00 AM;Jun 10, 2024 11:00 AM;3,948.50;2,021.25;896.25;4,564.00;30,611.00;92.25;-;6,985.25;2,152.00;6,255.75;1,129.25;1,710.00
Jun 10, 2024 11:00 AM;Jun 10, 2024 12:00 PM;3,827.25;2,028.00;1,164.75;5,855.25;32,739.00;92.00;-;6,219.00;1,876.75;4,407.00;633.25;1,679.00
Jun 10, 2024 12:00 PM;Jun 10, 2024 1:00 PM;3,748.50;2,138.00;670.75;6,901.00;32,783.75;92.50;-;5,346.50;1,416.50;3,643.00;318.25;1,645.00
Jun 10, 2024 1:00 PM;Jun 10, 2024 2:00 PM;3,729.25;2,051.50;660.00;8,034.50;31,880.75;95.50;-;5,943.75;1,318.00;3,399.25;100.25;1,651.75
Jun 10, 2024 2:00 PM;Jun 10, 2024 3:00 PM;3,712.25;2,200.50;868.00;9,099.00;29,037.25;95.75;-;5,706.00;1,268.25;3,315.25;201.50;1,665.00
Jun 10, 2024 3:00 PM;Jun 10, 2024 4:00 PM;3,744.75;2,178.00;728.75;10,000.50;25,377.00;95.75;-;5,687.00;1,390.50;3,283.50;294.25;1,658.50
Jun 10, 2024 4:00 PM;Jun 10, 2024 5:00 PM;3,874.00;2,078.25;1,094.25;10,689.00;20,974.00;95.75;-;6,125.50;1,680.00;3,383.75;178.50;1,686.00
Jun 10, 2024 5:00 PM;Jun 10, 2024 6:00 PM;4,033.00;2,261.50;1,718.75;11,825.75;15,224.50;96.00;-;7,128.25;1,984.50;4,090.00;420.75;1,733.00
Jun 10, 2024 6:00 PM;Jun 10, 2024 7:00 PM;4,267.75;2,311.25;2,307.00;13,694.00;9,219.00;95.50;-;7,489.75;2,293.00;5,316.00;1,820.25;1,713.00
Jun 10, 2024 7:00 PM;Jun 10, 2024 8:00 PM;4,412.25;2,385.75;3,241.75;14,264.50;4,129.25;95.00;-;7,466.50;2,290.75;6,068.50;3,413.75;1,706.50
Jun 10, 2024 8:00 PM;Jun 10, 2024 9:00 PM;4,445.50;2,299.75;3,655.50;15,128.00;1,094.75;95.25;-;7,442.00;2,595.25;6,494.75;3,938.75;1,786.50
Jun 10, 2024 9:00 PM;Jun 10, 2024 10:00 PM;4,374.75;2,161.25;3,969.25;16,489.75;61.25;96.00;-;7,153.75;3,131.50;6,208.00;2,799.25;1,762.25
Jun 10, 2024 10:00 PM;Jun 10, 2024 11:00 PM;4,221.75;2,076.00;4,236.25;16,947.50;3.00;95.75;-;6,865.00;3,449.75;5,895.50;1,478.00;1,706.00
Jun 10, 2024 11:00 PM;Jun 11, 2024 12:00 AM;4,042.75;2,035.50;4,326.25;18,419.25;3.50;95.00;-;6,141.50;3,470.75;5,300.50;363.25;1,703.25
Jun 11, 2024 12:00 AM;Jun 11, 2024 1:00 AM;3,852.50;1,911.50;4,715.25;19,533.00;3.25;95.00;-;4,774.50;2,953.25;4,295.75;67.50;1,701.25
Jun 11, 2024 1:00 AM;Jun 11, 2024 2:00 AM;3,774.50;1,937.00;4,632.75;20,221.00;3.25;95.25;-;5,003.00;2,595.00;3,741.25;31.50;1,683.25
Jun 11, 2024 2:00 AM;Jun 11, 2024 3:00 AM;3,744.00;2,120.75;4,428.00;21,142.00;3.00;96.50;-;5,062.50;2,564.25;3,694.25;109.50;1,679.25
Jun 11, 2024 3:00 AM;Jun 11, 2024 4:00 AM;3,736.25;2,061.75;4,034.25;21,659.00;3.00;96.25;-;5,019.00;2,529.50;3,627.25;3.50;1,694.25
Jun 11, 2024 4:00 AM;Jun 11, 2024 5:00 AM;3,786.50;2,033.75;3,769.00;21,948.00;8.25;97.00;-;4,925.75;2,460.00;3,508.50;171.75;1,635.25
Jun 11, 2024 5:00 AM;Jun 11, 2024 6:00 AM;3,896.00;2,109.75;3,207.75;21,858.00;357.75;96.25;-;5,173.25;2,513.50;3,479.25;401.50;1,576.25
Jun 11, 2024 6:00 AM;Jun 11, 2024 7:00 AM;4,170.75;2,242.75;3,415.25;21,291.25;2,417.25;96.00;-;4,956.50;2,515.00;4,042.25;2,065.50;1,571.50
Jun 11, 2024 7:00 AM;Jun 11, 2024 8:00 AM;4,261.75;2,135.75;3,797.25;20,789.75;6,622.25;92.00;-;5,872.00;2,498.75;4,409.00;2,659.25;1,608.50
Jun 11, 2024 8:00 AM;Jun 11, 2024 9:00 AM;4,159.50;2,098.00;3,307.00;20,699.75;12,308.25;89.00;-;5,801.00;2,066.50;4,087.25;1,338.00;1,622.00
Jun 11, 2024 9:00 AM;Jun 11, 2024 10:00 AM;3,973.75;2,089.50;2,205.00;20,911.25;17,601.25;86.00;-;5,748.75;1,680.25;3,952.00;557.25;1,613.75
Jun 11, 2024 10:00 AM;Jun 11, 2024 11:00 AM;3,864.75;2,183.75;1,446.50;21,075.25;22,197.75;87.50;-;5,684.50;1,700.75;4,237.75;570.50;1,567.50
Jun 11, 2024 11:00 AM;Jun 11, 2024 12:00 PM;3,788.75;2,115.75;2,287.50;20,729.75;26,094.25;90.00;-;4,702.00;1,673.50;3,473.50;272.25;1,613.00
Jun 11, 2024 12:00 PM;Jun 11, 2024 1:00 PM;3,706.00;2,018.25;2,997.00;20,223.25;27,960.50;89.75;-;4,098.00;1,283.75;3,138.75;96.25;1,604.75
Jun 11, 2024 1:00 PM;Jun 11, 2024 2:00 PM;3,676.75;1,994.25;3,343.75;19,749.75;28,972.25;89.00;-;4,055.50;1,226.50;3,191.00;99.50;1,592.50
Jun 11, 2024 2:00 PM;Jun 11, 2024 3:00 PM;3,698.25;2,031.75;3,424.75;18,661.50;29,344.25;91.75;-;4,066.00;1,221.75;3,370.75;85.50;1,649.25
Jun 11, 2024 3:00 PM;Jun 11, 2024 4:00 PM;3,731.25;2,080.75;4,003.75;17,636.00;27,859.50;92.50;-;4,139.50;1,198.00;3,335.75;30.50;1,623.50
Jun 11, 2024 4:00 PM;Jun 11, 2024 5:00 PM;3,823.75;2,047.75;3,151.50;18,013.25;24,004.75;94.00;-;4,634.00;1,285.75;3,417.00;98.50;1,598.50
Jun 11, 2024 5:00 PM;Jun 11, 2024 6:00 PM;3,933.25;2,129.50;3,334.50;18,304.50;18,318.25;95.00;-;5,567.75;1,591.50;3,387.00;387.25;1,599.75
Jun 11, 2024 6:00 PM;Jun 11, 2024 7:00 PM;4,160.75;2,318.50;3,743.00;17,433.25;11,760.50;95.50;-;6,886.50;2,049.00;4,340.50;980.00;1,651.50
Jun 11, 2024 7:00 PM;Jun 11, 2024 8:00 PM;4,389.75;2,382.50;4,254.25;14,507.25;5,781.50;96.25;-;7,423.25;2,286.25;5,968.25;2,369.00;1,682.00
Jun 11, 2024 8:00 PM;Jun 11, 2024 9:00 PM;4,499.00;2,580.75;4,930.50;11,505.75;1,961.50;96.00;-;7,463.25;2,168.00;6,667.50;4,541.00;1,625.75
Jun 11, 2024 9:00 PM;Jun 11, 2024 10:00 PM;4,462.00;2,450.75;5,437.50;10,620.50;174.00;94.50;-;7,532.75;2,089.75;6,576.25;4,790.75;1,531.75
Jun 11, 2024 10:00 PM;Jun 11, 2024 11:00 PM;4,318.75;2,382.00;5,329.25;10,309.25;9.00;94.00;-;7,858.75;1,978.50;6,367.25;2,897.25;1,540.25
Jun 11, 2024 11:00 PM;Jun 12, 2024 12:00 AM;4,101.25;2,116.00;5,260.50;10,924.50;3.25;94.25;-;8,270.50;1,789.75;5,651.25;706.00;1,562.75
Jun 12, 2024 12:00 AM;Jun 12, 2024 1:00 AM;3,898.75;2,046.25;5,235.50;11,071.25;4.25;96.00;-;8,031.50;1,242.00;4,975.75;244.75;1,623.25
Jun 12, 2024 1:00 AM;Jun 12, 2024 2:00 AM;3,825.75;1,943.25;4,546.50;11,144.50;5.50;96.00;-;7,710.50;1,088.75;4,498.25;143.00;1,598.25
Jun 12, 2024 2:00 AM;Jun 12, 2024 3:00 AM;3,802.75;1,983.00;4,813.75;10,846.00;5.00;96.50;-;7,597.25;1,069.25;4,346.25;99.50;1,593.50
Jun 12, 2024 3:00 AM;Jun 12, 2024 4:00 AM;3,801.75;1,958.25;4,523.75;10,388.25;4.25;97.00;-;7,597.50;1,062.50;4,392.50;2.50;1,566.25
Jun 12, 2024 4:00 AM;Jun 12, 2024 5:00 AM;3,868.50;1,944.00;4,261.75;10,719.00;12.25;94.75;-;7,825.25;1,064.50;4,531.00;25.25;1,581.75
Jun 12, 2024 5:00 AM;Jun 12, 2024 6:00 AM;4,000.00;1,987.75;4,172.25;10,022.25;562.75;93.50;-;8,079.75;1,170.25;4,921.00;185.00;1,575.50
Jun 12, 2024 6:00 AM;Jun 12, 2024 7:00 AM;4,287.50;2,141.00;4,180.75;8,396.75;3,611.75;93.25;-;8,966.50;1,449.00;5,325.50;1,835.25;1,537.50
Jun 12, 2024 7:00 AM;Jun 12, 2024 8:00 AM;4,389.50;2,357.00;3,917.50;6,439.25;10,372.75;93.00;-;9,115.00;1,515.75;5,466.50;3,208.50;1,551.75
Jun 12, 2024 8:00 AM;Jun 12, 2024 9:00 AM;4,289.25;2,188.25;3,901.50;6,251.25;19,461.00;94.50;-;8,081.50;1,479.25;4,455.25;1,810.75;1,535.75
Jun 12, 2024 9:00 AM;Jun 12, 2024 10:00 AM;4,024.00;2,127.00;3,868.00;7,210.50;27,320.25;91.50;-;5,948.25;1,483.00;3,348.50;726.50;1,547.50
Jun 12, 2024 10:00 AM;Jun 12, 2024 11:00 AM;3,896.50;2,158.50;2,928.75;8,388.75;31,247.75;91.00;-;5,333.25;1,488.00;3,311.25;517.00;1,553.25
Jun 12, 2024 11:00 AM;Jun 12, 2024 12:00 PM;3,829.50;2,175.00;2,920.50;9,741.50;32,498.75;91.25;-;5,093.75;1,465.50;3,275.25;381.25;1,531.00
Jun 12, 2024 12:00 PM;Jun 12, 2024 1:00 PM;3,751.25;2,208.75;2,681.75;10,428.25;33,115.25;88.25;-;5,005.25;1,468.00;3,201.50;342.25;1,478.75
Jun 12, 2024 1:00 PM;Jun 12, 2024 2:00 PM;3,746.00;2,180.00;2,358.50;10,374.25;33,249.25;88.75;-;5,014.25;1,456.00;3,146.75;323.00;1,489.75
Jun 12, 2024 2:00 PM;Jun 12, 2024 3:00 PM;3,770.75;2,168.50;2,420.75;11,513.75;32,876.00;88.75;-;5,017.50;1,454.25;3,137.25;152.25;1,489.75
Jun 12, 2024 3:00 PM;Jun 12, 2024 4:00 PM;3,824.50;2,222.00;2,552.50;11,530.00;29,832.00;87.25;-;5,262.50;1,451.75;3,211.75;76.75;1,478.25
Jun 12, 2024 4:00 PM;Jun 12, 2024 5:00 PM;3,915.25;2,183.75;2,786.00;11,708.25;25,161.75;90.75;-;5,410.25;1,451.50;3,268.00;203.50;1,531.75
Jun 12, 2024 5:00 PM;Jun 12, 2024 6:00 PM;4,049.75;2,349.50;3,433.50;10,223.50;19,135.75;91.75;-;7,351.50;1,769.00;3,527.00;497.25;1,539.50
Jun 12, 2024 6:00 PM;Jun 12, 2024 7:00 PM;4,268.25;2,306.25;4,060.75;9,330.00;12,065.75;93.25;-;10,171.00;2,051.50;5,845.00;721.00;1,524.00
Jun 12, 2024 7:00 PM;Jun 12, 2024 8:00 PM;4,457.00;2,521.25;4,352.25;8,222.00;5,709.00;94.25;-;10,689.00;2,330.50;7,977.50;2,340.75;1,533.00
Jun 12, 2024 8:00 PM;Jun 12, 2024 9:00 PM;4,510.50;2,675.75;4,270.75;6,725.75;1,807.75;93.75;-;10,805.25;2,500.00;8,572.75;2,877.25;1,550.50
Jun 12, 2024 9:00 PM;Jun 12, 2024 10:00 PM;4,480.75;2,725.50;4,235.00;5,724.25;147.00;94.00;-;11,124.75;2,385.25;8,788.00;2,382.00;1,588.50
Jun 12, 2024 10:00 PM;Jun 12, 2024 11:00 PM;4,380.25;2,716.75;3,747.75;5,226.75;13.75;95.25;-;11,123.00;2,247.50;9,047.75;3,504.75;1,571.75
Jun 12, 2024 11:00 PM;Jun 13, 2024 12:00 AM;4,161.25;2,347.00;3,535.25;5,508.75;10.25;95.50;-;11,045.00;2,089.75;7,760.75;1,794.25;1,525.75
Jun 13, 2024 12:00 AM;Jun 13, 2024 1:00 AM;3,991.75;2,313.50;3,234.75;5,627.25;6.00;95.00;-;11,067.75;2,131.50;6,740.75;1,079.50;1,537.00
Jun 13, 2024 1:00 AM;Jun 13, 2024 2:00 AM;3,910.25;2,370.00;2,746.75;5,910.75;5.75;95.00;-;10,966.00;2,079.25;6,126.25;707.75;1,487.75
Jun 13, 2024 2:00 AM;Jun 13, 2024 3:00 AM;3,858.50;2,089.00;2,503.75;5,901.50;4.00;95.00;-;10,912.25;1,896.00;6,071.25;87.00;1,479.75
Jun 13, 2024 3:00 AM;Jun 13, 2024 4:00 AM;3,852.25;2,182.25;2,714.50;5,881.50;4.00;95.00;-;10,973.50;1,831.25;6,130.75;72.75;1,481.50
Jun 13, 2024 4:00 AM;Jun 13, 2024 5:00 AM;3,907.00;2,191.25;2,889.00;5,712.75;11.75;95.00;-;10,873.25;1,921.50;6,057.75;115.25;1,505.00
Jun 13, 2024 5:00 AM;Jun 13, 2024 6:00 AM;4,022.50;2,337.25;2,786.50;5,219.00;551.50;96.00;-;11,037.00;2,104.00;6,857.75;848.25;1,554.50
Jun 13, 2024 6:00 AM;Jun 13, 2024 7:00 AM;4,266.75;2,592.50;2,507.75;4,482.25;3,389.75;96.00;-;11,024.50;2,189.50;7,327.00;2,572.75;1,534.25
Jun 13, 2024 7:00 AM;Jun 13, 2024 8:00 AM;4,392.25;2,662.00;1,773.75;2,796.75;9,175.50;95.50;-;10,960.25;2,190.50;7,767.00;3,883.00;1,449.25
Jun 13, 2024 8:00 AM;Jun 13, 2024 9:00 AM;4,332.25;2,434.75;1,218.50;2,370.75;17,604.00;88.75;-;10,594.00;2,083.00;7,168.75;2,721.25;1,438.75
Jun 13, 2024 9:00 AM;Jun 13, 2024 10:00 AM;4,043.25;2,306.50;1,066.00;2,630.00;25,941.50;85.25;-;8,810.50;1,417.50;4,207.75;532.50;1,443.00
Jun 13, 2024 10:00 AM;Jun 13, 2024 11:00 AM;3,896.50;2,265.00;1,233.75;3,347.25;31,538.00;84.75;-;6,562.50;1,065.50;3,171.75;121.25;1,439.25
Jun 13, 2024 11:00 AM;Jun 13, 2024 12:00 PM;3,823.00;2,125.25;1,377.25;4,247.75;34,235.00;85.25;-;6,108.50;1,052.50;3,019.50;95.50;1,447.75
Jun 13, 2024 12:00 PM;Jun 13, 2024 1:00 PM;3,762.00;2,256.50;1,375.75;4,669.25;35,153.50;88.75;-;6,009.25;932.25;2,882.00;156.00;1,461.25
Jun 13, 2024 1:00 PM;Jun 13, 2024 2:00 PM;3,730.25;2,283.00;1,401.75;5,085.00;35,234.25;91.75;-;6,017.00;905.25;2,753.75;102.50;1,460.50
Jun 13, 2024 2:00 PM;Jun 13, 2024 3:00 PM;3,734.25;2,310.25;1,492.75;5,198.50;33,745.00;92.00;-;6,013.00;897.25;2,770.25;114.75;1,445.00
Jun 13, 2024 3:00 PM;Jun 13, 2024 4:00 PM;3,790.25;2,310.75;1,468.25;4,820.00;30,888.00;95.75;-;6,152.75;886.50;2,830.50;122.75;1,442.25
Jun 13, 2024 4:00 PM;Jun 13, 2024 5:00 PM;3,895.75;2,302.00;1,299.50;3,810.25;27,139.25;96.50;-;6,795.00;925.75;2,984.50;138.00;1,452.25
Jun 13, 2024 5:00 PM;Jun 13, 2024 6:00 PM;4,071.75;2,369.75;1,200.25;3,225.50;21,269.75;96.00;-;9,255.75;1,399.50;4,097.25;374.00;1,478.75
Jun 13, 2024 6:00 PM;Jun 13, 2024 7:00 PM;4,333.50;2,503.00;1,247.00;2,327.50;13,930.75;97.50;-;10,966.00;2,300.75;7,072.50;1,937.25;1,474.50
Jun 13, 2024 7:00 PM;Jun 13, 2024 8:00 PM;4,503.25;2,688.50;1,279.50;1,796.50;6,598.00;98.00;-;11,084.75;2,542.00;8,745.50;3,062.25;1,479.75
Jun 13, 2024 8:00 PM;Jun 13, 2024 9:00 PM;4,562.25;2,810.75;1,281.25;1,893.50;1,924.25;98.25;-;11,196.50;2,557.00;9,349.75;4,726.25;1,498.00
Jun 13, 2024 9:00 PM;Jun 13, 2024 10:00 PM;4,517.00;2,712.00;1,361.25;3,017.50;133.50;100.00;-;11,310.75;2,548.25;9,253.75;4,685.75;1,555.75
Jun 13, 2024 10:00 PM;Jun 13, 2024 11:00 PM;4,340.50;2,518.50;1,305.50;4,981.00;10.25;100.25;-;11,300.50;2,498.50;8,063.25;3,214.00;1,563.75
Jun 13, 2024 11:00 PM;Jun 14, 2024 12:00 AM;4,134.00;2,385.00;1,190.00;7,801.50;3.50;100.75;-;11,000.75;2,100.00;6,098.25;1,035.75;1,500.00
Jun 14, 2024 12:00 AM;Jun 14, 2024 1:00 AM;4,005.75;2,373.50;1,150.00;10,121.25;3.75;99.25;-;9,965.75;1,737.25;4,416.00;628.75;1,458.75
Jun 14, 2024 1:00 AM;Jun 14, 2024 2:00 AM;3,876.25;2,210.00;1,159.75;11,854.25;3.50;100.25;-;7,960.00;1,276.75;3,049.00;210.50;1,396.75
Jun 14, 2024 2:00 AM;Jun 14, 2024 3:00 AM;3,806.00;2,226.50;1,055.50;13,343.75;3.25;100.25;-;7,514.75;1,078.00;2,584.50;106.25;1,394.75
Jun 14, 2024 3:00 AM;Jun 14, 2024 4:00 AM;3,791.00;2,282.00;1,116.50;14,402.75;3.25;100.00;-;7,307.00;1,044.75;2,655.50;12.25;1,369.00
Jun 14, 2024 4:00 AM;Jun 14, 2024 5:00 AM;3,846.75;2,278.50;1,206.25;14,701.00;7.25;101.00;-;7,572.75;1,049.25;2,555.50;59.25;1,378.00
Jun 14, 2024 5:00 AM;Jun 14, 2024 6:00 AM;3,944.00;2,326.75;1,467.50;14,973.75;381.25;101.25;-;8,255.25;1,219.50;2,877.50;240.50;1,365.75
Jun 14, 2024 6:00 AM;Jun 14, 2024 7:00 AM;4,240.50;2,571.50;1,440.75;14,466.50;2,427.75;100.50;-;8,814.00;1,413.00;3,350.50;1,399.50;1,374.50
Jun 14, 2024 7:00 AM;Jun 14, 2024 8:00 AM;4,376.25;2,740.75;2,010.00;11,764.75;5,496.50;99.00;-;8,893.00;1,469.75;3,571.50;2,909.50;1,457.00
Jun 14, 2024 8:00 AM;Jun 14, 2024 9:00 AM;4,349.75;2,794.75;2,212.00;9,646.00;9,323.75;97.25;-;8,980.00;1,518.50;3,598.00;3,592.75;1,449.75
Jun 14, 2024 9:00 AM;Jun 14, 2024 10:00 AM;4,155.00;2,593.25;2,433.25;8,660.75;13,530.25;96.00;-;8,696.00;1,430.75;3,605.75;2,377.50;1,445.75
Jun 14, 2024 10:00 AM;Jun 14, 2024 11:00 AM;3,981.50;2,423.25;2,566.50;9,247.50;17,332.75;96.75;-;8,027.75;1,108.50;3,288.50;1,197.75;1,420.75
Jun 14, 2024 11:00 AM;Jun 14, 2024 12:00 PM;3,863.25;2,297.00;2,466.75;11,802.50;20,210.75;96.75;-;6,261.50;1,043.25;3,100.75;118.50;1,390.75
Jun 14, 2024 12:00 PM;Jun 14, 2024 1:00 PM;3,742.50;2,255.00;2,518.25;14,058.25;22,764.00;97.25;-;5,116.00;1,070.75;2,851.00;133.25;1,391.50
Jun 14, 2024 1:00 PM;Jun 14, 2024 2:00 PM;3,702.75;2,368.00;2,623.25;14,812.75;23,131.25;99.50;-;5,025.75;1,076.75;2,794.00;236.75;1,380.75
Jun 14, 2024 2:00 PM;Jun 14, 2024 3:00 PM;3,737.00;2,576.50;2,797.50;14,561.25;22,003.50;100.25;-;5,626.00;1,062.50;2,826.25;363.00;1,377.50
Jun 14, 2024 3:00 PM;Jun 14, 2024 4:00 PM;3,779.75;2,430.00;2,978.75;13,800.00;19,816.75;97.25;-;6,202.00;1,040.00;2,789.00;302.00;1,342.00
Jun 14, 2024 4:00 PM;Jun 14, 2024 5:00 PM;3,895.00;2,506.75;3,244.00;12,609.75;16,982.50;93.25;-;6,876.75;922.50;2,763.00;225.25;1,350.25
Jun 14, 2024 5:00 PM;Jun 14, 2024 6:00 PM;4,083.75;2,542.75;3,243.00;11,419.75;13,483.75;91.00;-;7,999.75;1,099.00;2,899.00;924.25;1,372.50
Jun 14, 2024 6:00 PM;Jun 14, 2024 7:00 PM;4,341.00;2,780.25;3,128.00;10,243.00;9,293.00;92.50;-;8,314.25;1,446.25;3,881.25;3,088.50;1,360.50
Jun 14, 2024 7:00 PM;Jun 14, 2024 8:00 PM;4,517.75;2,904.25;2,966.00;9,242.25;4,749.50;94.00;-;7,749.25;1,590.50;4,575.25;4,806.00;1,364.75
Jun 14, 2024 8:00 PM;Jun 14, 2024 9:00 PM;4,573.75;2,904.75;2,713.00;8,496.50;1,497.50;95.00;-;8,239.25;1,594.75;4,750.75;5,426.75;1,492.25
Jun 14, 2024 9:00 PM;Jun 14, 2024 10:00 PM;4,503.25;2,794.50;2,719.75;9,653.50;108.50;95.00;-;8,342.75;1,583.00;4,632.25;4,894.50;1,459.00
Jun 14, 2024 10:00 PM;Jun 14, 2024 11:00 PM;4,324.50;2,772.50;2,602.50;11,608.25;10.50;95.50;-;8,051.25;1,514.75;4,263.75;3,919.50;1,469.50
Jun 14, 2024 11:00 PM;Jun 15, 2024 12:00 AM;4,135.00;2,536.75;2,348.75;14,202.25;5.75;95.00;-;6,825.50;1,167.50;3,696.25;2,063.00;1,505.25
Jun 15, 2024 12:00 AM;Jun 15, 2024 1:00 AM;4,015.50;2,269.50;2,489.00;16,013.75;3.00;95.75;-;5,457.00;763.25;3,093.75;590.00;1,530.75
Jun 15, 2024 1:00 AM;Jun 15, 2024 2:00 AM;3,968.00;2,144.50;2,679.00;16,340.75;3.75;96.00;-;3,646.50;709.00;2,910.25;521.75;1,535.75
Jun 15, 2024 2:00 AM;Jun 15, 2024 3:00 AM;3,949.50;2,248.25;2,537.75;16,922.00;3.00;95.50;-;3,314.25;718.75;2,796.50;442.25;1,518.75
Jun 15, 2024 3:00 AM;Jun 15, 2024 4:00 AM;3,903.75;2,292.25;2,395.25;18,303.25;3.75;93.50;-;3,027.25;704.25;2,787.75;102.50;1,525.50
Jun 15, 2024 4:00 AM;Jun 15, 2024 5:00 AM;3,932.25;2,268.25;2,935.75;18,833.25;13.25;97.00;-;3,061.25;703.75;2,776.25;282.75;1,532.50
Jun 15, 2024 5:00 AM;Jun 15, 2024 6:00 AM;3,959.25;2,255.25;3,017.00;20,428.50;433.25;103.00;-;3,076.00;708.75;2,766.50;197.50;1,462.75
Jun 15, 2024 6:00 AM;Jun 15, 2024 7:00 AM;4,022.00;2,100.25;3,540.75;22,614.00;1,984.75;102.00;-;3,069.25;709.25;2,765.25;77.00;1,470.00
Jun 15, 2024 7:00 AM;Jun 15, 2024 8:00 AM;4,045.75;2,074.75;4,335.75;23,611.75;4,426.00;100.50;-;3,016.75;704.50;2,391.50;252.75;1,433.75
Jun 15, 2024 8:00 AM;Jun 15, 2024 9:00 AM;3,984.00;2,139.00;4,088.00;24,624.25;7,915.25;98.75;-;3,002.50;700.25;2,201.00;249.75;1,446.00
Jun 15, 2024 9:00 AM;Jun 15, 2024 10:00 AM;3,916.25;2,067.25;2,597.50;24,932.50;13,024.25;96.50;-;2,989.25;702.00;2,221.50;1,170.25;1,471.75
Jun 15, 2024 10:00 AM;Jun 15, 2024 11:00 AM;3,842.00;2,010.75;1,763.50;22,923.25;18,981.75;97.75;-;2,991.50;696.50;2,188.00;241.00;1,418.75
Jun 15, 2024 11:00 AM;Jun 15, 2024 12:00 PM;3,796.50;2,019.00;1,731.25;21,098.00;24,714.00;98.50;-;2,995.25;700.00;2,185.00;19.25;1,416.00
Jun 15, 2024 12:00 PM;Jun 15, 2024 1:00 PM;3,712.50;1,944.75;1,854.50;17,943.25;29,025.00;97.25;-;3,004.00;700.25;2,079.00;77.75;1,359.75
Jun 15, 2024 1:00 PM;Jun 15, 2024 2:00 PM;3,686.50;1,906.75;1,850.75;13,487.00;31,257.75;95.25;-;3,006.00;692.00;2,019.00;75.25;1,313.25
Jun 15, 2024 2:00 PM;Jun 15, 2024 3:00 PM;3,695.75;1,824.25;1,761.25;12,282.25;31,521.25;95.25;-;2,999.00;679.75;2,017.50;110.00;1,317.75
Jun 15, 2024 3:00 PM;Jun 15, 2024 4:00 PM;3,714.00;1,767.75;2,071.75;14,606.00;30,011.25;94.75;-;3,018.75;668.25;1,995.75;125.25;1,279.75
Jun 15, 2024 4:00 PM;Jun 15, 2024 5:00 PM;3,786.00;1,942.25;2,090.75;17,673.75;26,526.50;96.50;-;3,018.25;659.25;2,002.75;164.25;1,265.25
Jun 15, 2024 5:00 PM;Jun 15, 2024 6:00 PM;3,911.50;2,117.25;2,388.00;19,671.75;20,758.00;97.75;-;3,090.75;660.75;2,124.00;490.25;1,308.75
Jun 15, 2024 6:00 PM;Jun 15, 2024 7:00 PM;4,099.75;2,199.00;3,483.00;19,271.75;13,414.75;98.75;-;3,184.25;758.00;2,336.50;639.50;1,310.25
Jun 15, 2024 7:00 PM;Jun 15, 2024 8:00 PM;4,311.75;2,315.75;5,623.25;15,801.50;6,371.50;100.00;-;3,311.25;991.75;2,606.75;2,048.75;1,328.75
Jun 15, 2024 8:00 PM;Jun 15, 2024 9:00 PM;4,459.00;2,410.50;5,929.00;12,005.25;2,000.25;100.00;-;3,660.25;1,115.50;3,162.25;5,012.00;1,345.00
Jun 15, 2024 9:00 PM;Jun 15, 2024 10:00 PM;4,438.75;2,380.25;6,061.75;10,317.00;152.25;100.25;-;3,857.50;1,311.50;3,437.50;5,550.75;1,343.75
Jun 15, 2024 10:00 PM;Jun 15, 2024 11:00 PM;4,343.50;2,348.75;6,296.25;10,710.00;5.75;101.00;-;4,078.00;1,387.50;3,355.75;4,838.75;1,370.00
Jun 15, 2024 11:00 PM;Jun 16, 2024 12:00 AM;4,204.25;2,294.75;6,098.25;11,957.00;3.25;100.50;-;3,485.25;1,098.25;3,358.25;3,078.75;1,394.50
Jun 16, 2024 12:00 AM;Jun 16, 2024 1:00 AM;4,078.75;2,240.25;5,843.50;12,758.00;4.25;101.00;-;3,304.75;970.00;3,006.00;2,314.25;1,471.50
Jun 16, 2024 1:00 AM;Jun 16, 2024 2:00 AM;3,997.00;2,209.00;5,800.25;12,997.75;3.50;101.00;-;3,033.00;970.75;2,725.00;1,245.75;1,445.25
Jun 16, 2024 2:00 AM;Jun 16, 2024 3:00 AM;3,930.75;2,199.00;5,849.75;13,140.75;3.25;101.00;-;3,007.50;651.75;2,481.00;871.50;1,482.25
Jun 16, 2024 3:00 AM;Jun 16, 2024 4:00 AM;3,896.25;2,167.75;5,664.00;13,272.75;3.00;101.50;-;3,016.75;667.75;2,534.00;431.50;1,525.25
Jun 16, 2024 4:00 AM;Jun 16, 2024 5:00 AM;3,897.75;2,156.00;5,167.75;13,433.75;12.25;101.50;-;3,060.50;674.75;2,586.75;118.50;1,570.75
Jun 16, 2024 5:00 AM;Jun 16, 2024 6:00 AM;3,930.25;2,150.25;5,160.75;13,286.50;501.25;101.75;-;3,083.50;679.50;2,581.00;156.25;1,485.25
Jun 16, 2024 6:00 AM;Jun 16, 2024 7:00 AM;3,995.25;2,180.50;5,194.25;12,298.25;3,225.25;101.00;-;3,054.00;680.25;2,516.75;79.25;1,466.25
Jun 16, 2024 7:00 AM;Jun 16, 2024 8:00 AM;4,037.00;2,153.00;5,360.50;10,442.50;9,293.50;100.25;-;3,008.50;683.50;2,222.75;125.75;1,453.00
Jun 16, 2024 8:00 AM;Jun 16, 2024 9:00 AM;4,020.75;2,141.00;4,137.00;8,692.75;17,110.75;100.00;-;3,008.75;680.75;2,152.25;448.50;1,469.50
Jun 16, 2024 9:00 AM;Jun 16, 2024 10:00 AM;3,942.50;2,098.75;3,576.75;8,573.50;24,425.50;101.00;-;2,997.25;671.50;2,194.00;234.00;1,514.00
Jun 16, 2024 10:00 AM;Jun 16, 2024 11:00 AM;3,867.00;2,059.50;2,205.25;9,437.75;30,399.25;100.25;-;2,994.50;669.50;2,210.75;203.00;1,504.00
Jun 16, 2024 11:00 AM;Jun 16, 2024 12:00 PM;3,811.25;2,022.25;1,876.75;11,056.25;33,166.25;97.75;-;2,923.50;669.00;2,227.50;103.50;1,541.75
Jun 16, 2024 12:00 PM;Jun 16, 2024 1:00 PM;3,740.00;1,970.00;1,825.25;12,245.50;33,384.00;95.50;-;2,994.25;661.50;2,232.00;66.00;1,531.50
Jun 16, 2024 1:00 PM;Jun 16, 2024 2:00 PM;3,715.25;1,887.25;1,269.50;12,185.00;32,848.00;92.50;-;3,028.75;643.50;2,223.25;59.75;1,500.50
Jun 16, 2024 2:00 PM;Jun 16, 2024 3:00 PM;3,680.00;1,982.75;914.25;11,362.75;31,494.25;92.00;-;3,024.50;644.00;2,183.00;143.50;1,477.00
Jun 16, 2024 3:00 PM;Jun 16, 2024 4:00 PM;3,696.50;2,022.00;763.25;11,524.25;28,058.25;89.00;-;3,026.75;639.50;2,220.25;80.25;1,510.00
Jun 16, 2024 4:00 PM;Jun 16, 2024 5:00 PM;3,789.75;2,108.00;804.00;11,806.25;23,477.75;86.00;-;3,057.75;740.50;2,253.25;140.50;1,535.50
Jun 16, 2024 5:00 PM;Jun 16, 2024 6:00 PM;3,923.50;2,219.50;781.50;12,784.00;17,754.50;86.75;-;3,077.50;958.50;2,291.25;442.75;1,603.75
Jun 16, 2024 6:00 PM;Jun 16, 2024 7:00 PM;4,111.25;2,463.00;2,280.75;11,304.50;11,415.00;90.25;-;4,124.00;1,073.50;2,527.75;588.75;1,581.75
Jun 16, 2024 7:00 PM;Jun 16, 2024 8:00 PM;4,355.00;2,642.00;2,403.75;8,757.25;5,350.50;92.25;-;6,447.50;1,278.50;3,103.25;2,014.50;1,596.00
Jun 16, 2024 8:00 PM;Jun 16, 2024 9:00 PM;4,480.50;2,771.75;2,588.75;6,959.75;1,677.75;93.75;-;7,248.25;1,431.25;3,646.75;4,090.25;1,594.25
Jun 16, 2024 9:00 PM;Jun 16, 2024 10:00 PM;4,482.25;2,920.75;2,230.25;5,893.25;159.50;94.75;-;7,707.75;1,434.00;3,763.75;4,985.25;1,586.75
Jun 16, 2024 10:00 PM;Jun 16, 2024 11:00 PM;4,424.50;3,026.75;2,360.75;5,326.00;17.00;95.75;-;7,977.50;1,451.50;3,880.25;5,529.25;1,577.50
Jun 16, 2024 11:00 PM;Jun 17, 2024 12:00 AM;4,249.25;2,611.00;2,021.75;6,148.75;6.25;96.00;-;8,236.00;1,414.25;3,886.25;3,508.00;1,581.50
Jun 17, 2024 12:00 AM;Jun 17, 2024 1:00 AM;3,995.50;2,568.25;1,676.25;6,720.00;3.25;96.00;-;8,230.00;1,447.00;3,489.75;1,451.75;1,733.25
Jun 17, 2024 1:00 AM;Jun 17, 2024 2:00 AM;3,872.00;2,421.25;1,503.75;6,801.75;3.00;96.00;-;8,348.50;1,457.25;3,759.50;775.75;1,643.75
Jun 17, 2024 2:00 AM;Jun 17, 2024 3:00 AM;3,837.00;2,347.25;1,507.50;6,291.50;3.00;96.00;-;8,576.50;1,432.50;4,005.25;528.75;1,625.00
Jun 17, 2024 3:00 AM;Jun 17, 2024 4:00 AM;3,844.00;2,478.50;1,696.75;5,737.75;3.25;96.50;-;8,987.00;1,434.75;4,181.00;516.00;1,628.50
Jun 17, 2024 4:00 AM;Jun 17, 2024 5:00 AM;3,892.25;2,622.00;1,762.00;5,449.25;12.00;97.00;-;9,210.50;1,451.50;4,447.00;597.25;1,613.25
Jun 17, 2024 5:00 AM;Jun 17, 2024 6:00 AM;4,006.50;2,565.00;1,965.00;5,450.50;523.75;97.75;-;9,545.75;1,550.00;5,581.00;896.75;1,563.00
Jun 17, 2024 6:00 AM;Jun 17, 2024 7:00 AM;4,252.00;2,858.50;1,739.75;5,404.50;2,878.75;95.75;-;9,634.25;1,690.00;5,934.75;3,441.75;1,442.25
Jun 17, 2024 7:00 AM;Jun 17, 2024 8:00 AM;4,375.50;2,717.50;1,802.25;4,617.25;7,176.00;87.25;-;9,669.50;1,774.25;6,224.75;4,141.25;1,467.75
Jun 17, 2024 8:00 AM;Jun 17, 2024 9:00 AM;4,314.50;2,494.50;1,972.25;3,671.00;13,390.25;83.25;-;10,002.50;1,870.00;5,786.75;2,919.25;1,517.00
Jun 17, 2024 9:00 AM;Jun 17, 2024 10:00 AM;4,081.50;2,414.25;1,880.25;4,002.25;20,301.50;80.00;-;9,272.75;1,620.25;5,136.00;795.50;1,543.00
Jun 17, 2024 10:00 AM;Jun 17, 2024 11:00 AM;3,872.75;2,353.00;2,004.50;5,237.25;26,267.75;77.25;-;6,780.50;1,346.00;3,548.25;151.25;1,549.25
Jun 17, 2024 11:00 AM;Jun 17, 2024 12:00 PM;3,781.75;2,337.25;2,042.00;6,388.25;30,051.00;76.75;-;5,589.00;1,209.75;3,026.25;118.25;1,525.75
Jun 17, 2024 12:00 PM;Jun 17, 2024 1:00 PM;3,738.75;2,264.75;2,168.25;7,198.50;31,371.25;77.75;-;5,473.25;1,078.50;2,795.25;56.50;1,493.00
Jun 17, 2024 1:00 PM;Jun 17, 2024 2:00 PM;3,723.75;2,236.75;1,974.50;7,934.25;31,654.00;80.00;-;5,476.75;1,038.75;2,723.00;88.50;1,466.25
Jun 17, 2024 2:00 PM;Jun 17, 2024 3:00 PM;3,740.00;2,242.00;1,745.25;8,538.25;30,408.50;83.50;-;5,491.00;1,066.25;2,647.50;56.00;1,450.25
Jun 17, 2024 3:00 PM;Jun 17, 2024 4:00 PM;3,764.75;2,303.00;1,678.50;8,037.00;27,812.25;83.00;-;5,873.50;1,155.25;2,617.25;113.25;1,386.00
Jun 17, 2024 4:00 PM;Jun 17, 2024 5:00 PM;3,858.50;2,336.00;1,515.25;7,682.25;23,332.50;85.25;-;7,586.50;1,641.75;3,036.25;98.50;1,398.00
Jun 17, 2024 5:00 PM;Jun 17, 2024 6:00 PM;4,024.25;2,438.25;1,683.50;6,525.25;17,619.25;85.75;-;9,870.00;2,461.00;3,633.75;614.75;1,417.00
Jun 17, 2024 6:00 PM;Jun 17, 2024 7:00 PM;4,247.25;2,513.75;1,837.75;4,859.50;11,326.25;89.50;-;11,178.25;3,170.25;6,642.25;1,870.00;1,446.75
Jun 17, 2024 7:00 PM;Jun 17, 2024 8:00 PM;4,459.25;2,645.75;1,535.50;3,350.50;5,851.00;90.00;-;11,461.50;3,657.25;8,582.00;3,046.25;1,465.75
Jun 17, 2024 8:00 PM;Jun 17, 2024 9:00 PM;4,503.25;2,828.00;1,366.75;2,491.75;1,968.50;90.00;-;11,575.00;3,813.75;8,898.25;3,875.50;1,531.50
Jun 17, 2024 9:00 PM;Jun 17, 2024 10:00 PM;4,469.50;2,804.25;1,228.25;1,899.75;193.00;91.75;-;11,764.75;3,843.25;8,948.75;4,173.75;1,575.50
Jun 17, 2024 10:00 PM;Jun 17, 2024 11:00 PM;4,313.25;2,854.50;1,049.75;1,577.00;15.75;91.75;-;11,617.00;3,606.25;8,752.75;3,691.00;1,541.25
Jun 17, 2024 11:00 PM;Jun 18, 2024 12:00 AM;4,137.25;2,651.75;834.00;1,512.50;5.50;93.00;-;11,544.00;3,267.50;8,535.75;2,350.00;1,550.25
Jun 18, 2024 12:00 AM;Jun 18, 2024 1:00 AM;3,970.75;2,535.50;759.50;1,650.25;3.75;94.25;-;11,547.00;2,974.75;8,341.75;1,327.50;1,636.75
Jun 18, 2024 1:00 AM;Jun 18, 2024 2:00 AM;3,914.75;2,404.25;683.75;1,675.25;4.25;94.00;-;11,549.00;2,975.75;8,090.25;795.25;1,576.75
Jun 18, 2024 2:00 AM;Jun 18, 2024 3:00 AM;3,855.00;2,509.50;659.00;1,624.75;3.00;94.00;-;11,556.25;2,806.75;7,937.25;492.75;1,599.75
Jun 18, 2024 3:00 AM;Jun 18, 2024 4:00 AM;3,867.25;2,675.50;535.75;1,713.00;3.75;94.00;-;11,580.75;2,774.75;8,056.00;396.25;1,598.00
Jun 18, 2024 4:00 AM;Jun 18, 2024 5:00 AM;3,889.50;2,426.00;401.00;1,922.25;17.25;95.50;-;11,535.50;2,613.75;7,991.50;336.50;1,582.25
Jun 18, 2024 5:00 AM;Jun 18, 2024 6:00 AM;4,019.00;2,347.75;298.25;2,151.75;665.50;96.75;-;11,575.50;2,706.75;8,182.25;603.75;1,593.75
Jun 18, 2024 6:00 AM;Jun 18, 2024 7:00 AM;4,278.50;2,824.25;191.75;2,104.00;3,843.75;93.50;-;11,563.50;2,850.75;8,707.50;2,130.00;1,566.00
Jun 18, 2024 7:00 AM;Jun 18, 2024 8:00 AM;4,383.75;2,566.25;179.25;1,581.75;10,440.25;92.75;-;11,582.75;2,748.00;8,770.25;2,585.25;1,545.75
Jun 18, 2024 8:00 AM;Jun 18, 2024 9:00 AM;4,278.75;2,471.25;153.75;1,029.50;19,743.00;90.25;-;11,406.25;2,359.25;7,560.25;1,350.00;1,537.75
Jun 18, 2024 9:00 AM;Jun 18, 2024 10:00 AM;4,056.75;2,240.25;117.25;823.75;28,690.50;87.50;-;9,813.75;1,752.00;4,935.25;672.25;1,562.75
Jun 18, 2024 10:00 AM;Jun 18, 2024 11:00 AM;3,922.25;2,258.50;55.00;804.75;34,511.25;86.50;-;8,445.00;1,387.75;3,833.50;364.75;1,560.00
Jun 18, 2024 11:00 AM;Jun 18, 2024 12:00 PM;3,820.25;2,434.75;21.25;898.50;36,341.00;83.75;-;8,163.75;1,321.50;3,653.50;691.75;1,564.50
Jun 18, 2024 12:00 PM;Jun 18, 2024 1:00 PM;3,791.50;2,456.00;29.75;1,085.50;35,936.25;83.25;-;9,378.50;1,650.00;3,839.00;468.00;1,587.00
Jun 18, 2024 1:00 PM;Jun 18, 2024 2:00 PM;3,743.50;2,553.75;28.00;1,273.25;33,818.00;82.50;-;9,364.00;1,834.75;3,903.00;445.00;1,596.50
Jun 18, 2024 2:00 PM;Jun 18, 2024 3:00 PM;3,687.75;2,605.50;30.75;1,917.25;30,739.00;82.00;-;9,424.75;2,153.25;4,398.25;201.75;1,587.50
Jun 18, 2024 3:00 PM;Jun 18, 2024 4:00 PM;3,705.00;2,521.75;83.75;2,748.75;27,243.00;79.75;-;10,139.25;2,216.50;4,336.00;223.25;1,582.50
Jun 18, 2024 4:00 PM;Jun 18, 2024 5:00 PM;3,811.25;2,672.25;222.50;3,334.00;22,087.00;80.75;-;10,736.25;2,083.75;5,165.00;389.00;1,478.25
Jun 18, 2024 5:00 PM;Jun 18, 2024 6:00 PM;4,015.50;2,850.00;366.25;3,835.50;15,279.25;84.25;-;11,301.50;2,432.50;7,008.00;2,061.00;1,468.50
Jun 18, 2024 6:00 PM;Jun 18, 2024 7:00 PM;4,244.25;2,738.75;430.00;5,038.50;8,964.75;84.50;-;11,578.00;2,886.00;8,596.25;3,084.25;1,480.50
Jun 18, 2024 7:00 PM;Jun 18, 2024 8:00 PM;4,385.00;2,870.50;468.00;5,580.75;3,960.00;85.00;-;11,569.50;3,160.50;9,256.25;4,202.00;1,477.25
Jun 18, 2024 8:00 PM;Jun 18, 2024 9:00 PM;4,424.25;2,864.50;615.50;5,935.00;1,099.75;86.00;-;11,562.50;3,346.50;9,266.75;4,770.75;1,511.00
Jun 18, 2024 9:00 PM;Jun 18, 2024 10:00 PM;4,373.25;2,713.25;735.75;6,002.50;69.50;87.50;-;11,586.50;3,686.75;9,047.50;2,672.75;1,513.25
Jun 18, 2024 10:00 PM;Jun 18, 2024 11:00 PM;4,231.25;2,695.75;728.25;5,609.75;12.50;90.00;-;11,613.00;3,817.50;8,736.00;1,795.25;1,528.25
Jun 18, 2024 11:00 PM;Jun 19, 2024 12:00 AM;4,039.75;2,583.00;701.25;5,173.00;6.50;91.00;-;11,579.75;3,481.25;8,004.25;659.75;1,551.50
Jun 19, 2024 12:00 AM;Jun 19, 2024 1:00 AM;3,875.75;2,661.00;694.25;5,340.00;3.00;90.00;-;11,631.25;2,987.75;7,425.50;573.00;1,578.00
Jun 19, 2024 1:00 AM;Jun 19, 2024 2:00 AM;3,804.00;2,650.50;585.75;5,394.25;3.25;90.75;-;11,674.25;2,604.75;6,244.00;399.75;1,580.00
Jun 19, 2024 2:00 AM;Jun 19, 2024 3:00 AM;3,761.25;2,641.50;518.75;5,727.50;3.00;92.00;-;11,618.75;2,396.50;5,579.75;260.50;1,593.50
Jun 19, 2024 3:00 AM;Jun 19, 2024 4:00 AM;3,766.75;2,605.00;634.00;6,026.00;3.00;92.00;-;11,452.75;1,992.75;5,306.50;136.00;1,594.50
Jun 19, 2024 4:00 AM;Jun 19, 2024 5:00 AM;3,830.00;2,782.25;681.75;5,461.00;8.50;92.25;-;11,066.00;2,099.00;5,594.75;591.75;1,613.75
Jun 19, 2024 5:00 AM;Jun 19, 2024 6:00 AM;3,951.00;2,700.25;935.25;5,030.25;347.50;93.75;-;11,090.25;2,635.25;6,092.75;657.25;1,591.75
Jun 19, 2024 6:00 AM;Jun 19, 2024 7:00 AM;4,225.50;2,820.75;1,238.50;4,527.00;2,330.50;92.25;-;11,053.00;2,984.25;6,373.25;2,465.75;1,594.75
Jun 19, 2024 7:00 AM;Jun 19, 2024 8:00 AM;4,298.75;2,908.75;1,334.25;4,098.50;5,943.75;88.00;-;11,039.75;3,050.50;6,659.50;4,015.75;1,591.00
Jun 19, 2024 8:00 AM;Jun 19, 2024 9:00 AM;4,218.00;2,785.25;1,654.00;3,991.75;10,919.75;86.50;-;11,049.75;3,029.25;6,557.00;2,749.00;1,591.00
Jun 19, 2024 9:00 AM;Jun 19, 2024 10:00 AM;3,980.75;2,804.00;1,606.75;3,954.50;16,293.50;83.75;-;11,050.50;2,484.25;4,895.25;1,481.25;1,605.50
Jun 19, 2024 10:00 AM;Jun 19, 2024 11:00 AM;3,859.25;2,744.00;1,500.00;4,162.75;20,897.25;83.75;-;10,665.50;2,007.75;4,389.00;815.75;1,636.25
Jun 19, 2024 11:00 AM;Jun 19, 2024 12:00 PM;3,809.50;2,653.25;1,599.25;4,030.00;24,204.25;82.00;-;9,825.50;1,884.00;3,635.50;396.25;1,626.00
Jun 19, 2024 12:00 PM;Jun 19, 2024 1:00 PM;3,741.00;2,598.75;1,453.50;4,385.75;26,378.00;80.50;-;8,715.50;2,009.50;3,155.00;246.25;1,635.75
Jun 19, 2024 1:00 PM;Jun 19, 2024 2:00 PM;3,703.25;2,411.00;1,347.50;4,849.00;27,598.75;81.50;-;8,301.00;1,702.50;3,169.25;94.00;1,698.50
Jun 19, 2024 2:00 PM;Jun 19, 2024 3:00 PM;3,711.00;2,447.25;1,640.25;5,805.50;27,023.75;85.75;-;7,141.50;1,456.75;3,109.75;143.50;1,731.50
Jun 19, 2024 3:00 PM;Jun 19, 2024 4:00 PM;3,728.25;2,423.75;1,736.50;6,575.75;24,886.00;83.75;-;7,752.50;1,430.00;3,261.00;152.75;1,692.00
Jun 19, 2024 4:00 PM;Jun 19, 2024 5:00 PM;3,817.50;2,478.50;1,783.50;6,920.00;22,251.75;83.25;-;9,752.75;1,655.25;3,683.25;171.25;1,757.50
Jun 19, 2024 5:00 PM;Jun 19, 2024 6:00 PM;3,949.25;2,411.25;2,318.00;7,103.75;18,356.50;84.25;-;10,973.00;2,051.00;4,094.25;577.25;1,726.75
Jun 19, 2024 6:00 PM;Jun 19, 2024 7:00 PM;4,180.25;2,611.50;2,598.25;7,044.00;12,520.75;85.00;-;11,111.25;2,490.00;5,164.25;1,550.00;1,717.25
Jun 19, 2024 7:00 PM;Jun 19, 2024 8:00 PM;4,393.75;2,707.75;2,575.25;6,530.75;6,453.00;87.25;-;11,109.50;3,032.25;6,968.00;2,994.50;1,682.50
Jun 19, 2024 8:00 PM;Jun 19, 2024 9:00 PM;4,486.00;2,765.75;2,597.50;5,761.25;2,093.50;87.75;-;11,209.25;3,147.00;7,420.75;3,948.25;1,621.75
Jun 19, 2024 9:00 PM;Jun 19, 2024 10:00 PM;4,421.00;2,787.25;2,021.25;5,216.00;207.00;88.75;-;11,306.50;3,103.75;7,419.00;4,590.25;1,596.75
Jun 19, 2024 10:00 PM;Jun 19, 2024 11:00 PM;4,307.50;2,690.50;1,718.25;5,403.75;5.50;90.50;-;11,314.50;3,009.75;7,301.75;2,646.75;1,591.50
Jun 19, 2024 11:00 PM;Jun 20, 2024 12:00 AM;4,107.00;2,591.50;1,500.00;6,166.25;3.00;91.25;-;11,288.75;2,458.00;6,643.75;1,114.75;1,567.25
Jun 20, 2024 12:00 AM;Jun 20, 2024 1:00 AM;3,925.75;2,603.50;1,452.25;6,345.75;3.25;92.00;-;11,302.75;1,706.25;5,106.25;450.00;1,538.00
Jun 20, 2024 1:00 AM;Jun 20, 2024 2:00 AM;3,841.75;2,276.00;1,377.75;6,348.75;4.25;92.75;-;11,335.00;1,629.75;4,034.75;525.50;1,517.75
Jun 20, 2024 2:00 AM;Jun 20, 2024 3:00 AM;3,787.50;2,195.25;1,242.50;5,967.00;4.25;92.00;-;11,399.25;1,430.00;3,713.75;203.50;1,496.75
Jun 20, 2024 3:00 AM;Jun 20, 2024 4:00 AM;3,789.75;2,253.75;1,163.00;5,209.50;6.00;92.75;-;11,382.75;1,490.25;3,865.00;291.25;1,511.75
Jun 20, 2024 4:00 AM;Jun 20, 2024 5:00 AM;3,835.50;2,247.00;1,281.25;4,819.75;15.00;94.25;-;11,388.75;1,607.25;4,009.00;137.50;1,510.25
Jun 20, 2024 5:00 AM;Jun 20, 2024 6:00 AM;3,937.75;2,538.25;1,043.50;4,694.00;523.00;94.00;-;11,429.75;2,111.75;4,742.00;739.50;1,505.00
Jun 20, 2024 6:00 AM;Jun 20, 2024 7:00 AM;4,232.50;2,686.00;706.25;5,072.25;3,117.25;92.25;-;11,444.75;2,681.25;4,986.00;3,200.50;1,478.50
Jun 20, 2024 7:00 AM;Jun 20, 2024 8:00 AM;4,355.75;2,684.25;647.50;4,701.75;8,720.50;91.75;-;11,397.50;2,944.50;5,204.75;3,223.00;1,479.75
Jun 20, 2024 8:00 AM;Jun 20, 2024 9:00 AM;4,271.50;2,517.00;434.75;3,172.00;16,424.50;89.75;-;11,349.50;3,056.00;4,937.00;1,064.25;1,487.25
Jun 20, 2024 9:00 AM;Jun 20, 2024 10:00 AM;4,069.00;2,520.50;249.25;2,196.50;24,075.25;93.00;-;10,736.75;2,880.75;4,437.50;1,318.75;1,683.25
Jun 20, 2024 10:00 AM;Jun 20, 2024 11:00 AM;3,853.75;2,210.25;199.00;1,627.75;30,904.25;92.25;-;9,704.75;2,458.25;3,561.00;384.50;1,682.50
Jun 20, 2024 11:00 AM;Jun 20, 2024 12:00 PM;3,765.00;2,108.50;202.25;1,761.00;35,501.25;94.50;-;7,788.25;1,984.75;3,188.25;147.75;1,666.25
Jun 20, 2024 12:00 PM;Jun 20, 2024 1:00 PM;3,702.25;2,150.00;148.25;1,854.50;36,105.50;93.25;-;7,328.50;1,944.75;3,090.00;168.25;1,600.75
Jun 20, 2024 1:00 PM;Jun 20, 2024 2:00 PM;3,689.25;2,348.25;162.75;1,868.25;32,746.25;93.50;-;8,135.50;1,958.75;3,097.00;622.00;1,604.00
Jun 20, 2024 2:00 PM;Jun 20, 2024 3:00 PM;3,711.00;2,436.75;211.00;1,861.00;28,583.25;93.00;-;9,472.50;1,993.75;3,483.25;445.75;1,599.00
Jun 20, 2024 3:00 PM;Jun 20, 2024 4:00 PM;3,729.25;2,243.25;193.00;2,018.25;24,569.75;93.25;-;10,376.50;2,187.75;3,715.25;224.75;1,602.00
Jun 20, 2024 4:00 PM;Jun 20, 2024 5:00 PM;3,853.00;2,616.25;362.25;2,219.25;20,371.25;96.00;-;11,008.50;2,371.75;4,804.00;393.25;1,567.75
Jun 20, 2024 5:00 PM;Jun 20, 2024 6:00 PM;4,029.25;2,597.75;195.75;2,184.75;15,224.25;97.00;-;11,247.00;2,680.50;6,899.50;1,748.50;1,575.75
Jun 20, 2024 6:00 PM;Jun 20, 2024 7:00 PM;4,318.50;2,767.25;175.75;2,189.50;10,197.75;97.50;-;11,276.25;2,779.75;9,241.00;4,400.00;1,611.25
Jun 20, 2024 7:00 PM;Jun 20, 2024 8:00 PM;4,478.00;2,864.00;134.75;2,377.00;5,136.25;98.50;-;11,283.25;2,991.75;10,034.25;4,713.75;1,741.00
Jun 20, 2024 8:00 PM;Jun 20, 2024 9:00 PM;4,515.25;3,043.25;75.00;2,817.25;1,599.75;98.75;-;11,262.00;3,023.25;10,281.00;5,558.75;1,809.00
Jun 20, 2024 9:00 PM;Jun 20, 2024 10:00 PM;4,460.00;2,960.75;21.50;3,288.25;140.25;98.75;-;11,280.25;3,132.25;10,232.25;4,632.25;1,879.00
Jun 20, 2024 10:00 PM;Jun 20, 2024 11:00 PM;4,304.00;2,948.25;47.25;3,882.25;11.50;99.00;-;11,273.25;3,273.75;10,108.75;3,408.25;1,819.75
Jun 20, 2024 11:00 PM;Jun 21, 2024 12:00 AM;4,112.25;2,680.75;52.50;4,348.50;3.00;99.25;-;11,285.25;3,346.00;9,256.75;1,267.75;1,605.00
Jun 21, 2024 12:00 AM;Jun 21, 2024 1:00 AM;3,945.75;2,708.00;38.50;3,973.50;3.25;98.50;-;11,292.25;3,322.25;9,007.25;771.50;1,627.75
Jun 21, 2024 1:00 AM;Jun 21, 2024 2:00 AM;3,860.50;2,568.75;50.50;4,093.25;3.25;99.00;-;11,042.00;3,540.75;8,922.50;582.25;1,631.25
Jun 21, 2024 2:00 AM;Jun 21, 2024 3:00 AM;3,795.25;2,680.50;49.25;4,030.00;3.00;98.75;-;10,962.25;3,297.25;8,699.75;259.50;1,617.25
Jun 21, 2024 3:00 AM;Jun 21, 2024 4:00 AM;3,787.25;2,595.75;96.75;3,548.25;3.25;100.00;-;11,029.75;3,340.25;8,700.75;299.25;1,623.25
Jun 21, 2024 4:00 AM;Jun 21, 2024 5:00 AM;3,831.50;2,614.00;157.00;3,527.00;10.50;100.00;-;11,331.00;3,431.75;8,670.75;184.75;1,578.50
Jun 21, 2024 5:00 AM;Jun 21, 2024 6:00 AM;3,917.75;2,620.00;323.25;3,763.25;529.25;100.00;-;11,458.25;3,434.00;8,689.75;245.75;1,540.50
Jun 21, 2024 6:00 AM;Jun 21, 2024 7:00 AM;4,172.00;2,677.75;453.75;4,244.25;3,014.25;99.25;-;11,407.50;3,290.25;8,741.50;957.75;1,553.50
Jun 21, 2024 7:00 AM;Jun 21, 2024 8:00 AM;4,335.25;2,725.25;460.25;4,324.25;6,714.00;98.00;-;11,483.25;3,324.00;9,153.75;2,817.25;1,668.75
Jun 21, 2024 8:00 AM;Jun 21, 2024 9:00 AM;4,304.25;2,837.25;354.25;3,349.00;10,343.00;96.75;-;11,296.75;3,297.75;9,163.75;3,119.50;1,643.75
Jun 21, 2024 9:00 AM;Jun 21, 2024 10:00 AM;4,123.00;2,769.00;349.25;2,799.50;13,742.75;97.00;-;11,047.50;3,347.75;8,798.25;2,649.00;1,565.50
Jun 21, 2024 10:00 AM;Jun 21, 2024 11:00 AM;3,981.25;2,706.50;469.00;2,799.50;17,654.75;94.75;-;10,431.75;3,636.00;7,616.25;1,442.50;1,525.50
Jun 21, 2024 11:00 AM;Jun 21, 2024 12:00 PM;3,854.00;2,524.00;659.00;3,423.25;20,830.25;93.50;-;10,130.50;3,639.50;7,092.50;883.50;1,534.00
Jun 21, 2024 12:00 PM;Jun 21, 2024 1:00 PM;3,727.25;2,492.50;793.50;3,859.00;21,290.00;96.00;-;10,640.25;3,466.50;6,752.50;722.00;1,560.00
Jun 21, 2024 1:00 PM;Jun 21, 2024 2:00 PM;3,689.75;2,645.25;1,062.75;4,669.25;20,611.75;98.50;-;11,366.50;3,356.50;5,866.00;522.25;1,546.25
Jun 21, 2024 2:00 PM;Jun 21, 2024 3:00 PM;3,645.25;2,196.75;1,566.75;5,348.25;20,115.25;100.75;-;11,296.75;2,845.50;5,238.25;181.75;1,493.50
Jun 21, 2024 3:00 PM;Jun 21, 2024 4:00 PM;3,690.25;2,513.50;1,560.50;6,254.75;17,727.75;100.00;-;11,323.25;2,784.50;5,324.50;458.50;1,489.00
Jun 21, 2024 4:00 PM;Jun 21, 2024 5:00 PM;3,819.25;2,645.00;1,403.75;8,125.75;13,887.25;98.00;-;11,564.25;2,908.50;5,698.75;437.75;1,484.75
Jun 21, 2024 5:00 PM;Jun 21, 2024 6:00 PM;4,009.50;2,509.25;1,364.25;9,533.75;9,719.50;96.25;-;11,367.00;3,257.25;6,144.50;1,169.00;1,485.00
Jun 21, 2024 6:00 PM;Jun 21, 2024 7:00 PM;4,233.25;2,631.75;1,510.00;10,349.00;6,698.50;96.00;-;11,431.50;3,334.25;6,641.50;2,584.75;1,517.00
Jun 21, 2024 7:00 PM;Jun 21, 2024 8:00 PM;4,332.00;2,618.00;1,667.00;11,215.00;3,703.75;96.00;-;11,460.25;3,337.00;6,788.50;2,168.25;1,574.50
Jun 21, 2024 8:00 PM;Jun 21, 2024 9:00 PM;4,371.75;2,672.75;1,838.00;11,189.50;1,253.25;97.00;-;11,509.50;3,351.50;6,797.50;2,186.50;1,573.50
Jun 21, 2024 9:00 PM;Jun 21, 2024 10:00 PM;4,322.25;2,212.00;1,875.25;12,298.00;115.50;98.25;-;11,507.75;3,253.50;6,791.00;2,220.25;1,597.75
Jun 21, 2024 10:00 PM;Jun 21, 2024 11:00 PM;4,166.50;2,216.75;2,038.00;13,083.75;11.50;99.00;-;11,195.75;2,645.50;6,418.00;1,897.75;1,574.50
Jun 21, 2024 11:00 PM;Jun 22, 2024 12:00 AM;4,006.00;2,157.75;1,801.75;14,810.25;3.50;99.50;-;9,653.75;1,538.25;4,560.25;703.00;1,565.75
Jun 22, 2024 12:00 AM;Jun 22, 2024 1:00 AM;3,907.00;2,161.25;1,536.25;16,430.75;3.25;99.75;-;7,247.00;641.75;3,070.25;435.50;1,532.50
Jun 22, 2024 1:00 AM;Jun 22, 2024 2:00 AM;3,858.00;2,174.25;1,580.75;17,180.75;4.00;100.25;-;4,630.00;615.00;2,974.50;444.75;1,550.75
Jun 22, 2024 2:00 AM;Jun 22, 2024 3:00 AM;3,816.25;2,108.75;2,029.00;17,736.75;3.75;98.25;-;3,640.75;643.75;2,897.50;188.75;1,566.25
Jun 22, 2024 3:00 AM;Jun 22, 2024 4:00 AM;3,774.25;2,158.75;1,838.00;17,583.50;5.00;97.00;-;3,641.75;663.00;2,892.50;187.25;1,573.25
Jun 22, 2024 4:00 AM;Jun 22, 2024 5:00 AM;3,799.00;2,159.50;1,236.75;17,712.50;7.25;96.25;-;3,652.25;673.25;2,916.00;148.50;1,592.50
Jun 22, 2024 5:00 AM;Jun 22, 2024 6:00 AM;3,830.75;2,214.50;1,239.50;17,672.25;276.00;96.50;-;3,655.00;672.75;2,913.00;135.00;1,609.50
Jun 22, 2024 6:00 AM;Jun 22, 2024 7:00 AM;3,950.50;2,173.00;879.25;17,690.25;2,381.50;96.25;-;3,480.00;681.25;2,883.00;210.50;1,605.00
Jun 22, 2024 7:00 AM;Jun 22, 2024 8:00 AM;4,053.50;2,226.25;908.25;16,025.50;7,028.00;95.00;-;3,438.75;676.00;2,453.25;616.75;1,550.00
Jun 22, 2024 8:00 AM;Jun 22, 2024 9:00 AM;4,026.25;2,229.00;1,112.75;14,128.25;13,902.75;95.75;-;3,428.00;661.75;2,280.75;781.00;1,506.50
Jun 22, 2024 9:00 AM;Jun 22, 2024 10:00 AM;3,929.50;2,228.50;1,310.00;13,805.75;21,220.50;94.25;-;3,411.25;658.50;2,249.50;660.25;1,546.75
Jun 22, 2024 10:00 AM;Jun 22, 2024 11:00 AM;3,831.50;2,268.25;1,166.25;14,148.25;27,952.25;94.00;-;3,358.75;661.25;2,265.50;275.25;1,574.75
Jun 22, 2024 11:00 AM;Jun 22, 2024 12:00 PM;3,788.25;2,224.75;1,141.00;14,336.50;32,325.25;94.75;-;3,342.00;640.75;2,263.75;130.00;1,569.75
Jun 22, 2024 12:00 PM;Jun 22, 2024 1:00 PM;3,736.50;2,028.75;1,127.00;13,671.25;35,071.50;93.75;-;3,333.75;655.25;2,288.00;109.00;1,588.75
Jun 22, 2024 1:00 PM;Jun 22, 2024 2:00 PM;3,727.50;1,988.50;1,236.50;12,795.25;35,024.75;94.00;-;3,344.25;654.50;2,292.00;68.75;1,616.00
Jun 22, 2024 2:00 PM;Jun 22, 2024 3:00 PM;3,744.25;2,024.00;1,162.75;12,716.00;32,816.50;95.00;-;3,371.00;655.50;2,251.00;128.50;1,575.00
Jun 22, 2024 3:00 PM;Jun 22, 2024 4:00 PM;3,759.50;1,972.25;1,134.50;12,376.00;29,196.25;96.75;-;3,390.00;644.50;2,275.25;85.00;1,566.25
Jun 22, 2024 4:00 PM;Jun 22, 2024 5:00 PM;3,836.25;2,037.00;1,451.75;12,475.00;24,760.50;97.50;-;3,399.75;650.75;2,296.00;288.50;1,570.25
Jun 22, 2024 5:00 PM;Jun 22, 2024 6:00 PM;3,968.50;1,982.50;1,722.25;11,643.50;18,766.25;98.25;-;3,586.00;644.50;2,468.25;332.50;1,541.00
Jun 22, 2024 6:00 PM;Jun 22, 2024 7:00 PM;4,176.25;2,059.00;2,205.75;11,250.25;12,277.25;99.75;-;4,512.50;640.25;2,730.50;746.50;1,525.75
Jun 22, 2024 7:00 PM;Jun 22, 2024 8:00 PM;4,366.25;2,365.75;2,364.25;9,618.75;6,084.50;100.50;-;5,964.00;629.25;3,638.75;2,526.75;1,508.25
Jun 22, 2024 8:00 PM;Jun 22, 2024 9:00 PM;4,443.50;2,535.00;2,234.25;7,727.00;2,029.75;102.00;-;6,593.00;652.50;4,430.50;4,319.75;1,493.50
Jun 22, 2024 9:00 PM;Jun 22, 2024 10:00 PM;4,426.25;2,486.00;2,065.25;6,802.75;195.50;102.50;-;6,902.75;644.00;4,397.00;4,791.75;1,489.25
Jun 22, 2024 10:00 PM;Jun 22, 2024 11:00 PM;4,339.00;2,431.00;2,182.00;6,170.00;6.75;103.00;-;6,608.00;638.25;4,450.00;5,013.00;1,560.75
Jun 22, 2024 11:00 PM;Jun 23, 2024 12:00 AM;4,196.00;2,303.25;2,275.50;6,133.25;4.75;102.00;-;6,081.75;706.75;4,228.75;3,772.00;1,574.50
Jun 23, 2024 12:00 AM;Jun 23, 2024 1:00 AM;4,054.00;2,254.25;2,381.50;5,812.75;5.00;101.00;-;5,770.25;675.00;3,602.00;2,116.50;1,671.00
Jun 23, 2024 1:00 AM;Jun 23, 2024 2:00 AM;3,964.00;2,203.50;2,436.75;5,641.50;4.50;101.00;-;5,190.75;646.00;3,031.75;1,348.25;1,587.00
Jun 23, 2024 2:00 AM;Jun 23, 2024 3:00 AM;3,911.50;2,097.50;2,312.50;6,302.50;4.00;101.00;-;4,640.50;645.75;2,828.00;514.50;1,563.25
Jun 23, 2024 3:00 AM;Jun 23, 2024 4:00 AM;3,891.00;2,134.25;2,028.75;6,734.25;4.25;101.00;-;4,133.75;657.25;2,797.50;485.75;1,567.50
Jun 23, 2024 4:00 AM;Jun 23, 2024 5:00 AM;3,891.00;2,113.00;1,796.50;6,662.50;11.25;101.75;-;3,548.75;657.75;2,799.25;368.00;1,557.25
Jun 23, 2024 5:00 AM;Jun 23, 2024 6:00 AM;3,948.50;2,067.75;1,718.00;6,006.00;470.75;102.00;-;3,584.50;664.25;2,743.75;283.75;1,479.50
Jun 23, 2024 6:00 AM;Jun 23, 2024 7:00 AM;4,024.00;2,055.00;1,603.50;4,925.00;2,949.00;103.25;-;3,568.25;810.75;2,766.00;104.00;1,469.50
Jun 23, 2024 7:00 AM;Jun 23, 2024 8:00 AM;4,027.50;2,089.00;1,383.00;3,245.75;8,560.00;102.25;-;3,547.25;879.75;2,796.25;643.25;1,493.25
Jun 23, 2024 8:00 AM;Jun 23, 2024 9:00 AM;3,896.25;2,037.50;1,117.25;3,016.75;15,955.50;102.50;-;3,534.75;961.50;2,736.00;234.50;1,575.25
Jun 23, 2024 9:00 AM;Jun 23, 2024 10:00 AM;3,815.25;2,109.00;613.00;3,538.50;23,115.00;102.25;-;3,543.75;1,177.50;2,726.00;285.50;1,584.75
Jun 23, 2024 10:00 AM;Jun 23, 2024 11:00 AM;3,771.50;2,051.00;439.00;3,717.50;28,647.50;101.00;-;3,618.00;1,368.50;2,717.25;140.00;1,554.00
Jun 23, 2024 11:00 AM;Jun 23, 2024 12:00 PM;3,708.00;2,048.50;220.50;3,741.50;31,907.50;102.00;-;3,673.25;1,442.50;2,626.50;39.50;1,527.75
Jun 23, 2024 12:00 PM;Jun 23, 2024 1:00 PM;3,653.25;2,125.25;225.75;4,291.50;34,024.00;101.25;-;3,897.75;1,310.75;2,758.50;20.50;1,558.00
Jun 23, 2024 1:00 PM;Jun 23, 2024 2:00 PM;3,645.75;2,126.25;254.50;4,922.00;34,571.00;100.75;-;3,903.50;1,170.75;2,652.00;27.75;1,541.50
Jun 23, 2024 2:00 PM;Jun 23, 2024 3:00 PM;3,639.00;2,157.50;217.00;4,940.25;33,230.25;99.00;-;3,663.25;1,297.00;2,651.25;46.25;1,513.75
Jun 23, 2024 3:00 PM;Jun 23, 2024 4:00 PM;3,650.75;2,173.25;238.25;5,162.50;30,114.75;97.50;-;3,582.50;1,286.75;2,582.00;32.50;1,489.00
Jun 23, 2024 4:00 PM;Jun 23, 2024 5:00 PM;3,713.00;2,141.25;390.25;5,667.75;25,907.25;96.00;-;3,686.00;1,071.75;2,648.00;79.50;1,505.50
Jun 23, 2024 5:00 PM;Jun 23, 2024 6:00 PM;3,812.50;2,225.00;718.75;5,293.25;19,945.00;96.00;-;4,647.50;908.00;2,659.00;235.25;1,535.00
Jun 23, 2024 6:00 PM;Jun 23, 2024 7:00 PM;4,038.75;2,455.25;841.75;4,504.75;12,877.25;96.50;-;6,217.75;1,112.25;2,894.50;766.75;1,524.25
Jun 23, 2024 7:00 PM;Jun 23, 2024 8:00 PM;4,223.00;2,514.75;622.75;3,321.25;6,479.00;96.25;-;8,162.50;1,297.00;3,961.75;2,460.25;1,596.00
Jun 23, 2024 8:00 PM;Jun 23, 2024 9:00 PM;4,352.50;2,678.75;429.50;2,344.00;2,090.75;96.25;-;8,881.00;1,411.50;4,867.25;4,171.00;1,673.25
Jun 23, 2024 9:00 PM;Jun 23, 2024 10:00 PM;4,343.00;2,747.75;281.00;2,327.75;200.50;97.25;-;9,541.75;1,479.25;5,112.25;4,596.50;1,678.75
Jun 23, 2024 10:00 PM;Jun 23, 2024 11:00 PM;4,290.00;2,725.75;221.00;2,459.50;5.25;96.25;-;9,739.25;1,391.75;5,566.50;3,959.25;1,764.25
Jun 23, 2024 11:00 PM;Jun 24, 2024 12:00 AM;4,146.75;2,638.25;192.50;2,740.00;4.50;95.75;-;9,730.75;1,373.50;5,712.75;2,647.50;1,731.75
Jun 24, 2024 12:00 AM;Jun 24, 2024 1:00 AM;3,956.75;2,643.50;173.00;2,685.25;5.25;98.25;-;9,735.50;1,409.00;5,514.00;2,009.50;1,740.50
Jun 24, 2024 1:00 AM;Jun 24, 2024 2:00 AM;3,836.75;2,520.50;121.50;2,597.25;5.00;98.00;-;9,745.50;1,413.50;5,317.00;776.00;1,756.00
Jun 24, 2024 2:00 AM;Jun 24, 2024 3:00 AM;3,803.25;2,422.75;103.00;2,664.00;5.00;99.00;-;9,701.00;1,411.25;5,193.25;217.75;1,764.25
Jun 24, 2024 3:00 AM;Jun 24, 2024 4:00 AM;3,802.50;2,520.00;124.75;2,714.75;5.00;99.00;-;9,435.50;1,405.25;5,255.75;372.25;1,777.00
Jun 24, 2024 4:00 AM;Jun 24, 2024 5:00 AM;3,903.25;2,633.50;152.50;2,633.50;12.75;98.25;-;8,713.00;1,457.00;5,576.00;600.75;1,763.00
Jun 24, 2024 5:00 AM;Jun 24, 2024 6:00 AM;4,021.50;2,583.25;178.00;2,547.75;583.50;98.00;-;8,823.25;1,581.50;6,194.00;1,249.75;1,691.50
Jun 24, 2024 6:00 AM;Jun 24, 2024 7:00 AM;4,290.50;2,573.50;156.00;2,310.00;3,735.50;96.50;-;8,831.00;1,626.75;6,668.50;3,690.25;1,664.75
Jun 24, 2024 7:00 AM;Jun 24, 2024 8:00 AM;4,324.75;2,470.75;68.75;1,498.50;11,100.25;94.75;-;8,758.50;1,690.75;6,578.00;3,601.00;1,676.25
Jun 24, 2024 8:00 AM;Jun 24, 2024 9:00 AM;4,238.00;2,630.75;18.00;867.75;20,858.75;96.75;-;8,298.00;1,554.50;5,315.75;2,385.00;1,707.00
Jun 24, 2024 9:00 AM;Jun 24, 2024 10:00 AM;4,002.00;2,512.00;10.00;785.25;30,608.50;94.75;-;7,127.50;1,209.75;3,526.50;855.50;1,699.50
Jun 24, 2024 10:00 AM;Jun 24, 2024 11:00 AM;3,791.50;2,296.75;11.00;1,069.50;37,602.50;95.25;-;4,902.50;1,138.25;2,822.75;96.75;1,708.75
Jun 24, 2024 11:00 AM;Jun 24, 2024 12:00 PM;3,714.25;2,322.25;14.75;1,369.00;40,828.00;95.00;-;4,456.25;1,127.75;2,775.00;171.50;1,717.00
Jun 24, 2024 12:00 PM;Jun 24, 2024 1:00 PM;3,656.75;2,315.75;25.25;1,384.00;41,762.00;92.75;-;4,405.00;1,049.25;2,767.75;133.50;1,727.00
Jun 24, 2024 1:00 PM;Jun 24, 2024 2:00 PM;3,638.25;2,300.75;29.50;1,301.00;41,243.00;92.50;-;4,622.00;1,057.25;2,740.25;66.25;1,746.75
Jun 24, 2024 2:00 PM;Jun 24, 2024 3:00 PM;3,666.00;2,229.25;26.00;1,319.75;40,390.25;94.50;-;4,865.50;1,010.75;2,739.00;47.50;1,729.25
Jun 24, 2024 3:00 PM;Jun 24, 2024 4:00 PM;3,689.00;2,288.00;24.00;1,365.50;37,629.50;95.00;-;5,079.00;1,162.75;2,739.00;84.75;1,741.00
Jun 24, 2024 4:00 PM;Jun 24, 2024 5:00 PM;3,796.00;2,382.50;25.25;1,442.00;33,326.75;93.50;-;5,665.75;1,638.75;3,019.50;75.50;1,726.00
Jun 24, 2024 5:00 PM;Jun 24, 2024 6:00 PM;3,996.00;2,464.50;10.00;1,562.00;26,185.50;96.00;-;8,287.50;2,133.50;4,578.25;264.00;1,734.50
Jun 24, 2024 6:00 PM;Jun 24, 2024 7:00 PM;4,185.25;2,578.50;10.75;1,719.75;16,801.75;96.00;-;10,225.75;2,882.50;7,216.25;1,815.75;1,743.75
Jun 24, 2024 7:00 PM;Jun 24, 2024 8:00 PM;4,368.00;2,787.25;25.75;2,137.75;7,774.25;96.00;-;10,873.75;3,307.25;8,624.50;3,993.00;1,735.75
Jun 24, 2024 8:00 PM;Jun 24, 2024 9:00 PM;4,449.75;2,971.00;50.25;2,867.50;2,375.50;96.50;-;10,843.50;3,337.75;8,817.75;5,718.50;1,718.50
Jun 24, 2024 9:00 PM;Jun 24, 2024 10:00 PM;4,405.25;2,933.00;79.75;4,524.25;230.25;97.50;-;10,516.75;3,327.50;8,957.50;5,808.50;1,726.50
Jun 24, 2024 10:00 PM;Jun 24, 2024 11:00 PM;4,249.25;2,770.00;82.25;6,304.00;6.25;98.00;-;10,475.50;3,233.50;8,723.00;3,112.75;1,684.00
Jun 24, 2024 11:00 PM;Jun 25, 2024 12:00 AM;4,039.75;2,676.25;90.75;8,173.00;4.25;98.00;-;10,397.50;2,695.00;7,972.50;1,812.50;1,678.00
Jun 25, 2024 12:00 AM;Jun 25, 2024 1:00 AM;3,842.00;2,550.00;87.75;8,907.50;4.00;99.25;-;10,191.50;1,914.75;7,024.75;199.50;1,617.75
Jun 25, 2024 1:00 AM;Jun 25, 2024 2:00 AM;3,770.50;2,612.75;104.75;8,849.25;3.00;99.25;-;10,071.50;1,622.25;6,467.00;217.75;1,666.50
Jun 25, 2024 2:00 AM;Jun 25, 2024 3:00 AM;3,758.75;2,564.25;116.75;8,392.00;3.00;100.25;-;10,301.25;1,546.50;6,527.25;164.25;1,632.75
Jun 25, 2024 3:00 AM;Jun 25, 2024 4:00 AM;3,762.75;2,529.00;167.50;7,663.00;3.00;101.00;-;10,383.25;1,575.50;6,620.50;95.00;1,638.25
Jun 25, 2024 4:00 AM;Jun 25, 2024 5:00 AM;3,839.75;2,608.50;251.50;6,698.50;12.00;101.00;-;10,412.25;1,920.00;6,736.75;90.75;1,661.00
Jun 25, 2024 5:00 AM;Jun 25, 2024 6:00 AM;3,986.50;2,733.00;227.00;6,163.75;591.75;101.75;-;10,500.25;2,285.50;7,086.25;523.50;1,644.50
Jun 25, 2024 6:00 AM;Jun 25, 2024 7:00 AM;4,245.00;2,648.00;217.50;5,350.00;3,743.25;101.75;-;10,469.50;2,531.50;7,910.00;3,012.75;1,648.25
Jun 25, 2024 7:00 AM;Jun 25, 2024 8:00 AM;4,305.25;2,660.75;164.25;3,435.50;11,381.25;96.25;-;10,450.75;2,669.75;7,943.75;3,777.75;1,681.00
Jun 25, 2024 8:00 AM;Jun 25, 2024 9:00 AM;4,213.50;2,702.25;111.75;1,603.00;21,920.25;97.50;-;10,136.75;2,278.50;7,070.75;1,768.00;1,670.75
Jun 25, 2024 9:00 AM;Jun 25, 2024 10:00 AM;3,939.25;2,411.75;147.00;1,556.50;32,185.50;98.50;-;7,564.00;1,950.25;4,046.00;461.50;1,651.00
Jun 25, 2024 10:00 AM;Jun 25, 2024 11:00 AM;3,758.25;2,353.00;126.50;2,557.75;39,804.00;97.50;-;5,149.00;1,937.00;2,888.50;372.50;1,628.25
Jun 25, 2024 11:00 AM;Jun 25, 2024 12:00 PM;3,649.00;2,173.50;129.25;3,712.00;44,146.00;95.00;-;4,726.00;1,820.75;2,748.00;114.50;1,631.50
Jun 25, 2024 12:00 PM;Jun 25, 2024 1:00 PM;3,578.50;2,199.75;194.50;4,493.25;46,458.50;90.75;-;4,656.25;1,733.50;2,669.75;108.25;1,615.00
Jun 25, 2024 1:00 PM;Jun 25, 2024 2:00 PM;3,556.00;2,176.75;311.50;4,809.25;46,814.75;88.50;-;4,674.50;1,893.00;2,605.75;103.25;1,617.75
Jun 25, 2024 2:00 PM;Jun 25, 2024 3:00 PM;3,541.75;2,186.75;435.75;5,177.75;45,263.75;87.00;-;4,670.00;1,778.50;2,562.75;84.00;1,612.25
Jun 25, 2024 3:00 PM;Jun 25, 2024 4:00 PM;3,577.75;2,146.00;665.75;5,328.25;41,298.00;87.75;-;4,985.25;1,726.00;2,600.25;118.50;1,576.25
Jun 25, 2024 4:00 PM;Jun 25, 2024 5:00 PM;3,659.25;2,399.00;859.50;5,987.50;35,480.25;88.25;-;5,387.75;1,686.50;2,609.25;138.00;1,616.00
Jun 25, 2024 5:00 PM;Jun 25, 2024 6:00 PM;3,775.75;2,420.50;956.25;7,157.50;27,175.75;88.00;-;6,012.50;1,838.00;3,161.50;242.00;1,597.50
Jun 25, 2024 6:00 PM;Jun 25, 2024 7:00 PM;4,007.75;2,481.50;1,035.75;7,713.00;17,116.00;91.25;-;8,599.00;2,113.50;5,224.25;1,283.75;1,575.00
Jun 25, 2024 7:00 PM;Jun 25, 2024 8:00 PM;4,226.00;2,808.00;1,298.75;7,962.50;7,700.50;91.50;-;10,303.00;2,279.50;7,220.50;3,774.00;1,577.25
Jun 25, 2024 8:00 PM;Jun 25, 2024 9:00 PM;4,324.50;3,031.75;1,361.75;7,865.50;2,349.25;92.25;-;10,479.25;2,515.00;7,531.75;6,136.75;1,439.25
Jun 25, 2024 9:00 PM;Jun 25, 2024 10:00 PM;4,334.25;2,794.50;1,572.50;9,656.00;216.75;93.00;-;10,401.25;2,526.50;7,728.00;4,718.25;1,457.25
Jun 25, 2024 10:00 PM;Jun 25, 2024 11:00 PM;4,161.00;2,758.75;1,787.75;11,501.50;6.00;94.75;-;9,897.25;2,463.50;7,478.00;3,809.50;1,506.50
Jun 25, 2024 11:00 PM;Jun 26, 2024 12:00 AM;3,981.25;2,665.25;1,845.00;12,309.75;7.00;95.75;-;10,025.75;2,258.25;6,123.00;2,995.75;1,514.50
Jun 26, 2024 12:00 AM;Jun 26, 2024 1:00 AM;3,836.00;2,345.00;1,616.75;11,699.75;5.25;95.00;-;10,043.50;2,119.00;5,550.50;493.75;1,526.00
Jun 26, 2024 1:00 AM;Jun 26, 2024 2:00 AM;3,794.00;2,274.50;1,507.50;10,306.75;3.75;95.50;-;10,425.25;2,218.25;5,424.75;232.50;1,534.75
Jun 26, 2024 2:00 AM;Jun 26, 2024 3:00 AM;3,733.00;2,370.50;1,110.50;8,762.50;3.00;97.25;-;10,704.50;1,997.75;4,902.25;143.75;1,511.75
Jun 26, 2024 3:00 AM;Jun 26, 2024 4:00 AM;3,741.00;2,494.50;677.25;7,676.75;3.00;97.00;-;10,878.50;2,194.00;5,118.50;349.00;1,518.25
Jun 26, 2024 4:00 AM;Jun 26, 2024 5:00 AM;3,804.75;2,520.25;499.75;7,004.25;10.50;97.75;-;10,990.75;2,258.50;5,317.25;338.50;1,532.00
Jun 26, 2024 5:00 AM;Jun 26, 2024 6:00 AM;3,925.00;2,698.00;448.75;7,286.25;564.50;98.50;-;11,206.25;2,298.50;6,240.25;573.75;1,536.25
Jun 26, 2024 6:00 AM;Jun 26, 2024 7:00 AM;4,209.25;2,724.75;559.25;6,759.25;3,574.50;99.25;-;11,315.75;2,351.50;7,220.50;2,752.50;1,523.25
Jun 26, 2024 7:00 AM;Jun 26, 2024 8:00 AM;4,301.25;2,715.25;629.00;3,909.00;10,604.50;102.00;-;11,286.25;2,411.75;7,266.25;4,270.50;1,546.00
Jun 26, 2024 8:00 AM;Jun 26, 2024 9:00 AM;4,169.75;2,616.25;536.50;1,503.50;20,271.50;98.50;-;11,080.25;2,366.25;6,453.25;1,962.50;1,546.75
Jun 26, 2024 9:00 AM;Jun 26, 2024 10:00 AM;3,912.50;2,426.25;482.00;1,353.75;30,108.00;96.50;-;9,728.75;1,725.25;4,336.75;361.50;1,543.00
Jun 26, 2024 10:00 AM;Jun 26, 2024 11:00 AM;3,732.75;2,283.25;412.00;2,394.50;37,356.50;95.75;-;7,140.50;1,364.00;3,179.00;206.00;1,567.75
Jun 26, 2024 11:00 AM;Jun 26, 2024 12:00 PM;3,658.50;2,163.25;421.25;3,317.50;41,445.50;93.25;-;5,789.25;1,384.25;3,082.00;89.50;1,584.50
Jun 26, 2024 12:00 PM;Jun 26, 2024 1:00 PM;3,585.50;2,161.25;470.50;3,671.25;42,883.25;91.50;-;5,677.50;1,294.25;3,067.00;91.50;1,592.00
Jun 26, 2024 1:00 PM;Jun 26, 2024 2:00 PM;3,548.75;2,232.25;558.00;3,523.00;42,379.75;91.00;-;5,636.25;1,224.50;3,023.75;63.25;1,591.50
Jun 26, 2024 2:00 PM;Jun 26, 2024 3:00 PM;3,568.75;2,291.25;552.25;3,342.50;39,866.25;89.75;-;5,845.25;1,193.00;2,934.50;215.75;1,586.50
Jun 26, 2024 3:00 PM;Jun 26, 2024 4:00 PM;3,604.25;2,218.50;559.50;3,156.50;35,026.50;92.75;-;7,832.25;1,280.75;3,418.25;164.75;1,609.00
Jun 26, 2024 4:00 PM;Jun 26, 2024 5:00 PM;3,660.25;2,179.00;633.75;3,239.25;28,556.75;95.00;-;8,433.50;1,618.75;3,727.25;98.00;1,657.25
Jun 26, 2024 5:00 PM;Jun 26, 2024 6:00 PM;3,792.25;2,309.50;725.50;3,919.25;21,010.00;94.75;-;10,635.50;2,288.25;5,513.50;324.75;1,657.75
Jun 26, 2024 6:00 PM;Jun 26, 2024 7:00 PM;4,053.00;2,501.50;926.00;4,925.00;12,790.00;93.75;-;10,708.75;3,085.00;8,549.50;2,063.75;1,656.75
Jun 26, 2024 7:00 PM;Jun 26, 2024 8:00 PM;4,286.25;2,846.25;1,261.50;4,929.75;5,946.00;90.50;-;10,378.25;3,423.75;9,484.75;4,697.25;1,697.00
Jun 26, 2024 8:00 PM;Jun 26, 2024 9:00 PM;4,361.00;2,875.25;1,555.75;4,971.50;2,009.50;90.00;-;10,373.00;3,453.50;9,927.50;5,588.50;1,704.75
Jun 26, 2024 9:00 PM;Jun 26, 2024 10:00 PM;4,326.25;2,824.50;1,782.75;6,083.25;254.25;92.00;-;10,385.75;3,323.00;9,787.50;4,879.75;1,663.00
Jun 26, 2024 10:00 PM;Jun 26, 2024 11:00 PM;4,175.00;2,855.50;1,990.00;7,280.25;10.50;90.50;-;10,459.50;3,199.75;9,179.25;3,162.50;1,649.75
Jun 26, 2024 11:00 PM;Jun 27, 2024 12:00 AM;4,033.25;2,739.25;2,022.50;7,597.25;7.25;92.00;-;10,671.00;3,046.00;8,016.25;1,919.75;1,668.00
Jun 27, 2024 12:00 AM;Jun 27, 2024 1:00 AM;3,849.25;2,606.00;2,276.00;7,361.75;3.00;92.25;-;10,654.00;2,785.50;6,761.25;411.75;1,708.50
Jun 27, 2024 1:00 AM;Jun 27, 2024 2:00 AM;3,754.75;2,675.75;2,381.75;6,569.50;3.00;92.75;-;10,835.00;2,501.00;6,396.50;238.50;1,709.75
Jun 27, 2024 2:00 AM;Jun 27, 2024 3:00 AM;3,720.00;2,773.75;2,071.25;5,867.75;3.00;93.25;-;10,794.00;2,323.75;6,188.50;117.75;1,714.50
Jun 27, 2024 3:00 AM;Jun 27, 2024 4:00 AM;3,723.25;2,791.00;1,494.75;5,287.50;3.25;93.50;-;10,821.25;2,353.00;6,265.25;187.50;1,674.75
Jun 27, 2024 4:00 AM;Jun 27, 2024 5:00 AM;3,770.75;2,632.75;1,015.00;4,834.25;12.00;92.50;-;10,963.75;2,219.25;6,123.75;116.50;1,596.50
Jun 27, 2024 5:00 AM;Jun 27, 2024 6:00 AM;3,861.75;2,687.25;859.50;4,485.00;500.00;93.75;-;11,114.25;2,611.75;6,298.75;503.50;1,580.25
Jun 27, 2024 6:00 AM;Jun 27, 2024 7:00 AM;4,164.75;2,710.50;778.00;4,117.00;2,982.75;93.00;-;11,115.25;3,041.25;6,862.50;2,524.00;1,539.00
Jun 27, 2024 7:00 AM;Jun 27, 2024 8:00 AM;4,271.00;2,680.00;958.75;2,981.75;8,229.25;89.75;-;11,143.75;3,303.50;7,042.25;4,283.00;1,546.75
Jun 27, 2024 8:00 AM;Jun 27, 2024 9:00 AM;4,162.75;2,440.00;896.25;1,874.00;16,347.75;90.50;-;11,081.75;3,224.00;6,479.50;2,254.50;1,573.50
Jun 27, 2024 9:00 AM;Jun 27, 2024 10:00 AM;3,900.50;2,475.75;749.50;1,123.50;25,079.50;89.75;-;9,821.00;2,571.00;4,280.25;1,206.75;1,530.50
Jun 27, 2024 10:00 AM;Jun 27, 2024 11:00 AM;3,709.25;2,304.00;631.75;1,291.25;32,115.00;90.25;-;8,161.25;1,557.25;3,513.00;366.00;1,548.00
Jun 27, 2024 11:00 AM;Jun 27, 2024 12:00 PM;3,599.75;2,212.00;863.75;1,839.75;36,277.75;90.25;-;5,987.75;1,339.00;3,340.50;218.00;1,547.25
Jun 27, 2024 12:00 PM;Jun 27, 2024 1:00 PM;3,524.75;2,159.25;1,000.50;2,821.25;37,221.50;89.50;-;5,606.25;1,215.25;3,296.50;72.00;1,522.75
Jun 27, 2024 1:00 PM;Jun 27, 2024 2:00 PM;3,478.00;2,115.25;1,285.25;4,315.00;35,700.75;89.75;-;5,441.00;1,189.25;3,419.50;80.25;1,521.25
Jun 27, 2024 2:00 PM;Jun 27, 2024 3:00 PM;3,475.25;2,057.75;1,600.75;5,835.00;33,141.75;90.75;-;5,542.00;1,120.50;3,488.00;68.50;1,523.75
Jun 27, 2024 3:00 PM;Jun 27, 2024 4:00 PM;3,497.25;2,057.25;1,752.00;7,531.50;28,876.00;89.25;-;5,636.75;958.00;3,591.00;144.75;1,551.00
Jun 27, 2024 4:00 PM;Jun 27, 2024 5:00 PM;3,589.75;2,280.50;2,712.75;7,208.50;24,395.00;90.00;-;5,905.75;965.25;3,742.25;294.50;1,607.25
Jun 27, 2024 5:00 PM;Jun 27, 2024 6:00 PM;3,709.25;2,507.00;2,904.00;6,903.00;18,530.00;90.00;-;7,607.25;1,344.75;4,358.25;852.25;1,579.00
Jun 27, 2024 6:00 PM;Jun 27, 2024 7:00 PM;3,955.75;2,594.00;2,424.75;5,736.00;11,701.25;91.00;-;10,346.25;2,100.00;6,206.25;1,644.50;1,589.00
Jun 27, 2024 7:00 PM;Jun 27, 2024 8:00 PM;4,197.25;2,854.75;2,205.00;3,200.50;5,753.50;91.25;-;11,218.00;2,836.25;7,632.25;3,892.75;1,578.00
Jun 27, 2024 8:00 PM;Jun 27, 2024 9:00 PM;4,290.50;2,839.25;1,649.25;2,926.50;1,933.50;92.25;-;11,337.00;2,944.25;7,933.75;5,353.00;1,601.25
Jun 27, 2024 9:00 PM;Jun 27, 2024 10:00 PM;4,247.50;2,872.25;953.00;2,539.75;220.75;93.00;-;11,396.00;3,000.50;7,936.00;5,007.25;1,594.25
Jun 27, 2024 10:00 PM;Jun 27, 2024 11:00 PM;4,118.25;2,812.50;337.75;3,019.50;15.75;94.75;-;11,366.25;2,898.75;7,914.75;4,488.50;1,614.75
Jun 27, 2024 11:00 PM;Jun 28, 2024 12:00 AM;3,909.50;2,712.50;652.25;4,280.25;6.25;96.50;-;10,733.75;2,793.00;7,183.50;1,431.00;1,613.00
Jun 28, 2024 12:00 AM;Jun 28, 2024 1:00 AM;3,803.75;2,668.25;739.00;5,011.75;4.50;98.00;-;10,563.75;2,252.25;6,980.25;1,290.75;1,642.25
Jun 28, 2024 1:00 AM;Jun 28, 2024 2:00 AM;3,727.25;2,539.25;789.50;6,289.25;3.25;95.25;-;10,570.25;1,650.00;5,674.25;617.50;1,616.25
Jun 28, 2024 2:00 AM;Jun 28, 2024 3:00 AM;3,666.25;2,636.00;713.75;7,320.50;3.00;98.25;-;10,553.25;1,649.25;4,493.50;322.75;1,577.50
Jun 28, 2024 3:00 AM;Jun 28, 2024 4:00 AM;3,650.50;2,603.25;674.50;8,033.50;3.00;98.00;-;10,558.50;1,503.25;4,597.00;186.75;1,586.00
Jun 28, 2024 4:00 AM;Jun 28, 2024 5:00 AM;3,728.50;2,463.75;753.25;8,790.75;10.00;99.00;-;10,604.50;1,558.25;4,296.50;139.00;1,558.25
Jun 28, 2024 5:00 AM;Jun 28, 2024 6:00 AM;3,852.25;2,435.75;1,305.50;9,198.00;516.25;100.00;-;10,997.00;1,538.00;4,417.25;401.75;1,581.75
Jun 28, 2024 6:00 AM;Jun 28, 2024 7:00 AM;4,093.00;2,789.25;1,620.75;9,319.50;3,266.00;99.50;-;11,197.25;1,778.25;4,663.75;2,669.50;1,603.75
Jun 28, 2024 7:00 AM;Jun 28, 2024 8:00 AM;4,159.50;2,717.50;1,816.25;9,124.50;9,017.50;97.50;-;11,027.50;1,751.25;4,679.50;2,624.50;1,581.25
Jun 28, 2024 8:00 AM;Jun 28, 2024 9:00 AM;4,031.75;2,420.25;2,395.75;9,165.50;16,973.75;96.50;-;8,777.25;1,161.00;3,740.25;1,146.00;1,590.25
Jun 28, 2024 9:00 AM;Jun 28, 2024 10:00 AM;3,825.00;2,459.25;2,955.75;9,770.00;25,453.75;95.25;-;4,676.50;653.50;2,722.00;463.50;1,601.75
Jun 28, 2024 10:00 AM;Jun 28, 2024 11:00 AM;3,683.25;2,306.50;3,296.50;11,446.00;32,759.25;94.25;-;3,181.50;608.75;2,338.50;304.00;1,585.25
Jun 28, 2024 11:00 AM;Jun 28, 2024 12:00 PM;3,606.75;2,348.50;4,017.00;13,335.25;36,289.25;93.75;-;3,164.50;598.75;2,317.00;136.50;1,582.50
Jun 28, 2024 12:00 PM;Jun 28, 2024 1:00 PM;3,523.00;2,263.75;4,660.75;14,959.50;36,730.25;94.50;-;3,130.25;595.25;2,289.00;129.50;1,538.00
Jun 28, 2024 1:00 PM;Jun 28, 2024 2:00 PM;3,481.50;2,213.25;5,389.50;16,178.00;36,662.00;93.00;-;3,192.50;590.50;2,217.25;61.00;1,548.25
Jun 28, 2024 2:00 PM;Jun 28, 2024 3:00 PM;3,482.50;2,199.75;5,427.75;15,419.25;36,204.25;90.75;-;3,423.75;585.75;2,241.25;51.25;1,500.50
Jun 28, 2024 3:00 PM;Jun 28, 2024 4:00 PM;3,532.25;2,177.50;5,301.25;14,491.25;34,445.25;90.25;-;3,467.00;587.00;2,261.25;43.75;1,541.00
Jun 28, 2024 4:00 PM;Jun 28, 2024 5:00 PM;3,593.75;2,210.50;5,368.25;14,654.75;30,104.25;89.75;-;3,803.75;544.25;2,295.50;61.00;1,548.50
Jun 28, 2024 5:00 PM;Jun 28, 2024 6:00 PM;3,714.50;2,273.75;4,715.50;14,761.75;24,576.75;88.75;-;4,150.50;547.75;2,512.50;106.25;1,592.50
Jun 28, 2024 6:00 PM;Jun 28, 2024 7:00 PM;3,959.00;2,467.75;5,111.00;12,372.00;16,043.25;90.25;-;4,814.50;586.75;2,942.50;350.00;1,637.50
Jun 28, 2024 7:00 PM;Jun 28, 2024 8:00 PM;4,198.50;2,620.00;6,283.50;9,165.50;7,579.75;90.75;-;5,495.50;697.50;4,724.50;1,648.00;1,655.75
Jun 28, 2024 8:00 PM;Jun 28, 2024 9:00 PM;4,322.25;2,820.75;5,721.50;6,421.00;2,369.25;91.50;-;5,706.25;747.50;5,755.50;3,862.50;1,641.75
Jun 28, 2024 9:00 PM;Jun 28, 2024 10:00 PM;4,360.00;2,889.50;4,547.50;5,240.25;208.75;93.00;-;5,705.25;790.50;5,998.00;5,657.25;1,618.25
Jun 28, 2024 10:00 PM;Jun 28, 2024 11:00 PM;4,307.00;2,882.50;3,662.50;4,244.00;19.50;92.25;-;5,705.75;784.00;6,042.75;5,379.50;1,643.00
Jun 28, 2024 11:00 PM;Jun 29, 2024 12:00 AM;4,124.25;2,719.25;3,188.75;3,463.25;3.25;91.00;-;5,749.00;754.00;5,991.50;3,865.25;1,653.25
Jun 29, 2024 12:00 AM;Jun 29, 2024 1:00 AM;3,937.50;2,690.00;2,728.00;2,834.75;3.00;91.00;-;5,797.50;773.50;5,645.50;2,480.75;1,668.75
Jun 29, 2024 1:00 AM;Jun 29, 2024 2:00 AM;3,871.25;2,697.75;2,086.00;2,589.50;3.75;91.00;-;5,802.50;775.50;5,649.75;2,029.25;1,644.75
Jun 29, 2024 2:00 AM;Jun 29, 2024 3:00 AM;3,858.25;2,913.75;1,641.50;2,367.75;3.00;92.75;-;5,817.50;822.25;5,502.25;2,217.25;1,680.00
Jun 29, 2024 3:00 AM;Jun 29, 2024 4:00 AM;3,864.00;2,738.50;1,301.75;2,333.25;3.00;92.75;-;5,843.50;822.75;4,946.25;1,450.50;1,662.50
Jun 29, 2024 4:00 AM;Jun 29, 2024 5:00 AM;3,893.25;2,638.50;1,109.50;2,360.50;11.75;93.00;-;5,864.75;823.75;4,912.25;1,013.00;1,654.75
Jun 29, 2024 5:00 AM;Jun 29, 2024 6:00 AM;3,926.50;2,718.25;974.00;2,822.75;577.25;93.25;-;5,884.75;759.25;4,215.25;939.25;1,662.75
Jun 29, 2024 6:00 AM;Jun 29, 2024 7:00 AM;4,000.75;2,488.75;690.75;3,036.50;3,761.25;102.00;-;5,845.75;533.00;3,562.00;791.50;1,682.25
Jun 29, 2024 7:00 AM;Jun 29, 2024 8:00 AM;4,041.75;2,518.00;448.00;2,405.00;10,739.50;114.75;-;5,582.25;482.25;2,485.50;816.50;1,661.75
Jun 29, 2024 8:00 AM;Jun 29, 2024 9:00 AM;3,977.00;2,398.50;611.75;1,578.50;20,309.75;113.25;-;4,346.00;554.75;2,221.75;415.25;1,659.25
Jun 29, 2024 9:00 AM;Jun 29, 2024 10:00 AM;3,880.25;2,282.00;670.75;1,255.00;29,437.75;111.75;-;3,187.25;582.50;2,097.00;72.50;1,651.25
Jun 29, 2024 10:00 AM;Jun 29, 2024 11:00 AM;3,784.50;2,195.00;512.00;1,042.00;36,451.75;110.50;-;3,149.50;572.00;2,097.25;113.25;1,670.75
Jun 29, 2024 11:00 AM;Jun 29, 2024 12:00 PM;3,723.50;2,078.25;310.75;830.75;41,075.50;108.75;-;3,149.50;578.50;2,078.75;35.50;1,695.75
Jun 29, 2024 12:00 PM;Jun 29, 2024 1:00 PM;3,651.25;2,011.50;139.25;640.00;43,426.00;107.00;-;3,155.50;570.50;2,054.00;63.00;1,703.50
Jun 29, 2024 1:00 PM;Jun 29, 2024 2:00 PM;3,596.00;2,000.25;114.50;608.25;43,587.25;105.25;-;3,174.50;575.25;2,059.75;107.25;1,697.00
Jun 29, 2024 2:00 PM;Jun 29, 2024 3:00 PM;3,608.25;2,030.25;57.75;730.75;40,977.50;105.00;-;3,188.00;576.00;2,057.75;165.75;1,696.00
Jun 29, 2024 3:00 PM;Jun 29, 2024 4:00 PM;3,622.25;1,963.50;32.00;952.75;35,885.00;103.50;-;3,221.50;578.00;2,056.00;132.25;1,703.25
Jun 29, 2024 4:00 PM;Jun 29, 2024 5:00 PM;3,701.75;2,138.75;39.25;1,275.50;28,790.00;102.25;-;3,358.75;579.25;2,031.50;194.50;1,668.75
Jun 29, 2024 5:00 PM;Jun 29, 2024 6:00 PM;3,830.25;2,494.00;80.75;1,917.75;20,620.75;104.50;-;5,067.50;575.25;2,466.75;1,117.25;1,646.75
Jun 29, 2024 6:00 PM;Jun 29, 2024 7:00 PM;4,095.75;2,648.75;201.00;2,725.75;12,094.50;105.75;-;5,952.00;602.75;4,365.75;4,054.25;1,658.50
Jun 29, 2024 7:00 PM;Jun 29, 2024 8:00 PM;4,288.50;2,780.50;314.00;4,281.25;5,274.00;107.00;-;6,094.00;665.75;5,425.25;5,666.50;1,691.75
Jun 29, 2024 8:00 PM;Jun 29, 2024 9:00 PM;4,337.00;2,841.00;444.00;7,167.25;1,609.00;107.75;-;6,047.00;665.25;5,366.00;5,616.50;1,700.50
Jun 29, 2024 9:00 PM;Jun 29, 2024 10:00 PM;4,244.50;2,696.50;582.25;10,169.00;129.00;108.00;-;5,871.75;568.00;4,560.25;4,832.75;1,693.50
Jun 29, 2024 10:00 PM;Jun 29, 2024 11:00 PM;4,145.75;2,660.00;975.50;12,274.75;7.25;105.75;-;5,687.25;479.50;4,221.50;4,085.75;1,686.25
Jun 29, 2024 11:00 PM;Jun 30, 2024 12:00 AM;3,990.75;2,597.00;1,460.50;14,553.50;3.25;108.00;-;5,287.25;458.75;3,939.75;2,492.25;1,663.25
Jun 30, 2024 12:00 AM;Jun 30, 2024 1:00 AM;3,877.25;2,231.00;2,106.00;14,317.50;4.00;106.50;-;4,920.50;562.25;3,319.25;1,809.25;1,669.25
Jun 30, 2024 1:00 AM;Jun 30, 2024 2:00 AM;3,828.25;2,147.75;2,116.50;14,494.50;3.50;105.00;-;4,792.00;574.00;2,895.75;594.00;1,672.25
Jun 30, 2024 2:00 AM;Jun 30, 2024 3:00 AM;3,756.00;2,127.25;2,173.25;14,700.25;3.00;104.50;-;3,694.50;564.25;2,829.25;279.50;1,670.00
Jun 30, 2024 3:00 AM;Jun 30, 2024 4:00 AM;3,734.75;2,149.25;2,331.75;13,347.75;3.00;100.75;-;3,300.25;579.75;2,718.25;207.25;1,689.25
Jun 30, 2024 4:00 AM;Jun 30, 2024 5:00 AM;3,739.00;2,148.50;2,499.25;12,644.50;5.50;100.75;-;3,282.75;577.00;2,658.75;174.00;1,693.75
Jun 30, 2024 5:00 AM;Jun 30, 2024 6:00 AM;3,777.50;2,245.75;2,050.50;11,291.25;255.50;106.00;-;3,223.50;572.50;2,600.00;272.25;1,677.50
Jun 30, 2024 6:00 AM;Jun 30, 2024 7:00 AM;3,875.25;2,357.25;2,155.50;8,933.75;1,531.50;106.50;-;3,186.25;579.00;2,614.50;394.50;1,687.00
Jun 30, 2024 7:00 AM;Jun 30, 2024 8:00 AM;3,892.75;2,459.25;3,059.75;7,196.75;3,821.00;107.25;-;3,451.00;577.00;2,611.75;597.25;1,695.00
Jun 30, 2024 8:00 AM;Jun 30, 2024 9:00 AM;3,864.75;2,499.75;2,201.25;7,016.00;7,624.75;108.50;-;3,686.75;663.75;2,644.50;790.00;1,680.50
Jun 30, 2024 9:00 AM;Jun 30, 2024 10:00 AM;3,816.75;2,467.25;2,051.25;8,298.75;11,378.75;108.25;-;3,780.50;918.50;3,206.50;967.50;1,649.00
Jun 30, 2024 10:00 AM;Jun 30, 2024 11:00 AM;3,746.75;2,240.75;2,255.50;9,224.00;14,321.50;110.00;-;3,721.00;1,126.25;3,152.00;95.75;1,631.75
Jun 30, 2024 11:00 AM;Jun 30, 2024 12:00 PM;3,678.25;2,170.25;2,060.00;10,412.00;17,743.00;110.50;-;3,435.25;1,277.50;3,101.75;81.00;1,632.25
Jun 30, 2024 12:00 PM;Jun 30, 2024 1:00 PM;3,635.25;2,144.25;1,463.00;11,015.50;20,370.00;108.50;-;3,203.75;1,373.50;2,873.50;91.75;1,620.50
Jun 30, 2024 1:00 PM;Jun 30, 2024 2:00 PM;3,613.75;2,160.50;1,061.25;11,503.50;21,500.25;104.00;-;3,201.00;1,386.25;2,606.75;38.00;1,643.00
Jun 30, 2024 2:00 PM;Jun 30, 2024 3:00 PM;3,611.50;2,203.25;1,218.25;12,537.25;19,333.75;103.25;-;3,215.25;1,243.00;2,308.00;43.00;1,613.25
Jun 30, 2024 3:00 PM;Jun 30, 2024 4:00 PM;3,564.25;2,150.00;1,123.75;12,929.00;17,452.25;103.75;-;3,183.25;865.25;2,033.25;3.50;1,610.75
Jun 30, 2024 4:00 PM;Jun 30, 2024 5:00 PM;3,599.00;2,274.00;1,119.50;13,868.50;13,625.75;106.00;-;3,748.00;552.00;2,092.75;76.75;1,651.75
Jun 30, 2024 5:00 PM;Jun 30, 2024 6:00 PM;3,714.25;2,461.25;1,565.75;14,094.00;9,245.75;107.00;-;5,373.50;541.75;2,383.75;431.50;1,706.50
Jun 30, 2024 6:00 PM;Jun 30, 2024 7:00 PM;3,887.50;2,510.00;1,779.75;13,027.25;6,406.00;106.50;-;7,039.00;827.50;2,628.25;288.00;1,693.00
Jun 30, 2024 7:00 PM;Jun 30, 2024 8:00 PM;4,017.00;2,400.50;1,574.75;11,593.25;3,352.50;107.25;-;7,976.25;844.50;3,004.50;646.50;1,727.25
Jun 30, 2024 8:00 PM;Jun 30, 2024 9:00 PM;4,179.25;2,752.75;1,448.75;10,118.00;1,110.75;108.00;-;8,468.00;1,063.75;3,446.75;3,211.00;1,667.75
Jun 30, 2024 9:00 PM;Jun 30, 2024 10:00 PM;4,160.50;2,654.00;1,446.50;7,869.00;106.75;108.00;-;8,693.00;1,291.75;3,644.00;2,937.50;1,659.75
Jun 30, 2024 10:00 PM;Jun 30, 2024 11:00 PM;4,078.00;2,764.25;1,364.75;5,926.50;5.25;108.25;-;9,058.75;1,335.75;3,664.00;3,766.50;1,680.00
Jun 30, 2024 11:00 PM;Jul 1, 2024 12:00 AM;3,934.50;2,516.25;1,255.00;4,973.75;3.25;106.75;-;9,161.00;1,277.50;3,290.75;2,080.25;1,684.50
